-- phpMyAdmin SQL Dump
-- version 4.9.2
-- https://www.phpmyadmin.net/
--
-- Host: 127.0.0.1
-- Generation Time: Apr 25, 2021 at 05:37 AM
-- Server version: 10.4.10-MariaDB
-- PHP Version: 7.3.12

SET SQL_MODE = "NO_AUTO_VALUE_ON_ZERO";
SET AUTOCOMMIT = 0;
START TRANSACTION;
SET time_zone = "+00:00";


/*!40101 SET @OLD_CHARACTER_SET_CLIENT=@@CHARACTER_SET_CLIENT */;
/*!40101 SET @OLD_CHARACTER_SET_RESULTS=@@CHARACTER_SET_RESULTS */;
/*!40101 SET @OLD_COLLATION_CONNECTION=@@COLLATION_CONNECTION */;
/*!40101 SET NAMES utf8mb4 */;

--
-- Database: `dairyfarm`
--

-- --------------------------------------------------------

--
-- Table structure for table `authors`
--

CREATE TABLE `authors` (
  `id` int(11) NOT NULL,
  `first_name` varchar(50) COLLATE utf8_unicode_ci NOT NULL,
  `last_name` varchar(50) COLLATE utf8_unicode_ci NOT NULL,
  `email` varchar(100) COLLATE utf8_unicode_ci NOT NULL,
  `birthdate` date NOT NULL,
  `added` timestamp NOT NULL DEFAULT current_timestamp()
) ENGINE=InnoDB DEFAULT CHARSET=utf8 COLLATE=utf8_unicode_ci;

--
-- Dumping data for table `authors`
--

INSERT INTO `authors` (`id`, `first_name`, `last_name`, `email`, `birthdate`, `added`) VALUES
(1, 'Brielle', 'O\'Hara', 'alexandre67@example.com', '1974-05-21', '1999-09-17 13:17:28'),
(2, 'Flavio', 'Lehner', 'mafalda85@example.net', '1971-10-14', '1998-09-08 18:25:06'),
(3, 'Elmira', 'Johns', 'wellington52@example.org', '1983-11-28', '2015-02-07 09:56:43'),
(4, 'Elza', 'Mitchell', 'marisol46@example.org', '1989-03-08', '1992-08-20 18:21:39'),
(5, 'Viva', 'Greenfelder', 'era94@example.com', '1995-04-17', '2017-04-29 23:55:39'),
(6, 'Maxwell', 'VonRueden', 'mcassin@example.net', '1994-07-01', '1996-05-08 17:30:14'),
(7, 'Deontae', 'Becker', 'rory.kub@example.org', '1992-02-19', '2017-07-22 05:49:15'),
(8, 'Sylvester', 'Christiansen', 'erohan@example.org', '1990-09-03', '2004-05-08 02:15:37'),
(9, 'Torrey', 'Strosin', 'adams.luciano@example.net', '1999-10-09', '2009-08-30 15:30:44'),
(10, 'Kelli', 'Smitham', 'daniel.catalina@example.com', '2012-11-07', '1986-01-22 14:52:57'),
(11, 'Abigale', 'Schuppe', 'andreanne.hayes@example.net', '2018-02-18', '1994-05-07 00:26:36'),
(12, 'Letha', 'Gleason', 'eldridge.heaney@example.net', '2009-02-06', '1998-05-24 22:37:54'),
(13, 'Sienna', 'Upton', 'monique57@example.org', '2017-08-17', '2009-08-08 13:08:10'),
(14, 'Harley', 'Gutkowski', 'breilly@example.net', '1987-11-30', '1998-07-31 05:08:01'),
(15, 'Lois', 'Bednar', 'hpouros@example.net', '2002-02-11', '2001-07-26 09:04:16'),
(16, 'Gail', 'McDermott', 'reina.kerluke@example.com', '1987-03-30', '2004-12-15 14:38:29'),
(17, 'Sydney', 'Strosin', 'dweber@example.net', '1985-04-29', '2010-08-07 02:50:35'),
(18, 'Anne', 'Cremin', 'fritz.schmitt@example.com', '1976-02-15', '1980-03-24 23:29:41'),
(19, 'Norberto', 'Bergnaum', 'franecki.javon@example.net', '1971-03-11', '1993-03-20 17:36:25'),
(20, 'Arvid', 'Johns', 'pschultz@example.org', '2016-01-03', '1995-04-30 11:07:15'),
(21, 'Bernita', 'Fay', 'arne96@example.org', '1983-12-26', '1987-02-23 10:55:28'),
(22, 'Gonzalo', 'Gorczany', 'velma.huels@example.com', '1987-10-19', '2016-10-18 13:25:46'),
(23, 'Jackie', 'Klein', 'gretchen.howe@example.com', '1971-01-20', '2010-11-15 20:58:05'),
(24, 'Andrew', 'Kessler', 'collins.faye@example.org', '1984-08-07', '1971-12-15 02:46:42'),
(25, 'Claire', 'Hudson', 'madalyn.wunsch@example.org', '1984-12-19', '1991-07-04 08:35:53'),
(26, 'Prudence', 'Runte', 'koch.laurie@example.net', '2008-12-27', '1985-09-29 22:57:55'),
(27, 'Destinee', 'Romaguera', 'tromp.tiffany@example.com', '1978-11-09', '1997-11-09 13:58:08'),
(28, 'Marianna', 'Harvey', 'clovis.schuppe@example.com', '2013-08-28', '1990-08-06 13:29:19'),
(29, 'Eloy', 'Lakin', 'wmorissette@example.net', '1989-12-08', '1974-03-15 21:21:16'),
(30, 'Rubie', 'McClure', 'haley.louisa@example.net', '1987-09-12', '1998-07-02 04:45:36'),
(31, 'Marisa', 'Stracke', 'zachary76@example.org', '1975-05-28', '1975-03-18 18:57:35'),
(32, 'Jacey', 'Beatty', 'dahlia.hermann@example.org', '1979-12-17', '1971-01-21 10:50:58'),
(33, 'Idella', 'Ruecker', 'elda.reichert@example.com', '2009-09-15', '1996-04-19 16:27:31'),
(34, 'Dimitri', 'Bednar', 'freida.parker@example.org', '1998-12-02', '2008-12-30 17:29:57'),
(35, 'Elfrieda', 'Smitham', 'padberg.rex@example.org', '2018-07-23', '1972-04-01 01:52:25'),
(36, 'Dwight', 'Walter', 'gmosciski@example.org', '2016-08-15', '1994-07-02 05:06:55'),
(37, 'Macie', 'Fay', 'uschuppe@example.net', '1976-01-29', '2005-12-13 12:44:46'),
(38, 'Lori', 'Kshlerin', 'mhansen@example.net', '1983-04-08', '1986-01-18 10:03:52'),
(39, 'Jeffry', 'Paucek', 'alisha35@example.net', '2002-10-02', '2004-03-29 01:06:03'),
(40, 'Yvonne', 'Bernhard', 'jaqueline21@example.net', '2017-11-04', '1986-12-15 17:55:23'),
(41, 'Ludwig', 'Heathcote', 'marcelino.kirlin@example.org', '1981-02-09', '2000-08-02 14:45:48'),
(42, 'Jadyn', 'Wiegand', 'georgianna.swift@example.net', '1982-06-16', '1980-12-05 07:09:37'),
(43, 'Ferne', 'Smitham', 'melany22@example.com', '1996-12-17', '1984-11-18 13:26:27'),
(44, 'Meta', 'Corkery', 'xharber@example.com', '1972-03-31', '2007-01-19 18:07:31'),
(45, 'Toni', 'Wolf', 'wyman.crystal@example.org', '2012-04-15', '1973-06-22 06:14:37'),
(46, 'Zack', 'Luettgen', 'deion.konopelski@example.org', '2003-05-29', '2018-11-18 23:03:21'),
(47, 'Kameron', 'Dietrich', 'ronaldo.torphy@example.com', '1973-05-20', '1974-09-16 14:27:17'),
(48, 'Zetta', 'Lebsack', 'timmothy.vandervort@example.com', '1996-11-04', '2001-03-05 19:33:01'),
(49, 'Benny', 'Hane', 'leone.lueilwitz@example.net', '2008-02-02', '2006-01-27 16:12:39'),
(50, 'Evans', 'Gleason', 'ccummerata@example.org', '1999-09-09', '1990-09-26 11:50:11');

-- --------------------------------------------------------

--
-- Table structure for table `log_status`
--

CREATE TABLE `log_status` (
  `id` int(11) NOT NULL,
  `userId` int(11) NOT NULL,
  `logInOut` int(11) NOT NULL,
  `ipAddress` int(11) NOT NULL,
  `time` timestamp NOT NULL DEFAULT current_timestamp() ON UPDATE current_timestamp()
) ENGINE=InnoDB DEFAULT CHARSET=latin1;

-- --------------------------------------------------------

--
-- Table structure for table `password_recovery`
--

CREATE TABLE `password_recovery` (
  `id` int(11) NOT NULL,
  `userId` int(11) NOT NULL,
  `ipaddress` varchar(250) COLLATE utf8_bin NOT NULL,
  `request_time` varchar(20) COLLATE utf8_bin NOT NULL DEFAULT '0000-00-00 00:00:00',
  `method` varchar(10) COLLATE utf8_bin NOT NULL COMMENT 'phone or email',
  `status` int(11) NOT NULL COMMENT '0 = failed, 1 = mail sent, 2 = sucess'
) ENGINE=InnoDB DEFAULT CHARSET=utf8 COLLATE=utf8_bin COMMENT='password will recover using sms only through verified phone number.' ROW_FORMAT=COMPACT;

--
-- Dumping data for table `password_recovery`
--

INSERT INTO `password_recovery` (`id`, `userId`, `ipaddress`, `request_time`, `method`, `status`) VALUES
(1, 1, '103.222.23.37', '2019-09-02 07:57:33', 'Email', 0),
(2, 1, '103.222.23.37', '2019-09-02 07:58:27', 'Email', 0),
(3, 1, '103.222.23.37', '2019-09-02 08:05:41', 'Email', 1);

-- --------------------------------------------------------

--
-- Table structure for table `tbl_accounts`
--

CREATE TABLE `tbl_accounts` (
  `id` int(11) NOT NULL,
  `invoice_number` varchar(250) COLLATE utf8_bin DEFAULT NULL,
  `project_id` int(11) DEFAULT NULL,
  `date` varchar(10) COLLATE utf8_bin NOT NULL DEFAULT '0000-00-00',
  `account_head_id` int(11) NOT NULL,
  `description` text COLLATE utf8_bin NOT NULL,
  `quantity` int(11) DEFAULT NULL,
  `rate` double DEFAULT NULL,
  `amount` double NOT NULL,
  `status` tinyint(4) NOT NULL DEFAULT 1 COMMENT '1=visible, 0=invisible',
  `insert_by` int(11) NOT NULL,
  `insert_time` timestamp NOT NULL DEFAULT current_timestamp()
) ENGINE=InnoDB DEFAULT CHARSET=utf8 COLLATE=utf8_bin;

--
-- Dumping data for table `tbl_accounts`
--

INSERT INTO `tbl_accounts` (`id`, `invoice_number`, `project_id`, `date`, `account_head_id`, `description`, `quantity`, `rate`, `amount`, `status`, `insert_by`, `insert_time`) VALUES
(134, NULL, 13, '2018-11-13', 60, 'Ps bank', 1, 193900, 193900, 1, 3, '2019-01-22 00:17:16'),
(135, NULL, 13, '2018-11-13', 61, 'anowar', 1, 5000, 5000, 1, 3, '2019-01-17 16:30:32'),
(136, NULL, 13, '2018-11-13', 47, 'Stemate', 1, 130, 130, 1, 3, '2019-01-22 00:16:39'),
(137, NULL, 13, '2018-11-13', 33, 'Patrol Nabi Mistiri', 1, 500, 500, 1, 3, '2019-01-22 00:12:48'),
(138, NULL, 13, '2018-11-13', 43, 'so', 1, 1000, 1000, 1, 3, '2019-01-17 16:09:27'),
(139, NULL, 13, '2018-11-13', 33, 'site cost', 1, 150, 150, 1, 3, '2019-01-17 23:13:59'),
(140, NULL, 13, '2018-11-13', 50, 'Cash In', 1, 150000, 150000, 1, 3, '2019-01-20 13:26:12'),
(141, NULL, 13, '2018-11-13', 12, 'Cash In', 1, 50680, 50680, 1, 3, '2019-01-20 13:25:32'),
(142, NULL, 13, '2018-11-15', 1, 'খোরাকী', 1, 10000, 10000, 1, 3, '2019-01-17 23:18:45'),
(143, NULL, 13, '2018-11-15', 12, 'Cash In', 1, 10000, 10000, 1, 3, '2019-01-17 23:19:45'),
(144, NULL, 13, '2018-11-18', 61, 'Jobaer', 1, 1000, 1000, 1, 3, '2019-01-17 23:23:55'),
(145, NULL, 13, '2018-11-18', 47, 'Stamp-3', 1, 140, 140, 1, 3, '2019-01-17 23:23:55'),
(147, NULL, 13, '2018-11-18', 34, 'm.p', 1, 100, 100, 1, 3, '2019-01-17 23:23:55'),
(148, NULL, 13, '2018-11-18', 33, 'sigaret', 1, 50, 50, 1, 3, '2019-01-17 23:23:55'),
(149, NULL, 13, '2018-11-18', 12, 'Cash In', 1, 16290, 16290, 1, 3, '2019-01-17 23:25:09'),
(150, NULL, 13, '2018-11-21', 37, 'no-1', 1500, 9.2, 13800, 1, 3, '2019-01-17 23:29:39'),
(151, NULL, 13, '2018-11-21', 49, 'no-1', 1500, 1, 1500, 1, 3, '2019-01-17 23:29:39'),
(153, NULL, 13, '2018-11-21', 39, '5/10', 24, 250, 6000, 1, 3, '2019-01-17 23:29:39'),
(154, NULL, 13, '2018-11-21', 12, 'Cash In', 1, 50550, 50550, 1, 3, '2019-01-17 23:30:34'),
(155, NULL, 13, '2018-11-22', 38, 'Addvance', 1, 10000, 10000, 1, 3, '2019-01-17 23:32:46'),
(156, NULL, 13, '2018-11-22', 41, 'Day', 8, 300, 2400, 1, 3, '2019-01-17 23:32:46'),
(158, NULL, 13, '2018-11-22', 12, 'Cash In', 1, 12650, 12650, 1, 3, '2019-01-17 23:33:49'),
(159, NULL, 13, '2018-11-23', 12, 'Cash In', 1, 22350, 22350, 1, 3, '2019-01-17 23:34:46'),
(160, NULL, 13, '2018-11-23', 37, 'no-2', 1500, 7.5, 11250, 1, 3, '2019-01-17 23:37:46'),
(161, NULL, 13, '2018-11-23', 49, 'no-2', 1500, 1, 1500, 1, 3, '2019-01-17 23:37:46'),
(162, NULL, 13, '2018-11-23', 41, 'day', 12, 300, 3600, 1, 3, '2019-01-17 23:37:46'),
(163, NULL, 13, '2018-11-23', 1, 'খোরাকী', 1, 6000, 6000, 1, 3, '2019-01-17 23:37:46'),
(164, NULL, 13, '2018-11-24', 12, 'Cash In', 1, 7600, 7600, 1, 3, '2019-01-17 23:38:27'),
(165, NULL, 13, '2018-11-24', 1, 'খোরাকী', 1, 4000, 4000, 1, 3, '2019-01-17 23:40:32'),
(166, NULL, 13, '2018-11-24', 41, 'day', 12, 300, 3600, 1, 3, '2019-01-17 23:40:32'),
(167, NULL, 13, '2018-11-25', 12, 'Cash In', 1, 16900, 16900, 1, 3, '2019-01-22 14:47:45'),
(168, NULL, 13, '2018-11-25', 1, 'খোরাকী', 1, 5000, 5000, 1, 3, '2019-01-17 23:43:47'),
(169, NULL, 13, '2018-11-25', 41, 'day', 12, 300, 3600, 1, 3, '2019-01-17 23:43:47'),
(170, NULL, 13, '2018-11-25', 62, 'pk vanga', 1, 500, 500, 1, 3, '2019-01-17 23:43:47'),
(171, NULL, 13, '2018-11-26', 12, 'Cash In', 1, 91777, 91777, 1, 3, '2019-01-21 02:15:30'),
(173, NULL, 13, '2018-11-26', 39, 'lokman', 551, 20, 11020, 1, 3, '2019-01-17 23:52:35'),
(174, NULL, 13, '2018-11-26', 38, 'cash', 1, 10000, 10000, 1, 3, '2019-01-17 23:52:35'),
(175, NULL, 13, '2018-11-26', 34, 'patrol/mobil', 2, 500, 1000, 1, 3, '2019-01-17 23:52:35'),
(177, NULL, 13, '2018-11-30', 12, 'Cash In', 1, 4500, 4500, 1, 3, '2019-01-17 23:54:42'),
(178, NULL, 13, '2018-11-30', 49, '1/2\",5/10\" Ritern', 2, 2250, 4500, 1, 3, '2019-01-17 23:56:17'),
(179, NULL, 13, '2018-12-04', 12, 'Cash In', 1, 11300, 11300, 1, 3, '2019-01-17 23:57:45'),
(180, NULL, 13, '2018-12-04', 54, '4 Man', 1, 1200, 1200, 1, 3, '2019-01-17 23:59:26'),
(181, NULL, 13, '2018-12-04', 61, 'Anowar', 1, 100, 100, 1, 3, '2019-01-17 23:59:26'),
(182, NULL, 13, '2018-12-04', 38, 'Cash In', 1, 10000, 10000, 1, 3, '2019-01-17 23:59:26'),
(187, NULL, 13, '2018-12-07', 44, 'Siddik', 1, 2000, 2000, 1, 3, '2019-01-18 00:03:18'),
(188, NULL, 13, '2018-12-08', 12, 'Cash In', 1, 12000, 12000, 1, 3, '2019-01-18 00:03:58'),
(189, NULL, 13, '2018-12-08', 38, 'Cash ', 1, 10000, 10000, 1, 3, '2019-01-20 04:13:50'),
(190, NULL, 13, '2018-12-08', 41, 'day', 6, 333.34, 2000, 1, 3, '2019-01-18 00:06:32'),
(191, NULL, 13, '2018-12-10', 38, 'Cash In', 1, 15000, 15000, 1, 3, '2019-01-18 00:12:05'),
(192, NULL, 13, '2018-12-10', 39, 'Lokman', 553, 22, 12166, 1, 3, '2019-01-18 00:12:05'),
(193, NULL, 13, '2018-12-10', 39, 'Forhad', 551, 22, 12122, 1, 3, '2019-01-18 00:12:05'),
(196, NULL, 13, '2018-12-10', 12, 'Cash In', 1, 173966, 173966, 1, 3, '2019-01-20 04:14:50'),
(197, NULL, 13, '2018-12-11', 12, 'Lokma', 1, 46300, 46300, 1, 3, '2019-01-18 00:15:18'),
(198, NULL, 13, '2018-12-11', 38, 'Cash ', 1, 40000, 40000, 1, 3, '2019-01-20 04:13:24'),
(199, NULL, 13, '2018-12-11', 41, 'day', 20, 300, 6000, 1, 3, '2019-01-18 00:18:12'),
(200, NULL, 13, '2018-12-11', 33, 'cha/sigaret', 1, 300, 300, 1, 3, '2019-01-18 00:18:12'),
(201, NULL, 13, '2018-12-12', 12, 'Cash In', 1, 5700, 5700, 1, 3, '2019-01-18 00:21:01'),
(202, NULL, 13, '2018-12-12', 1, 'খোরাকী', 1, 5000, 5000, 1, 3, '2019-01-18 00:23:04'),
(203, NULL, 13, '2018-12-12', 34, 'patrol', 1, 500, 500, 1, 3, '2019-01-18 00:23:04'),
(205, NULL, 13, '2018-12-13', 12, 'Cash In', 1, 7060, 7060, 1, 3, '2019-01-18 00:24:09'),
(206, NULL, 13, '2018-12-13', 43, 'Cash In so', 1, 2000, 2000, 1, 3, '2019-01-18 00:30:25'),
(207, NULL, 13, '2018-12-13', 43, 'Cash In w/a', 1, 1000, 1000, 1, 3, '2019-01-18 00:30:25'),
(208, NULL, 13, '2018-12-13', 41, 'day', 12, 300, 3600, 1, 3, '2019-01-18 00:30:25'),
(209, NULL, 13, '2018-12-13', 33, 'office cost', 1, 250, 250, 1, 3, '2019-01-18 00:30:25'),
(210, NULL, 13, '2018-12-13', 34, 'mo.major', 1, 110, 110, 1, 3, '2019-01-18 00:30:25'),
(211, NULL, 13, '2018-12-13', 41, 'day manik', 1, 100, 100, 1, 3, '2019-01-18 00:30:25'),
(212, NULL, 13, '2018-12-14', 12, 'Cash In', 1, 33550, 33550, 1, 3, '2019-01-18 00:32:57'),
(213, NULL, 13, '2018-12-14', 43, 'Cash ue', 1, 15000, 15000, 1, 3, '2019-01-18 00:36:29'),
(214, NULL, 13, '2018-12-14', 1, 'খোরাকী', 1, 8000, 8000, 1, 3, '2019-01-18 00:36:29'),
(215, NULL, 13, '2018-12-14', 47, 'CNG VARA', 1, 450, 450, 1, 3, '2019-01-18 00:36:29'),
(216, NULL, 13, '2018-12-14', 33, 'CHA/SIGARET', 1, 100, 100, 1, 3, '2019-01-18 00:36:29'),
(218, NULL, 13, '2018-12-15', 12, 'Cash In', 1, 100660, 100660, 1, 3, '2019-01-18 00:37:25'),
(220, NULL, 13, '2018-12-15', 1, 'খোরাকী', 1, 8000, 8000, 1, 3, '2019-01-18 00:39:46'),
(221, NULL, 13, '2018-12-15', 33, 'cha/sigaret', 1, 150, 150, 1, 3, '2019-01-18 00:39:46'),
(222, NULL, 13, '2018-12-17', 12, 'Cash In', 1, 9998, 9998, 1, 3, '2019-01-21 20:55:57'),
(223, NULL, 13, '2018-12-17', 1, 'খরাকি/ দিজেল-১৬৪০*৬৫.৭', 1, 107748, 107748, 1, 3, '2019-01-18 00:47:54'),
(224, NULL, 13, '2018-12-17', 49, 'Nabi Toli', 2, 1250, 2500, 1, 3, '2019-01-20 04:18:57'),
(225, NULL, 13, '2018-12-17', 49, 'UE Bitomin-16 p', 16, 93.75, 1500, 1, 3, '2019-01-18 01:58:14'),
(226, NULL, 13, '2018-12-17', 54, 'tak vara', 1, 5000, 5000, 1, 3, '2019-01-18 00:47:54'),
(227, NULL, 13, '2018-12-17', 34, 'cha/sigaret', 1, 250, 250, 1, 3, '2019-01-18 00:47:54'),
(228, NULL, 13, '2018-12-18', 12, 'Cash In', 1, 1011900, 1011900, 1, 3, '2019-01-22 14:27:16'),
(229, NULL, 13, '2018-12-18', 26, 'UAE Bitomin', 85, 9800, 833000, 1, 3, '2019-01-18 00:55:14'),
(230, NULL, 13, '2018-12-18', 56, 'UAE Bitomin', 16, 9500, 152000, 1, 3, '2019-01-18 00:55:14'),
(231, NULL, 13, '2018-12-18', 41, 'Bitomin unlod lebar', 1, 1000, 1000, 1, 3, '2019-01-18 00:55:14'),
(232, NULL, 13, '2018-12-18', 47, 'polithin', 1, 2000, 2000, 1, 3, '2019-01-18 00:55:14'),
(233, NULL, 13, '2018-12-18', 54, 'Cash ', 1, 500, 500, 1, 3, '2019-01-18 00:55:14'),
(235, NULL, 13, '2018-12-18', 1, 'খোরাকী', 1, 15000, 15000, 1, 3, '2019-01-18 00:55:14'),
(236, NULL, 13, '2018-11-22', 33, 'cha/sigaret', 1, 250, 250, 1, 3, '2019-01-18 01:10:46'),
(237, NULL, 13, '2018-12-05', 38, 'Cash ', 1, 10000, 10000, 1, 3, '2019-01-18 01:21:51'),
(238, NULL, 13, '2018-12-05', 61, 'Xen pc workorder', 1, 15000, 15000, 1, 3, '2019-01-18 01:21:51'),
(239, NULL, 13, '2018-12-07', 12, 'Cash In', 1, 2000, 2000, 1, 3, '2019-01-18 01:30:49'),
(240, NULL, 13, '2018-12-05', 12, 'Cash In', 1, 25000, 25000, 1, 3, '2019-01-18 01:33:09'),
(241, NULL, 13, '2018-12-12', 33, 'cha/sigaret', 1, 200, 200, 1, 3, '2019-01-18 01:48:08'),
(243, NULL, 13, '2018-12-14', 38, 'Cash ', 1, 10000, 10000, 1, 3, '2019-01-18 01:53:41'),
(244, NULL, 13, '2018-12-20', 12, 'Cash In', 1, 25850, 25850, 1, 3, '2019-01-21 20:41:18'),
(245, NULL, 13, '2018-12-20', 54, 'Cash ', 1, 2000, 2000, 1, 3, '2019-01-18 02:49:41'),
(246, NULL, 13, '2018-12-20', 33, 'khana', 1, 600, 600, 1, 3, '2019-01-18 02:49:41'),
(247, NULL, 13, '2018-12-20', 47, 'bayjid vai', 1, 1000, 1000, 1, 3, '2019-01-18 02:49:41'),
(248, NULL, 13, '2018-12-20', 1, 'খোরাকী', 1, 40000, 40000, 1, 3, '2019-01-18 02:49:41'),
(249, NULL, 13, '2018-12-20', 33, 'Rabiul', 1, 250, 250, 1, 3, '2019-01-18 02:49:41'),
(250, NULL, 13, '2018-12-20', 43, 'SO', 1, 1000, 1000, 1, 3, '2019-01-18 02:49:41'),
(251, NULL, 13, '2018-12-20', 43, 'W/A', 1, 1000, 1000, 1, 3, '2019-01-18 02:49:41'),
(252, NULL, 13, '2018-12-24', 12, 'Cash In', 1, 93525, 93525, 1, 3, '2019-01-18 02:50:39'),
(254, NULL, 13, '2018-12-24', 61, 'Xen pc', 1, 10000, 10000, 1, 3, '2019-01-18 02:55:41'),
(255, NULL, 13, '2018-12-24', 61, 'Lt/kashem/Ahomodd', 1, 7000, 7000, 1, 3, '2019-01-18 02:55:41'),
(256, NULL, 13, '2018-12-24', 33, 'Xen Nasta', 1, 700, 700, 1, 3, '2019-01-18 02:55:41'),
(257, NULL, 13, '2018-12-24', 33, 'cha/sigaret', 1, 310, 310, 1, 3, '2019-01-18 02:55:41'),
(258, NULL, 13, '2018-12-24', 41, 'day', 5, 400, 2000, 1, 3, '2019-01-18 02:55:41'),
(259, NULL, 13, '2018-12-25', 12, 'Cash In', 1, 12720, 12720, 1, 3, '2019-01-21 20:46:03'),
(260, NULL, 13, '2018-12-25', 61, 'Xen dvr', 1, 500, 500, 1, 3, '2019-01-18 03:01:13'),
(261, NULL, 13, '2018-12-25', 47, 'mosjid', 1, 100, 100, 1, 3, '2019-01-18 03:01:13'),
(262, NULL, 13, '2018-12-25', 43, 'So', 1, 2000, 2000, 1, 3, '2019-01-18 03:01:13'),
(263, NULL, 13, '2018-12-25', 43, 'w/a=2', 1, 3500, 3500, 1, 3, '2019-01-18 03:01:13'),
(264, NULL, 13, '2018-12-25', 54, 'khuraki', 1, 3000, 3000, 1, 3, '2019-01-18 03:01:13'),
(265, NULL, 13, '2018-12-25', 33, 'khana/nasta', 1, 890, 890, 1, 3, '2019-01-18 03:01:13'),
(266, NULL, 13, '2018-12-25', 1, 'খোরাকী', 1, 5000, 5000, 1, 3, '2019-01-18 03:01:13'),
(267, NULL, 13, '2018-12-25', 33, 'bayjid vai', 1, 500, 500, 1, 3, '2019-01-18 03:06:55'),
(268, NULL, 13, '2018-12-25', 47, 'cha/sigaret', 1, 300, 300, 1, 3, '2019-01-18 03:06:55'),
(269, NULL, 13, '2018-12-25', 62, 'bitomin tana lebar', 1, 200, 200, 1, 3, '2019-01-18 03:06:55'),
(270, NULL, 13, '2018-12-25', 34, '4 day rabiul', 1, 400, 400, 1, 3, '2019-01-18 03:06:55'),
(271, NULL, 13, '2018-12-25', 62, 'mistiri', 1, 1000, 1000, 1, 3, '2019-01-18 03:06:55'),
(272, NULL, 13, '2018-12-25', 33, 'ghor meramot', 1, 300, 300, 1, 3, '2019-01-18 03:06:55'),
(274, NULL, 13, '2018-12-26', 12, 'Cash In', 1, 94440, 94440, 1, 3, '2019-01-18 03:12:34'),
(276, NULL, 13, '2018-12-26', 39, '5/10\"=550 vara', 550, 20, 11000, 1, 3, '2019-01-18 03:12:34'),
(277, NULL, 13, '2018-12-26', 34, 'Rabiul', 1, 500, 500, 1, 3, '2019-01-18 03:12:34'),
(278, NULL, 13, '2018-12-26', 33, 'cha/sigaret', 1, 300, 300, 1, 3, '2019-01-18 03:12:34'),
(279, NULL, 13, '2018-12-26', 54, 'khuraki', 1, 3000, 3000, 1, 3, '2019-01-18 03:12:34'),
(280, NULL, 13, '2018-12-26', 1, 'খোরাকী', 1, 5000, 5000, 1, 3, '2019-01-18 03:12:34'),
(281, NULL, 13, '2018-12-26', 43, 'w/a', 2, 1000, 2000, 1, 3, '2019-01-18 03:14:40'),
(282, NULL, 13, '2018-12-26', 33, 'khana', 1, 840, 840, 1, 3, '2019-01-18 03:14:40'),
(284, NULL, 13, '2018-12-27', 12, 'Cash In', 1, 22650, 22650, 1, 3, '2019-01-18 03:15:29'),
(285, NULL, 13, '2018-12-27', 43, 'so', 1, 4000, 4000, 1, 3, '2019-01-18 03:21:00'),
(286, NULL, 13, '2018-12-27', 43, 'w/a', 2, 2000, 4000, 1, 3, '2019-01-18 03:21:00'),
(287, NULL, 13, '2018-12-27', 1, 'খোরাকী', 1, 10000, 10000, 1, 3, '2019-01-18 03:21:00'),
(289, NULL, 13, '2018-12-27', 33, 'khana', 1, 700, 700, 1, 3, '2019-01-18 03:21:00'),
(290, NULL, 13, '2018-12-27', 34, 'sigaret/Mobile/cha', 1, 450, 450, 1, 3, '2019-01-18 03:21:00'),
(291, NULL, 13, '2018-12-27', 54, 'khuraki', 1, 3000, 3000, 1, 3, '2019-01-18 03:21:00'),
(292, NULL, 13, '2018-12-28', 12, 'Cash In', 1, 5130, 5130, 1, 3, '2019-01-21 20:51:10'),
(293, NULL, 13, '2018-12-28', 1, 'খোরাকী', 1, 5000, 5000, 1, 3, '2019-01-18 03:26:56'),
(294, NULL, 13, '2018-12-28', 43, 'so', 1, 1500, 1500, 1, 3, '2019-01-18 03:26:56'),
(295, NULL, 13, '2018-12-28', 43, 'w/a', 2, 1000, 2000, 1, 3, '2019-01-18 03:26:56'),
(297, NULL, 13, '2018-12-28', 54, 'khuraki', 1, 3000, 3000, 1, 3, '2019-01-18 03:26:56'),
(298, NULL, 13, '2018-12-28', 33, 'khana', 1, 830, 830, 1, 3, '2019-01-18 03:26:56'),
(299, NULL, 13, '2018-12-28', 44, 'Siddik', 1, 1000, 1000, 1, 3, '2019-01-18 03:43:13'),
(303, NULL, 13, '2018-12-25', 33, 'cng', 1, 30, 30, 1, 3, '2019-01-18 03:37:42'),
(304, NULL, 13, '2018-12-28', 45, 'kalo', 1, 1000, 1000, 1, 3, '2019-01-18 03:45:35'),
(305, NULL, 13, '2018-12-31', 12, 'Cash In', 1, 223900, 223900, 1, 3, '2019-01-18 03:59:10'),
(307, NULL, 13, '2018-12-31', 39, '5/10\"=550 cft vara', 550, 20, 11000, 1, 3, '2019-01-18 03:58:30'),
(308, NULL, 13, '2018-12-31', 47, 'Bangla bitomin Rabiul', 1, 9800, 9800, 1, 3, '2019-01-18 03:58:30'),
(309, NULL, 13, '2018-12-31', 1, 'খোরাকী', 1, 20000, 20000, 1, 3, '2019-01-18 03:58:30'),
(310, NULL, 13, '2018-12-31', 26, 'UE ', 9, 9800, 88200, 1, 3, '2019-01-18 03:58:30'),
(312, NULL, 13, '2018-12-31', 49, '5/10\" MAHABUB/BITOMIN', 3, 1500, 4500, 1, 3, '2019-01-18 03:58:30'),
(313, NULL, 13, '2019-01-02', 61, 'fardush mv-2 ta', 1, 500, 500, 1, 3, '2019-01-18 04:08:14'),
(314, NULL, 13, '2019-01-02', 61, 'anowar bil forowd', 1, 100, 100, 1, 3, '2019-01-18 04:08:14'),
(315, NULL, 13, '2019-01-02', 38, '80 cft+80 bali pathor', 1, 10000, 10000, 1, 3, '2019-01-18 04:08:14'),
(316, NULL, 13, '2019-01-02', 1, 'Cash=20000  D জেল=৫৩৫ Liter 65.70', 1, 55150, 55150, 1, 3, '2019-01-22 20:12:14'),
(317, NULL, 13, '2019-01-02', 54, 'khuraki/taka vra=(13000+5000)', 1, 18000, 18000, 1, 3, '2019-01-18 04:08:14'),
(318, NULL, 13, '2019-01-02', 43, 'so', 1, 2000, 2000, 1, 3, '2019-01-18 04:08:14'),
(321, NULL, 13, '2019-01-02', 47, 'khana lebar', 1, 1200, 1200, 1, 3, '2019-01-18 04:13:33'),
(322, NULL, 13, '2019-01-02', 44, 'Siddik', 1, 4000, 4000, 1, 3, '2019-01-18 04:13:33'),
(323, NULL, 13, '2019-01-02', 47, 'ranna mohila/bksash=125', 1, 625, 625, 1, 3, '2019-01-18 04:13:33'),
(324, NULL, 13, '2019-01-02', 34, 'Rabiul-3', 1, 500, 500, 1, 3, '2019-01-18 04:13:33'),
(325, NULL, 13, '2019-01-02', 33, 'cha /sigaret', 1, 300, 300, 1, 3, '2019-01-18 04:13:33'),
(326, NULL, 13, '2019-01-02', 47, 'lebar medicen', 1, 400, 400, 1, 3, '2019-01-18 04:13:33'),
(327, NULL, 13, '2019-01-02', 49, 'mala mal tana', 1, 3000, 3000, 1, 3, '2019-01-18 04:16:45'),
(328, NULL, 13, '2019-01-02', 61, 'Xen dvr', 1, 500, 500, 1, 3, '2019-01-18 04:16:45'),
(329, NULL, 13, '2019-01-02', 33, 'khana/site khoroch', 1, 980, 980, 1, 3, '2019-01-18 04:16:45'),
(330, NULL, 13, '2019-01-02', 47, 'Rolar dvr rate khana', 1, 300, 300, 1, 3, '2019-01-18 04:16:45'),
(331, NULL, 13, '2019-01-02', 43, 'w/a', 2, 2000, 4000, 1, 3, '2019-01-18 04:19:36'),
(332, NULL, 13, '2019-01-02', 12, 'Cash In', 1, 102055, 102055, 1, 3, '2019-01-18 04:21:17'),
(333, NULL, 13, '2019-01-03', 12, 'Cash In', 1, 5410, 5410, 1, 3, '2019-01-18 04:23:16'),
(335, NULL, 13, '2019-01-03', 47, 'Major vai', 1, 1000, 1000, 1, 3, '2019-01-18 04:25:37'),
(336, NULL, 13, '2019-01-03', 43, 'w/a', 2, 1000, 2000, 1, 3, '2019-01-18 04:25:37'),
(337, NULL, 13, '2019-01-03', 33, 'cha/sigaret', 1, 300, 300, 1, 3, '2019-01-18 04:25:37'),
(338, NULL, 13, '2019-01-03', 43, 'Site mazarman khoroch/motor sycal', 1, 2000, 2000, 1, 3, '2019-01-18 04:29:11'),
(339, NULL, 13, '2019-01-04', 45, 'kalo beton', 1, 1500, 1500, 1, 3, '2019-01-18 04:34:54'),
(340, NULL, 13, '2019-01-04', 61, 'Sakil/ Rashed (9-01-19)', 1, 710, 710, 1, 3, '2019-01-18 04:34:54'),
(341, NULL, 13, '2019-01-04', 61, 'Mosjid (9-01-19)', 1, 1000, 1000, 1, 3, '2019-01-18 04:34:54'),
(342, NULL, 13, '2019-01-04', 61, 'Jhinaigati office  (9-01-19)', 1, 500, 500, 1, 3, '2019-01-18 04:34:54'),
(343, NULL, 13, '2019-01-04', 33, 'bayjid vai-500/major vai-900', 1, 1400, 1400, 1, 3, '2019-01-18 04:34:54'),
(344, NULL, 13, '2019-01-04', 47, 'khana Rabiul Jhinaigati', 1, 200, 200, 1, 3, '2019-01-18 04:36:32'),
(345, NULL, 13, '2019-01-04', 47, 'DA Office Sherpur Shahidul', 1, 2000, 2000, 1, 3, '2019-01-18 04:36:32'),
(346, NULL, 13, '2019-01-04', 61, 'So Jafor', 1, 1000, 1000, 1, 3, '2019-01-18 04:39:31'),
(347, NULL, 13, '2019-01-04', 61, 'Xen dvr', 1, 500, 500, 1, 3, '2019-01-18 04:39:31'),
(348, NULL, 13, '2019-01-04', 33, 'cha/sigaret', 1, 250, 250, 1, 3, '2019-01-18 04:43:55'),
(349, NULL, 13, '2019-01-04', 12, 'Cash In', 1, 9060, 9060, 1, 3, '2019-01-18 04:45:03'),
(350, NULL, 13, '2019-01-03', 47, 'cng vara', 1, 110, 110, 1, 3, '2019-01-18 05:08:14'),
(351, NULL, 13, '2018-11-26', 33, 'cha/sigaret', 1, 180, 180, 1, 3, '2019-01-19 02:17:15'),
(358, NULL, 13, '2018-12-26', 62, 'Bitomin tana', 1, 300, 300, 1, 3, '2019-01-20 02:24:13'),
(359, NULL, 13, '2018-12-27', 62, 'Bitomin tana', 1, 500, 500, 1, 3, '2019-01-20 02:27:40'),
(360, NULL, 13, '2018-12-28', 62, 'Bitomin tana/sigaret', 1, 800, 800, 1, 3, '2019-01-20 02:31:11'),
(361, NULL, 13, '2019-01-02', 62, 'Mal tana', 1, 500, 500, 1, 3, '2019-01-20 02:34:43'),
(362, NULL, 13, '2019-01-13', 72, 'Jamanot- 2350000=5%', 1, 117500, 117500, 1, 3, '2019-01-20 14:52:04'),
(363, NULL, 13, '2019-01-13', 70, 'Icore=2350000=5%', 1, 117500, 117500, 1, 3, '2019-01-20 14:52:04'),
(364, NULL, 13, '2019-01-13', 71, 'Vat=2350000=7%', 1, 164500, 164500, 1, 3, '2019-01-20 14:52:04'),
(365, NULL, 13, '2019-01-13', 69, 'Lab Test=2350000=1.5%', 1, 43000, 43000, 1, 3, '2019-01-20 14:52:04'),
(366, NULL, 13, '2019-01-13', 67, 'Cash In  (Frist R/A Bill )', 1, 2350000, 2350000, 1, 3, '2019-01-25 02:43:35'),
(373, NULL, 13, '2018-11-21', 80, '5/10=250 cft', 250, 117, 29250, 1, 3, '2019-01-21 01:10:27'),
(374, NULL, 13, '2018-11-26', 80, '1/2\"', 511, 127, 64897, 1, 3, '2019-01-21 02:12:15'),
(375, NULL, 13, '2018-12-10', 80, '5/10', 553, 117, 64701, 1, 3, '2019-01-21 01:14:19'),
(376, NULL, 13, '2018-12-10', 80, '1/2', 551, 127, 69977, 1, 3, '2019-01-21 01:14:19'),
(378, NULL, 13, '2018-12-31', 80, '5/10', 550, 130, 71500, 1, 3, '2019-01-21 01:17:05'),
(379, NULL, 13, '2018-11-18', 80, 'DUST=300 cft', 300, 25, 7500, 1, 3, '2019-01-21 01:59:51'),
(380, NULL, 13, '2018-12-26', 80, '5/10', 550, 130, 71500, 1, 3, '2019-01-21 01:32:31'),
(381, NULL, 13, '2018-11-18', 39, 'Dust=300', 300, 25, 7500, 1, 3, '2019-01-21 02:00:52'),
(382, NULL, 13, '2018-11-26', 80, '5/10', 40, 117, 4680, 1, 3, '2019-01-21 02:13:11'),
(383, NULL, 14, '2019-01-08', 47, 'Bank Staf khana', 1, 3200, 3200, 1, 3, '2019-01-21 20:36:01'),
(384, NULL, 14, '2019-01-08', 47, 'Madar Gong Jatayat cost/eed office', 1, 1000, 1000, 1, 3, '2019-01-21 20:36:01'),
(385, NULL, 14, '2019-01-08', 12, 'Cash In', 1, 4200, 4200, 1, 3, '2019-01-21 20:37:17'),
(386, NULL, 13, '2018-12-20', 50, 'Cash In', 1, 20000, 20000, 1, 3, '2019-01-21 20:43:45'),
(387, NULL, 13, '2018-12-25', 50, 'Cash In', 1, 5000, 5000, 1, 3, '2019-01-21 20:48:35'),
(388, NULL, 13, '2018-12-28', 50, 'Cash In', 1, 10000, 10000, 1, 3, '2019-01-21 20:52:00'),
(389, NULL, 13, '2018-12-17', 50, 'Cash In (110000-3000)=107000/-', 1, 107000, 107000, 1, 3, '2019-01-21 20:57:30'),
(390, NULL, 13, '2018-12-23', 12, 'Cash In', 1, 14250, 14250, 1, 3, '2019-01-22 14:10:34'),
(391, NULL, 13, '2018-12-23', 37, 'No-1', 1500, 8.5, 12750, 1, 3, '2019-01-22 14:12:06'),
(392, NULL, 13, '2018-12-23', 49, 'Alamin', 1500, 1, 1500, 1, 3, '2019-01-22 14:12:06'),
(393, NULL, 13, '2018-12-18', 37, 'Boro khua', 120, 70, 8400, 1, 3, '2019-01-22 14:35:11'),
(394, NULL, 13, '2018-12-31', 37, '5/10 Pathor', 135, 140, 18900, 1, 3, '2019-01-22 14:36:25'),
(395, NULL, 13, '2018-11-25', 37, 'IT NO-1', 800, 8.5, 6800, 1, 3, '2019-01-22 14:46:46'),
(396, NULL, 13, '2018-11-25', 49, 'Mahabub', 800, 1.25, 1000, 1, 3, '2019-01-22 14:49:42'),
(397, NULL, 13, '2018-12-15', 56, '5/10 (Vara Shoho)', 638, 145, 92510, 1, 3, '2019-01-22 18:21:02'),
(398, NULL, 13, '2018-12-24', 56, '5/10 (Vara Shoho)', 507, 145, 73515, 1, 3, '2019-01-22 18:22:26'),
(405, NULL, 13, '2019-01-25', 1, 'ডিজেল বাবদ ৭৬৫ লি. টাকা', 765, 65.7, 50260.5, 1, 3, '2019-01-26 15:00:44'),
(406, NULL, 13, '2019-01-25', 12, 'Cash In', 1, 50580.5, 50580.5, 1, 3, '2019-01-26 19:04:51'),
(407, NULL, 13, '2019-01-25', 47, 'কাগজ ক্রয়  A-4', 1, 320, 320, 1, 3, '2019-01-26 19:02:13'),
(412, NULL, 13, '2019-01-27', 67, 'Final Bill', 1, 1446647, 1446647, 1, 3, '2019-01-28 02:51:30'),
(413, NULL, 13, '2019-01-27', 72, 'SD-5%', 1, 72332, 72332, 1, 3, '2019-01-28 02:51:30'),
(414, NULL, 13, '2019-01-27', 70, 'Icore-5%', 1, 72332, 72332, 1, 3, '2019-01-28 02:51:30'),
(415, NULL, 13, '2019-01-27', 71, 'Vat-7%', 1, 101265, 101265, 1, 3, '2019-01-28 02:51:30'),
(416, NULL, 13, '2019-01-27', 61, 'Razzak', 1, 500, 500, 1, 3, '2019-01-28 02:51:30'),
(417, NULL, 13, '2019-01-27', 47, 'DA Office Shohidul+Bank', 1, 1400, 1400, 1, 3, '2019-01-28 02:51:30'),
(427, NULL, 13, '2019-01-13', 82, 'Withdraw', 1, 162000, 162000, 1, 3, '2019-01-28 18:51:24'),
(428, NULL, 13, '2019-01-13', 81, 'Withdraw', 1, 1745500, 1745500, 1, 3, '2019-01-28 18:51:24'),
(432, NULL, 13, '2019-01-29', 43, 'Upozila Office', 1, 25000, 25000, 1, 3, '2019-01-29 15:03:54'),
(433, NULL, 13, '2019-01-29', 61, 'Xen  Office', 1, 35000, 35000, 1, 3, '2019-01-29 15:03:54'),
(434, NULL, 13, '2019-01-29', 82, 'Sujon Vai Marfot', 1, 50000, 50000, 1, 3, '2019-01-29 19:36:05'),
(435, NULL, 13, '2019-01-29', 1, 'Paid', 1, 90842, 90842, 1, 3, '2019-01-30 01:13:56'),
(436, NULL, 13, '2019-01-29', 82, 'out', 1, 80000, 80000, 1, 3, '2019-01-30 21:56:18'),
(437, NULL, 13, '2019-01-29', 81, 'out', 1, 636801.5, 636801.5, 1, 3, '2019-01-30 21:56:18'),
(438, NULL, 16, '2017-02-25', 60, 'PS= 5%', 1, 178295, 178295, 1, 3, '2019-01-30 22:33:21'),
(439, NULL, 16, '2017-02-25', 47, 'Stamp=3', 3, 110, 330, 1, 3, '2019-01-30 22:35:02'),
(440, NULL, 16, '2017-02-25', 47, 'Pad', 1, 150, 150, 1, 3, '2019-01-30 22:35:37'),
(441, NULL, 16, '2017-02-25', 47, 'BOQ=4 Set', 1, 299.999, 300, 1, 3, '2019-01-30 22:34:22'),
(442, NULL, 16, '2017-02-25', 61, 'Anowr/Jubaer', 2, 1000, 2000, 1, 3, '2019-01-30 22:36:02'),
(443, NULL, 16, '2017-02-25', 47, 'Tali Khata', 1, 220, 220, 1, 3, '2019-01-30 22:36:31'),
(444, NULL, 16, '2017-02-25', 47, 'Bank Piknik', 1, 1000, 1000, 1, 3, '2019-01-30 22:37:01'),
(445, NULL, 16, '2017-02-25', 47, 'Liqued Khoroch', 1, 2617, 2617, 1, 3, '2019-01-30 22:37:39'),
(446, NULL, 16, '2017-02-25', 47, 'Kornofuli Dukan', 1, 445, 445, 1, 3, '2019-01-30 22:38:05'),
(447, NULL, 16, '2017-02-25', 47, 'BD khoroch Bank885/3=295', 1, 295, 295, 1, 3, '2019-01-30 22:38:35'),
(448, NULL, 16, '2017-02-25', 61, 'Xen', 1, 6666, 6666, 1, 3, '2019-01-30 22:38:59'),
(449, NULL, 16, '2017-02-25', 47, 'Stemat ppc', 1, 125, 125, 1, 3, '2019-01-30 22:39:34'),
(450, NULL, 16, '2017-02-25', 66, 'Cash In', 1, 14148, 14148, 1, 3, '2019-01-30 22:40:04'),
(451, NULL, 16, '2017-02-25', 87, 'Cash In', 1, 178295, 178295, 1, 1, '2019-01-30 23:31:02'),
(452, NULL, 16, '2017-02-27', 87, 'Cash In', 1, 1500, 1500, 1, 3, '2019-01-30 23:00:07'),
(453, NULL, 16, '2017-02-27', 66, 'Cash In', 1, 44293, 44293, 1, 3, '2019-01-30 23:00:07'),
(454, NULL, 16, '2017-02-27', 90, '6\'\'/6\'\'', 33, 1300, 42900, 1, 3, '2019-01-30 23:06:06'),
(455, NULL, 16, '2017-02-27', 49, 'Akkash Misrti Toli', 33, 83.73, 2763.09, 1, 3, '2019-01-30 23:06:06'),
(456, NULL, 16, '2017-02-27', 34, 'self', 1, 50, 50, 1, 3, '2019-01-30 23:06:06'),
(457, NULL, 16, '2017-02-27', 33, 'cha', 1, 80, 80, 1, 3, '2019-01-30 23:06:06'),
(458, NULL, 16, '2017-03-01', 66, 'Cash In', 1, 2653, 2653, 1, 3, '2019-01-31 18:57:04'),
(459, NULL, 16, '2017-03-01', 91, 'Akkash', 1, 1500, 1500, 1, 3, '2019-01-31 18:57:04'),
(460, NULL, 16, '2017-03-01', 33, 'sigaret', 2, 210, 420, 1, 3, '2019-01-31 18:57:04'),
(461, NULL, 16, '2017-03-01', 33, 'naste', 1, 260, 260, 1, 3, '2019-01-31 18:57:04'),
(462, NULL, 16, '2017-03-01', 33, 'dab', 5, 25, 125, 1, 3, '2019-01-31 18:57:04'),
(463, NULL, 16, '2017-03-01', 33, 'kofi', 1, 148, 148, 1, 3, '2019-01-31 18:57:04'),
(464, NULL, 16, '2017-03-01', 43, 'Sojib', 1, 200, 200, 1, 3, '2019-01-31 18:57:04'),
(465, NULL, 16, '2017-03-02', 47, 'MV/Site Book', 1, 500, 500, 1, 3, '2019-01-31 18:59:56'),
(466, NULL, 16, '2017-03-02', 91, 'akkash', 1, 2885, 2885, 1, 3, '2019-01-31 18:59:56'),
(467, NULL, 16, '2017-03-02', 66, 'Cash In', 1, 3385, 3385, 1, 3, '2019-01-31 18:59:56'),
(468, NULL, 16, '2017-03-20', 12, 'Cash In', 1, 230, 230, 1, 3, '2019-01-31 19:06:20'),
(469, NULL, 16, '2017-03-20', 47, 'EGP PF', 1, 230, 230, 1, 3, '2019-01-31 19:06:20'),
(470, NULL, 16, '2018-01-05', 73, '১ ট্টাফে', 1, 2500, 2500, 1, 3, '2019-01-31 19:34:28'),
(471, NULL, 16, '2018-01-05', 95, 'Al-amin', 1, 500, 500, 1, 3, '2019-01-31 19:33:57'),
(472, NULL, 16, '2018-01-05', 12, 'Cash In', 1, 13209, 13209, 1, 3, '2019-01-31 19:33:27'),
(473, NULL, 16, '2018-01-07', 78, 'Cash', 4, 400, 1600, 1, 3, '2019-01-31 19:22:03'),
(474, NULL, 16, '2018-01-07', 47, 'পানি সেচা', 1, 500, 500, 1, 3, '2019-01-31 19:22:03'),
(475, NULL, 16, '2018-01-10', 95, 'Moji', 1, 1000, 1000, 1, 3, '2019-01-31 19:25:41'),
(476, NULL, 16, '2018-01-10', 78, 'Cash', 8, 400, 3200, 1, 3, '2019-01-31 19:25:41'),
(477, NULL, 16, '2018-01-10', 49, 'সিমেন্ট ভারা', 1, 180, 180, 1, 3, '2019-01-31 19:25:41'),
(478, NULL, 16, '2018-01-11', 12, 'Cash In', 1, 21999, 21999, 1, 3, '2019-01-31 19:38:39'),
(479, NULL, 16, '2018-01-11', 95, 'Moji', 1, 2000, 2000, 1, 3, '2019-01-31 19:27:34'),
(480, NULL, 16, '2018-01-12', 47, 'পানি সেচা', 1, 300, 300, 1, 3, '2019-01-31 19:53:08'),
(481, NULL, 16, '2018-01-12', 78, 'নগত', 2, 400, 800, 1, 3, '2019-01-31 19:53:08'),
(482, NULL, 16, '2018-01-12', 47, 'সিমেন্ট ভাড়া', 1, 30, 30, 1, 3, '2019-01-31 19:53:08'),
(483, NULL, 16, '2018-01-12', 95, 'moji mistri', 1, 2200, 2200, 1, 3, '2019-01-31 19:53:08'),
(484, NULL, 16, '2018-01-12', 47, 'ইট টানা', 1, 100, 100, 1, 3, '2019-01-31 19:53:08'),
(485, NULL, 16, '2018-01-12', 34, 'petrol', 1, 100, 100, 1, 3, '2019-01-31 19:53:08'),
(486, NULL, 16, '2018-01-12', 33, 'খানা', 1, 120, 120, 1, 3, '2019-01-31 19:53:08'),
(487, NULL, 16, '2018-02-04', 49, 'Alamin', 1, 1500, 1500, 1, 3, '2019-01-31 19:54:40'),
(488, NULL, 16, '2018-02-08', 96, 'juwel', 1, 2000, 2000, 1, 3, '2019-01-31 20:02:38'),
(489, NULL, 16, '2018-02-08', 47, 'Bkash', 1, 160, 160, 1, 3, '2019-01-31 20:10:54'),
(490, NULL, 16, '2018-02-09', 93, 'ashraf', 1, 200, 200, 1, 3, '2019-01-31 20:07:58'),
(491, NULL, 16, '2018-02-09', 39, 'hafiz', 1, 5000, 5000, 1, 3, '2019-01-31 20:07:58'),
(492, NULL, 16, '2018-02-09', 96, 'juwel', 1, 1800, 1800, 1, 3, '2019-01-31 20:07:58'),
(493, NULL, 16, '2018-02-09', 34, 'petrol/mobile/bkash', 1, 330, 330, 1, 3, '2019-01-31 20:07:58'),
(494, NULL, 16, '2018-02-09', 66, 'cash in', 1, 10000, 10000, 1, 3, '2019-01-31 20:07:58'),
(495, NULL, 16, '2018-02-10', 36, 'খোড়াকি', 1, 1700, 1700, 1, 3, '2019-01-31 20:20:18'),
(496, NULL, 16, '2018-02-10', 96, 'Jowel', 1, 2000, 2000, 1, 3, '2019-01-31 20:20:18'),
(497, NULL, 16, '2018-02-10', 33, 'petrol/mobile', 1, 175, 175, 1, 3, '2019-01-31 20:20:18'),
(498, NULL, 16, '2018-02-10', 47, 'Bkash', 1, 140, 140, 1, 3, '2019-01-31 20:20:18'),
(499, NULL, 16, '2018-02-11', 44, 'night guard', 1, 1000, 1000, 1, 3, '2019-01-31 20:32:32'),
(500, NULL, 16, '2018-02-11', 36, 'ওহাব মিত্রী\r\n\r\n\r\n', 1, 2000, 2000, 1, 3, '2019-01-31 20:32:32'),
(501, NULL, 16, '2018-02-11', 98, 'Hazira', 1, 4000, 4000, 1, 3, '2019-01-31 20:32:32'),
(502, NULL, 16, '2018-02-11', 33, 'Dvr Khana', 1, 150, 150, 1, 3, '2019-01-31 20:32:32'),
(503, NULL, 16, '2018-02-11', 34, 'petrol/mobile', 1, 260, 260, 1, 3, '2019-01-31 20:32:32'),
(504, NULL, 16, '2018-02-12', 93, 'ashraf', 1, 11340, 11340, 1, 3, '2019-01-31 20:36:37'),
(505, NULL, 16, '2018-02-12', 96, 'Jowel Ghor Vara', 1, 200, 200, 1, 3, '2019-01-31 20:36:37'),
(506, NULL, 16, '2018-02-12', 33, 'Khana', 1, 220, 220, 1, 3, '2019-01-31 20:36:37'),
(507, NULL, 16, '2018-02-12', 36, 'খোড়াকি', 1, 1700, 1700, 1, 3, '2019-01-31 20:36:37'),
(508, NULL, 16, '2018-02-12', 98, 'Vara', 1, 1000, 1000, 1, 3, '2019-01-31 20:36:37'),
(509, NULL, 16, '2018-02-12', 34, 'petrol/mobile', 1, 150, 150, 1, 3, '2019-01-31 20:36:37'),
(510, NULL, 16, '2018-02-13', 36, 'Khoraki', 1, 950, 950, 1, 3, '2019-01-31 20:42:09'),
(511, NULL, 16, '2018-02-13', 34, 'petrol/mobile', 1, 220, 220, 1, 3, '2019-01-31 20:42:09'),
(512, NULL, 16, '2018-02-14', 97, 'Dijel', 1, 1340, 1340, 1, 3, '2019-01-31 20:44:53'),
(513, NULL, 16, '2018-02-14', 54, 'Bahadur', 1, 700, 700, 1, 3, '2019-01-31 20:44:53'),
(514, NULL, 16, '2018-02-14', 47, 'রুলার নামানু', 1, 200, 200, 1, 3, '2019-01-31 20:44:53'),
(515, NULL, 16, '2018-02-18', 98, 'Vara', 1, 3000, 3000, 1, 3, '2019-01-31 20:45:29'),
(516, NULL, 16, '2018-02-13', 12, 'Cash In', 1, 8117.09, 8117.09, 1, 3, '2019-01-31 20:52:55'),
(517, NULL, 16, '2018-02-14', 12, 'Cash In', 1, 2240, 2240, 1, 3, '2019-01-31 20:49:54'),
(518, NULL, 16, '2018-02-18', 12, 'Cash In', 1, 3000, 3000, 1, 3, '2019-01-31 20:56:57'),
(519, NULL, 16, '2018-03-01', 73, 'Hai', 1, 31000, 31000, 1, 3, '2019-01-31 21:03:44'),
(520, NULL, 16, '2018-03-01', 36, 'খুরাকি', 1, 1000, 1000, 1, 3, '2019-01-31 21:03:44'),
(521, NULL, 16, '2018-03-01', 34, 'p/m', 1, 220, 220, 1, 3, '2019-01-31 21:03:44'),
(522, NULL, 16, '2018-03-01', 12, 'Cash In', 1, 40000, 40000, 1, 3, '2019-01-31 21:03:44'),
(523, NULL, 16, '2018-03-02', 36, 'খুরাকি', 1, 1500, 1500, 1, 3, '2019-01-31 21:06:31'),
(524, NULL, 16, '2018-03-02', 12, 'Cash In', 1, 600, 600, 1, 3, '2019-01-31 21:06:31'),
(525, NULL, 16, '2018-03-03', 73, 'হাই', 1, 24000, 24000, 1, 3, '2019-01-31 21:08:19'),
(526, NULL, 16, '2018-03-03', 36, 'khuraki', 1, 1400, 1400, 1, 3, '2019-01-31 21:08:19'),
(527, NULL, 16, '2018-03-03', 33, 'cng vara', 1, 150, 150, 1, 3, '2019-01-31 21:08:19'),
(528, NULL, 16, '2018-03-03', 12, 'Cash In', 1, 18670, 18670, 1, 3, '2019-01-31 21:18:17'),
(529, NULL, 16, '2018-03-24', 36, 'khuraki', 1, 700, 700, 1, 3, '2019-01-31 21:22:25'),
(530, NULL, 16, '2018-03-24', 47, 'Dejel', 1, 200, 200, 1, 3, '2019-01-31 21:22:25'),
(531, NULL, 16, '2018-03-24', 12, 'Cash In', 1, 900, 900, 1, 3, '2019-01-31 21:26:15'),
(532, NULL, 16, '2018-04-25', 93, 'Ashraf', 1, 22650, 22650, 1, 3, '2019-01-31 21:26:53'),
(533, NULL, 16, '2018-04-25', 73, 'Hai', 1, 150000, 150000, 1, 3, '2019-01-31 21:27:26'),
(534, NULL, 16, '2018-04-25', 12, 'Cash In', 1, 172650, 172650, 1, 3, '2019-01-31 21:27:51'),
(535, NULL, 16, '2018-05-05', 99, 'Mekar Suhel', 1, 3000, 3000, 1, 3, '2019-01-31 21:34:50'),
(536, NULL, 16, '2018-05-05', 36, 'khuraki', 1, 1500, 1500, 1, 3, '2019-01-31 21:34:50'),
(537, NULL, 16, '2018-05-05', 47, 'bkash', 1, 100, 100, 1, 3, '2019-01-31 21:34:50'),
(538, NULL, 16, '2018-05-05', 12, 'Cash In', 1, 8000, 8000, 1, 3, '2019-01-31 21:34:50'),
(539, NULL, 16, '2018-05-14', 36, '11/5/18 khuraki', 1, 1900, 1900, 1, 3, '2019-01-31 21:38:32'),
(540, NULL, 16, '2018-05-14', 36, '12/5/18 khuraki', 1, 1000, 1000, 1, 3, '2019-01-31 21:38:32'),
(541, NULL, 16, '2018-05-14', 47, 'cng', 1, 270, 270, 1, 3, '2019-01-31 21:38:32'),
(542, NULL, 16, '2018-05-14', 34, 'm/ bkash', 1, 90, 90, 1, 3, '2019-01-31 21:38:32'),
(543, NULL, 16, '2018-05-14', 12, 'Cash In', 1, 2000, 2000, 1, 3, '2019-01-31 21:38:32'),
(544, NULL, 16, '2018-05-16', 47, 'bkash', 1, 100, 100, 1, 3, '2019-01-31 21:41:14'),
(545, NULL, 16, '2018-05-16', 36, 'khuraki', 1, 2000, 2000, 1, 3, '2019-01-31 21:41:14'),
(546, NULL, 16, '2018-05-16', 34, 'cng/p', 1, 150, 150, 1, 3, '2019-01-31 21:41:14'),
(547, NULL, 16, '2018-05-16', 12, 'Cash In', 1, 5000, 5000, 1, 3, '2019-01-31 21:41:14'),
(548, NULL, 16, '2018-05-17', 47, 'cng vara', 1, 100, 100, 1, 3, '2019-01-31 21:50:55'),
(549, NULL, 16, '2018-05-17', 36, 'khuraki', 1, 6500, 6500, 1, 3, '2019-01-31 21:50:55'),
(550, NULL, 16, '2018-05-17', 73, 'Hai', 1, 40000, 40000, 1, 3, '2019-01-31 21:50:55'),
(551, NULL, 16, '2018-05-17', 34, 'p/m', 1, 170, 170, 1, 3, '2019-01-31 21:50:55'),
(552, NULL, 16, '2018-05-17', 94, 'Cash ', 1, 5000, 5000, 1, 3, '2019-01-31 21:50:55'),
(553, NULL, 16, '2018-05-17', 12, 'Cash In', 1, 55000, 55000, 1, 3, '2019-01-31 21:50:55'),
(554, NULL, 16, '2018-05-18', 99, 'meramot', 1, 400, 400, 1, 3, '2019-01-31 21:52:16'),
(555, NULL, 16, '2018-05-18', 33, 'khana', 1, 200, 200, 1, 3, '2019-01-31 21:52:16'),
(556, NULL, 16, '2018-05-19', 39, 'Rasel-4500 pk', 1, 5500, 5500, 1, 3, '2019-01-31 22:08:24'),
(557, NULL, 16, '2018-05-19', 34, 'khana/m', 1, 200, 200, 1, 3, '2019-01-31 21:54:16'),
(558, NULL, 16, '2018-05-19', 12, 'Cash In', 1, 5500, 5500, 1, 3, '2019-01-31 21:58:39'),
(559, NULL, 16, '2018-05-20', 96, 'Mesin', 1, 1000, 1000, 1, 3, '2019-01-31 22:07:13'),
(560, NULL, 16, '2018-05-20', 39, 'Rasel=pk-4500', 1, 6200, 6200, 1, 3, '2019-01-31 22:07:13'),
(561, NULL, 16, '2018-05-20', 47, '3\'\' mesin tana', 1, 100, 100, 1, 3, '2019-01-31 22:07:13'),
(562, NULL, 16, '2018-05-20', 47, '3\'\' dejel', 1, 135, 135, 1, 3, '2019-01-31 22:07:13'),
(563, NULL, 16, '2018-05-20', 44, 'beton', 1, 500, 500, 1, 3, '2019-01-31 22:07:13'),
(564, NULL, 16, '2018-05-20', 36, 'khuraki', 1, 5000, 5000, 1, 3, '2019-01-31 22:07:13'),
(565, NULL, 16, '2018-05-20', 47, 'khana', 1, 100, 100, 1, 3, '2019-01-31 22:07:13'),
(566, NULL, 16, '2018-05-20', 34, 'm', 1, 50, 50, 1, 3, '2019-01-31 22:07:13'),
(567, NULL, 16, '2018-05-20', 12, 'Cash In', 1, 20000, 20000, 1, 3, '2019-01-31 22:18:54'),
(568, NULL, 16, '2018-05-18', 54, 'beton', 1, 2000, 2000, 1, 3, '2019-01-31 22:12:06'),
(569, NULL, 16, '2018-05-18', 12, 'Cash In', 1, 2000, 2000, 1, 3, '2019-01-31 22:12:06'),
(570, NULL, 16, '2018-05-21', 39, 'Rasel pk-4500 p', 1, 6000, 6000, 1, 3, '2019-01-31 22:19:29'),
(571, NULL, 16, '2018-05-21', 47, '3\'\' Parts kina', 1, 1030, 1030, 1, 3, '2019-01-31 22:20:22'),
(572, NULL, 16, '2018-05-21', 47, 'kreng meramot', 1, 150, 150, 1, 3, '2019-01-31 22:20:57'),
(573, NULL, 16, '2018-05-21', 36, 'khuraki', 1, 5000, 5000, 1, 3, '2019-01-31 22:21:27'),
(574, NULL, 16, '2018-05-21', 34, 'khana/m', 1, 150, 150, 1, 3, '2019-01-31 22:21:54'),
(575, NULL, 16, '2018-05-21', 12, 'Cash In(rolar)', 1, 15000, 15000, 1, 3, '2019-01-31 22:18:36'),
(576, NULL, 16, '2018-05-21', 47, 'Trejari Shohidul', 1, 500, 500, 1, 3, '2019-01-31 22:49:06'),
(577, NULL, 16, '2018-05-21', 94, 'Firuj', 1, 200, 200, 1, 3, '2019-01-31 22:46:46'),
(578, NULL, 16, '2018-05-21', 33, 'sigaret', 1, 210, 210, 1, 3, '2019-01-31 22:47:28'),
(579, NULL, 16, '2018-05-21', 34, 'p', 1, 600, 600, 1, 3, '2019-01-31 22:47:52'),
(580, NULL, 16, '2018-05-21', 94, 'Bulbul', 1, 2000, 2000, 1, 3, '2019-01-31 22:48:32'),
(581, NULL, 16, '2018-05-21', 99, 'Suhel Misrti', 1, 4000, 4000, 1, 3, '2019-01-31 22:46:19'),
(582, NULL, 16, '2018-05-21', 94, 'Helal-600/bokti-800', 1, 1400, 1400, 1, 3, '2019-01-31 22:44:52'),
(583, NULL, 16, '2018-05-21', 54, 'khuraki', 1, 1000, 1000, 1, 3, '2019-01-31 22:39:12'),
(584, NULL, 16, '2018-05-21', 33, 'cha/sigaret', 1, 310, 310, 1, 3, '2019-01-31 22:38:30'),
(585, NULL, 16, '2018-05-21', 99, 'griz', 1, 1030, 1030, 1, 3, '2019-01-31 22:38:01'),
(586, NULL, 16, '2018-05-21', 12, 'Cash In', 1, 11250, 11250, 1, 3, '2019-01-31 22:50:27'),
(587, NULL, 16, '2018-05-22', 99, 'suhel bkash=2000/5000 dhaka', 1, 7000, 7000, 1, 3, '2019-01-31 22:55:34'),
(588, NULL, 16, '2018-05-22', 99, 'bahadur dhaka', 1, 1000, 1000, 1, 3, '2019-01-31 22:55:34'),
(589, NULL, 16, '2018-05-22', 99, 'kano misrti', 1, 11000, 11000, 1, 3, '2019-01-31 22:55:34'),
(590, NULL, 16, '2018-05-22', 12, 'Cash In', 1, 19000, 19000, 1, 3, '2019-01-31 22:55:34'),
(598, NULL, 16, '2018-05-23', 99, 'kano misrti', 1, 3000, 3000, 1, 3, '2019-01-31 23:00:43'),
(599, NULL, 16, '2018-05-23', 99, 'Fan', 1, 3500, 3500, 1, 3, '2019-01-31 23:00:43'),
(600, NULL, 16, '2018-05-23', 99, 'suhel misrti', 1, 2000, 2000, 1, 3, '2019-01-31 23:00:43'),
(601, NULL, 16, '2018-05-23', 97, 'hidrolik-5+15 litter', 1, 4250, 4250, 1, 3, '2019-01-31 23:00:43'),
(602, NULL, 16, '2018-05-23', 99, 'sabol', 1, 350, 350, 1, 3, '2019-01-31 23:00:43'),
(603, NULL, 16, '2018-05-23', 99, 'griz+jut+mobil', 1, 1600, 1600, 1, 3, '2019-01-31 23:00:43'),
(604, NULL, 16, '2018-05-23', 12, 'Cash In', 1, 14700, 14700, 1, 3, '2019-01-31 23:00:43'),
(606, NULL, 16, '2018-05-22', 39, 'Rasel-pk=4500', 1, 4500, 4500, 1, 3, '2019-01-31 23:06:51'),
(607, NULL, 16, '2018-05-22', 47, 'pk gonona lebar', 1, 800, 800, 1, 3, '2019-01-31 23:06:51'),
(608, NULL, 16, '2018-05-22', 47, '3\'\' mesin mekar', 1, 800, 800, 1, 3, '2019-01-31 23:06:51'),
(611, NULL, 16, '2018-05-22', 33, 'cng', 1, 150, 150, 1, 3, '2019-01-31 23:06:51'),
(612, NULL, 16, '2018-05-22', 96, 'mesi', 1, 1000, 1000, 1, 3, '2019-01-31 23:06:54'),
(616, NULL, 16, '2018-05-22', 97, 'dejez', 1, 700, 700, 1, 3, '2019-01-31 23:06:54'),
(617, NULL, 16, '2018-05-22', 54, 'khuraki', 1, 500, 500, 1, 3, '2019-01-31 23:06:54'),
(622, NULL, 16, '2018-05-23', 96, 'mesin', 1, 3000, 3000, 1, 3, '2019-01-31 23:33:01'),
(623, NULL, 16, '2018-05-23', 36, 'khuraki', 1, 2500, 2500, 1, 3, '2019-01-31 23:33:01'),
(624, NULL, 16, '2018-05-23', 33, 'monir vara', 1, 200, 200, 1, 3, '2019-01-31 23:33:01'),
(625, NULL, 16, '2018-05-24', 96, 'Mesin', 1, 6200, 6200, 1, 3, '2019-01-31 23:37:01'),
(626, NULL, 16, '2018-05-24', 33, 'vara', 1, 200, 200, 1, 3, '2019-01-31 23:37:01'),
(627, NULL, 16, '2018-05-24', 12, 'Cash In', 1, 6200, 6200, 1, 3, '2019-01-31 23:37:49'),
(628, NULL, 16, '2018-05-25', 44, 'beton', 1, 500, 500, 1, 3, '2019-01-31 23:43:00'),
(629, NULL, 16, '2018-05-25', 96, 'mesin', 1, 2000, 2000, 1, 3, '2019-01-31 23:47:29'),
(630, NULL, 16, '2018-05-25', 39, 'Rasel=PK-4500p', 1, 6000, 6000, 1, 3, '2019-01-31 23:47:29'),
(631, NULL, 16, '2018-05-25', 54, 'beton', 1, 10000, 10000, 1, 3, '2019-01-31 23:47:29'),
(632, NULL, 16, '2018-05-25', 33, 'iftar', 1, 250, 250, 1, 3, '2019-01-31 23:47:29'),
(633, NULL, 16, '2018-05-25', 12, 'Cash In', 1, 56000, 56000, 1, 3, '2019-01-31 23:56:13'),
(634, NULL, 16, '2018-05-25', 100, 'Beton', 1, 20000, 20000, 1, 3, '2019-01-31 23:56:13'),
(635, NULL, 16, '2018-05-26', 97, 'DJEL', 1, 670, 670, 1, 3, '2019-02-01 00:00:25'),
(636, NULL, 16, '2018-05-26', 36, 'KHURAKI', 1, 5500, 5500, 1, 3, '2019-02-01 00:00:25'),
(637, NULL, 16, '2018-05-26', 34, 'p/iftar', 1, 250, 250, 1, 3, '2019-02-01 00:02:08'),
(638, NULL, 16, '2018-05-27', 39, 'Rasel=pk-4500', 1, 5700, 5700, 1, 3, '2019-02-01 00:07:50'),
(639, NULL, 16, '2018-05-27', 36, 'khuraki', 1, 5000, 5000, 1, 3, '2019-02-01 00:05:22'),
(640, NULL, 16, '2018-05-27', 73, 'hai', 1, 1000, 1000, 1, 3, '2019-02-01 00:05:22'),
(641, NULL, 16, '2018-05-27', 33, 'vara', 1, 200, 200, 1, 3, '2019-02-01 00:05:22'),
(642, NULL, 16, '2018-05-27', 12, 'Cash In', 1, 2000, 2000, 1, 3, '2019-02-01 00:05:22'),
(643, NULL, 16, '2018-05-28', 96, 'Masud', 1, 1000, 1000, 1, 3, '2019-02-01 00:13:42'),
(644, NULL, 16, '2018-05-28', 36, 'khuraki', 1, 500, 500, 1, 3, '2019-02-01 00:13:42'),
(645, NULL, 16, '2018-05-28', 33, 'm/vara', 1, 200, 200, 1, 3, '2019-02-01 00:13:42'),
(646, NULL, 16, '2018-05-29', 36, 'khuraki', 1, 4000, 4000, 1, 3, '2019-02-01 00:16:48'),
(647, NULL, 16, '2018-05-29', 33, 'jatayat', 1, 200, 200, 1, 3, '2019-02-01 00:16:48'),
(648, NULL, 16, '2018-05-29', 12, 'Cash In(Rolar)5000/-', 1, 5000, 5000, 1, 3, '2019-02-01 00:16:48'),
(649, NULL, 16, '2018-05-31', 36, 'khuraki', 1, 4300, 4300, 1, 3, '2019-02-01 00:25:51'),
(650, NULL, 16, '2018-05-31', 41, 'day', 4, 350, 1400, 1, 3, '2019-02-01 00:25:51'),
(651, NULL, 16, '2018-05-31', 34, 'm', 1, 150, 150, 1, 3, '2019-02-01 00:25:51'),
(652, NULL, 16, '2018-05-31', 12, 'Cash In(Rolar-10000)', 1, 10000, 10000, 1, 3, '2019-02-01 00:25:51'),
(653, NULL, 16, '2018-06-01', 36, 'khuraki', 1, 1000, 1000, 1, 3, '2019-02-01 00:27:43'),
(654, NULL, 16, '2018-06-01', 34, 'm', 1, 200, 200, 1, 3, '2019-02-01 00:27:43'),
(655, NULL, 16, '2018-06-03', 97, 'Dijel-18 litar', 1, 1224, 1224, 1, 3, '2019-02-01 00:43:12'),
(656, NULL, 16, '2018-06-03', 36, 'khuraki', 1, 1000, 1000, 1, 3, '2019-02-01 00:43:12'),
(657, NULL, 16, '2018-06-03', 47, 'bkash', 1, 80, 80, 1, 3, '2019-02-01 00:43:12'),
(658, NULL, 16, '2018-06-03', 39, 'Rasel-PK-4500 P BULBUL', 1, 13660, 13660, 1, 3, '2019-02-01 00:43:12'),
(659, NULL, 16, '2018-06-03', 33, '2 DAY Jataet', 2, 150, 300, 1, 3, '2019-02-01 00:43:12'),
(660, NULL, 16, '2018-06-03', 12, 'Cash In', 1, 17660, 17660, 1, 3, '2019-02-01 00:43:12'),
(661, NULL, 16, '2018-06-04', 44, 'Beton', 1, 500, 500, 1, 3, '2019-02-01 00:59:09'),
(662, NULL, 16, '2018-06-04', 96, 'mesin', 1, 500, 500, 1, 3, '2019-02-01 00:59:09'),
(663, NULL, 16, '2018-06-04', 99, 'mobil', 1, 200, 200, 1, 3, '2019-02-01 00:59:09'),
(664, NULL, 16, '2018-06-04', 34, 'm', 1, 150, 150, 1, 3, '2019-02-01 00:59:09'),
(665, NULL, 16, '2018-06-04', 39, 'Juel-pk(18000 Ujjal VatA)', 1, 6570, 6570, 1, 3, '2019-02-01 00:59:09'),
(666, NULL, 16, '2018-06-04', 61, 'Oto vara', 1, 50, 50, 1, 3, '2019-02-01 00:59:09'),
(667, NULL, 16, '2018-06-04', 61, 'ANOWAR', 1, 100, 100, 1, 3, '2019-02-01 01:00:54'),
(668, NULL, 16, '2018-06-04', 12, 'Cash In', 1, 6720, 6720, 1, 3, '2019-02-01 00:59:09'),
(669, NULL, 16, '2018-06-05', 96, 'Juel', 1, 2000, 2000, 1, 3, '2019-02-01 01:07:14'),
(670, NULL, 16, '2018-06-05', 39, 'Rasel=pk-9000 bulbul', 1, 14000, 14000, 1, 3, '2019-02-01 01:07:14'),
(671, NULL, 16, '2018-06-05', 34, 'p/m/m', 1, 530, 530, 1, 3, '2019-02-01 01:07:14'),
(672, NULL, 16, '2018-06-05', 12, 'Cash In', 1, 19000, 19000, 1, 3, '2019-02-01 01:07:14'),
(673, NULL, 16, '2018-06-05', 100, 'Beton', 1, 4000, 4000, 1, 3, '2019-02-01 01:26:54'),
(674, NULL, 16, '2018-06-05', 12, 'Cash In', 1, 4000, 4000, 1, 3, '2019-02-01 01:26:54'),
(675, NULL, 16, '2018-06-06', 96, 'juel', 1, 2000, 2000, 1, 3, '2019-02-01 01:31:18'),
(676, NULL, 16, '2018-06-06', 34, 'm/p', 1, 200, 200, 1, 3, '2019-02-01 01:31:18'),
(677, NULL, 16, '2018-06-07', 96, 'juel', 1, 2000, 2000, 1, 3, '2019-02-01 01:37:04'),
(678, NULL, 16, '2018-06-07', 36, 'khuraki', 1, 2500, 2500, 1, 3, '2019-02-01 01:37:04'),
(679, NULL, 16, '2018-06-07', 41, 'day', 2, 400, 800, 1, 3, '2019-02-01 01:37:04'),
(680, NULL, 16, '2018-06-07', 34, 'p/m', 1, 150, 150, 1, 3, '2019-02-01 01:38:19'),
(681, NULL, 16, '2018-06-07', 12, 'Cash In', 1, 800, 800, 1, 3, '2019-02-01 01:37:04'),
(682, NULL, 16, '2018-06-08', 36, 'khuraki', 1, 5000, 5000, 1, 3, '2019-02-01 01:40:59'),
(683, NULL, 16, '2018-06-08', 34, 'p/m', 1, 150, 150, 1, 3, '2019-02-01 01:40:59'),
(684, NULL, 16, '2018-06-08', 47, 'bkash', 1, 120, 120, 1, 3, '2019-02-01 01:42:31'),
(685, NULL, 16, '2018-06-08', 12, 'Cash In', 1, 6040, 6040, 1, 3, '2019-02-01 01:40:59'),
(686, NULL, 16, '2018-06-09', 36, 'khuraki', 1, 3000, 3000, 1, 3, '2019-02-01 01:45:06'),
(687, NULL, 16, '2018-06-09', 47, 'bkash', 1, 60, 60, 1, 3, '2019-02-01 01:45:06'),
(688, NULL, 16, '2018-06-09', 34, 'p/m', 1, 150, 150, 1, 3, '2019-02-01 01:45:06'),
(689, NULL, 16, '2018-06-09', 12, 'Cash In', 1, 3060, 3060, 1, 3, '2019-02-01 01:45:06'),
(690, NULL, 16, '2018-06-10', 49, 'ভারা ৪ টিপ', 4, 1375, 5500, 1, 3, '2019-02-01 01:53:55'),
(691, NULL, 16, '2018-06-10', 41, 'lod lebar', 4, 400, 1600, 1, 3, '2019-02-01 01:54:19'),
(692, NULL, 16, '2018-06-10', 36, 'khuraki', 1, 6400, 6400, 1, 3, '2019-02-01 01:54:42'),
(693, NULL, 16, '2018-06-10', 73, 'Hai', 1, 10000, 10000, 1, 3, '2019-02-01 01:55:11'),
(694, NULL, 16, '2018-06-10', 34, 'p/m', 1, 150, 150, 1, 3, '2019-02-01 01:55:36'),
(695, NULL, 16, '2018-06-10', 73, 'Nalitabari   ১ টাফে', 1, 2000, 2000, 1, 3, '2019-02-01 01:56:01'),
(696, NULL, 16, '2018-06-10', 12, 'Cash In', 1, 25000, 25000, 1, 3, '2019-02-01 01:56:22'),
(697, NULL, 16, '2018-06-11', 47, 'TIME From', 1, 3300, 3300, 1, 3, '2019-02-01 02:06:12'),
(698, NULL, 16, '2018-06-11', 36, 'khuraki', 1, 4000, 4000, 1, 3, '2019-02-01 02:06:12'),
(699, NULL, 16, '2018-06-11', 73, 'HAI', 1, 17640, 17640, 1, 3, '2019-02-01 02:06:12'),
(700, NULL, 16, '2018-06-11', 47, 'BKASH', 1, 480, 480, 1, 3, '2019-02-01 02:06:12'),
(701, NULL, 16, '2018-06-11', 34, 'P/M', 1, 220, 220, 1, 3, '2019-02-01 02:06:12'),
(702, NULL, 16, '2018-06-11', 12, 'Cash In', 1, 27000, 27000, 1, 3, '2019-02-01 02:06:12'),
(703, NULL, 16, '2018-06-12', 97, 'Dijel-15', 1, 1000, 1000, 1, 3, '2019-02-01 22:39:17'),
(704, NULL, 16, '2018-06-12', 43, 'Ac babul', 1, 1000, 1000, 1, 3, '2019-02-01 22:39:17'),
(705, NULL, 16, '2018-06-12', 43, 'Pion', 1, 600, 600, 1, 3, '2019-02-01 22:39:17'),
(706, NULL, 16, '2018-06-12', 43, 'UE Mamun', 1, 6000, 6000, 1, 3, '2019-02-01 22:39:17'),
(707, NULL, 16, '2018-06-12', 47, 'Ripoter Monir', 1, 1000, 1000, 1, 3, '2019-02-01 22:39:17'),
(708, NULL, 16, '2018-06-12', 36, 'khuraki', 1, 6000, 6000, 1, 3, '2019-02-01 22:39:17'),
(709, NULL, 16, '2018-06-12', 33, 'khana', 1, 250, 250, 1, 3, '2019-02-01 22:39:17'),
(710, NULL, 16, '2018-06-12', 61, 'SAE Jafor', 1, 1000, 1000, 1, 3, '2019-02-01 22:39:17'),
(711, NULL, 16, '2018-06-12', 43, 'w/a kafil', 1, 1000, 1000, 1, 3, '2019-02-01 22:39:17'),
(712, NULL, 16, '2018-06-12', 61, 'Razzak', 1, 300, 300, 1, 3, '2019-02-01 22:39:17'),
(713, NULL, 16, '2018-06-12', 96, 'juel', 1, 2000, 2000, 1, 3, '2019-02-01 22:39:17'),
(714, NULL, 16, '2018-06-12', 34, 'p/m', 1, 150, 150, 1, 3, '2019-02-01 22:39:17'),
(715, NULL, 16, '2018-06-12', 12, 'Cash In', 1, 18650, 18650, 1, 3, '2019-02-01 22:39:17'),
(716, NULL, 16, '2018-06-13', 39, 'Juel-pk-4500 P', 1, 1000, 1000, 1, 3, '2019-02-01 22:43:38'),
(717, NULL, 16, '2018-06-13', 94, 'Vata Lebar', 1, 1200, 1200, 1, 3, '2019-02-01 22:43:38'),
(718, NULL, 16, '2018-06-13', 33, '3\'\' dijel', 1, 200, 200, 1, 3, '2019-02-01 22:43:38'),
(719, NULL, 16, '2018-06-13', 34, 'p/m', 1, 150, 150, 1, 3, '2019-02-01 22:43:38'),
(720, NULL, 16, '2018-06-13', 12, 'Cash In', 1, 2200, 2200, 1, 3, '2019-02-01 22:43:38'),
(721, NULL, 16, '2018-06-14', 73, 'Hai', 1, 11000, 11000, 1, 3, '2019-02-01 22:52:34'),
(722, NULL, 16, '2018-06-14', 36, 'khuraki', 1, 15000, 15000, 1, 3, '2019-02-01 22:52:34'),
(723, NULL, 16, '2018-06-14', 96, 'Mesin', 1, 6830, 6830, 1, 3, '2019-02-01 22:52:34'),
(724, NULL, 16, '2018-06-14', 54, 'Bahadur Beton', 1, 5000, 5000, 1, 3, '2019-02-01 22:52:34'),
(725, NULL, 16, '2018-06-14', 44, 'beton', 1, 1000, 1000, 1, 3, '2019-02-01 22:52:34'),
(726, NULL, 16, '2018-06-14', 100, 'bonash/beton=2000+11000', 1, 13000, 13000, 1, 3, '2019-02-01 22:52:34'),
(727, NULL, 16, '2018-06-14', 96, 'Juel', 1, 3000, 3000, 1, 3, '2019-02-01 22:52:34'),
(728, NULL, 16, '2018-06-14', 33, 'cng vara', 1, 170, 170, 1, 3, '2019-02-01 22:52:34'),
(729, NULL, 16, '2018-06-14', 39, 'Rasel/Juel=pk-9000 p(bulbul)', 1, 31000, 31000, 1, 3, '2019-02-01 22:52:34'),
(730, NULL, 16, '2018-06-14', 12, 'Cash In', 1, 87200, 87200, 1, 3, '2019-02-01 22:52:34'),
(731, NULL, 16, '2018-06-14', 47, 'bkash', 1, 200, 200, 1, 3, '2019-02-01 22:54:07'),
(732, NULL, 16, '2018-06-20', 39, 'Rasel=dijel-135 L', 1, 8935, 8935, 1, 3, '2019-02-01 22:59:19'),
(733, NULL, 16, '2018-06-20', 34, 'P/M', 1, 200, 200, 1, 3, '2019-02-01 22:59:19'),
(734, NULL, 16, '2018-06-20', 47, 'Dhar porishod', 1, 405, 405, 1, 3, '2019-02-01 22:59:19'),
(735, NULL, 16, '2018-06-20', 12, 'Cash In', 1, 8935, 8935, 1, 3, '2019-02-01 23:00:32'),
(736, NULL, 16, '2018-06-21', 39, 'Belal', 1, 2000, 2000, 1, 3, '2019-02-01 23:03:49'),
(737, NULL, 16, '2018-06-21', 34, 'p/m', 1, 195, 195, 1, 3, '2019-02-01 23:03:49'),
(738, NULL, 16, '2018-06-21', 12, 'Cash In', 1, 2000, 2000, 1, 3, '2019-02-01 23:03:49'),
(739, NULL, 16, '2018-06-22', 36, 'khuraki', 1, 8000, 8000, 1, 3, '2019-02-01 23:15:11'),
(740, NULL, 16, '2018-06-22', 41, 'day', 2, 350, 700, 1, 3, '2019-02-01 23:15:11'),
(741, NULL, 16, '2018-06-22', 34, 'p/m', 1, 200, 200, 1, 3, '2019-02-01 23:15:11'),
(742, NULL, 16, '2018-06-22', 12, 'Cash In(R-10000)', 1, 10000, 10000, 1, 3, '2019-02-01 23:15:11'),
(743, NULL, 16, '2018-06-25', 36, 'khuraki', 1, 3000, 3000, 1, 3, '2019-02-01 23:38:31'),
(744, NULL, 16, '2018-06-25', 43, 'UE Mamun', 1, 10000, 10000, 1, 3, '2019-02-01 23:38:31'),
(745, NULL, 16, '2018-06-25', 43, 'SO CHERAGI', 1, 15000, 15000, 1, 3, '2019-02-01 23:38:31'),
(746, NULL, 16, '2018-06-25', 43, 'W/A Kafil', 1, 3000, 3000, 1, 3, '2019-02-01 23:38:31'),
(747, NULL, 16, '2018-06-25', 34, 'Major/Rabiul', 1, 1200, 1200, 1, 3, '2019-02-01 23:38:31'),
(748, NULL, 16, '2018-06-25', 33, 'm', 1, 500, 500, 1, 3, '2019-02-01 23:38:31'),
(749, NULL, 16, '2018-06-25', 47, 'DA Shohidul+bank-200', 1, 1700, 1700, 1, 3, '2019-02-01 23:38:31'),
(750, NULL, 16, '2018-06-25', 47, 'vata lebar', 1, 100, 100, 1, 3, '2019-02-01 23:38:31'),
(751, NULL, 16, '2018-06-25', 61, 'RAZZAK', 1, 500, 500, 1, 3, '2019-02-01 23:38:31'),
(752, NULL, 16, '2018-06-25', 61, 'So.Jafor pc', 1, 6000, 6000, 1, 3, '2019-02-01 23:38:31'),
(753, NULL, 16, '2018-06-25', 61, 'Ac Shomir', 1, 3000, 3000, 1, 3, '2019-02-01 23:38:31'),
(754, NULL, 16, '2018-06-25', 61, 'Fand Babod', 1, 6000, 6000, 1, 3, '2019-02-01 23:38:31'),
(755, NULL, 16, '2018-06-25', 61, 'Lb-Tast', 1, 13000, 13000, 1, 3, '2019-02-01 23:38:31'),
(756, NULL, 16, '2018-06-25', 39, 'Belal Paid+', 1, 3500, 3500, 1, 3, '2019-02-01 23:38:31'),
(757, NULL, 16, '2018-06-25', 39, 'Juel+Moksed', 1, 6500, 6500, 1, 3, '2019-02-01 23:38:31'),
(759, NULL, 16, '2018-06-25', 72, 'sd=5%', 1, 58554, 58554, 1, 3, '2019-02-01 23:38:31'),
(760, NULL, 16, '2018-06-25', 70, 'Icor=', 1, 58554, 58554, 1, 3, '2019-02-01 23:38:31'),
(761, NULL, 16, '2018-06-25', 71, 'Vat-%', 1, 81975, 81975, 1, 3, '2019-02-01 23:38:31'),
(762, NULL, 16, '2018-06-25', 69, 'lab-1.5%', 1, 15000, 15000, 1, 3, '2019-02-01 23:38:31'),
(763, NULL, 16, '2018-06-25', 67, 'Frist R/A  bil', 1, 1173070, 1173070, 1, 3, '2019-02-01 23:42:43'),
(764, NULL, 16, '2018-06-28', 36, 'khuraki', 1, 3700, 3700, 1, 3, '2019-02-01 23:52:22'),
(765, NULL, 16, '2018-06-28', 39, 'Jhap vanga Akram dvr', 1, 500, 500, 1, 3, '2019-02-01 23:52:22'),
(766, NULL, 16, '2018-06-28', 34, 'p/m', 1, 220, 220, 1, 3, '2019-02-01 23:52:22'),
(767, NULL, 16, '2018-06-26', 36, 'khuraki', 1, 2800, 2800, 1, 3, '2019-02-01 23:55:46'),
(768, NULL, 18, '2017-02-25', 60, 'Ps', 1, 138254, 138254, 1, 3, '2019-02-01 23:59:57'),
(769, NULL, 18, '2017-02-25', 33, 'Site Cost', 1, 300, 300, 1, 3, '2019-02-01 23:59:57'),
(770, NULL, 18, '2017-02-25', 47, 'khana ', 1, 320, 320, 1, 3, '2019-02-01 23:59:57'),
(771, NULL, 18, '2017-02-25', 43, 'AC Shomir Nalatibari', 1, 400, 400, 1, 3, '2019-02-01 23:59:57'),
(772, NULL, 18, '2017-02-25', 47, 'BAQ', 1, 125, 125, 1, 3, '2019-02-01 23:59:57');
INSERT INTO `tbl_accounts` (`id`, `invoice_number`, `project_id`, `date`, `account_head_id`, `description`, `quantity`, `rate`, `amount`, `status`, `insert_by`, `insert_time`) VALUES
(773, NULL, 18, '2017-02-25', 47, 'Stemp', 1, 330, 330, 1, 3, '2019-02-02 13:11:53'),
(774, NULL, 18, '2017-02-25', 33, 'P Sucurity Cost', 1, 230, 230, 1, 3, '2019-02-01 23:59:57'),
(775, NULL, 18, '2017-02-25', 61, 'Anuar+Juwel', 1, 2000, 2000, 1, 3, '2019-02-02 00:01:51'),
(776, NULL, 18, '2017-02-25', 66, 'Cash In', 1, 3585, 3585, 1, 3, '2019-02-01 23:59:57'),
(777, NULL, 18, '2017-02-25', 87, 'Cash In', 1, 138374, 138374, 1, 3, '2019-02-01 23:59:57'),
(778, NULL, 18, '2017-03-13', 47, 'ইস্টিমেট ফটোকপি', 1, 200, 200, 1, 3, '2019-02-02 00:09:35'),
(779, NULL, 18, '2017-03-13', 61, 'রাজ্জাক LGED', 1, 100, 100, 1, 3, '2019-02-02 00:09:35'),
(780, NULL, 18, '2017-03-13', 66, 'Cash In', 1, 300, 300, 1, 3, '2019-02-02 00:09:35'),
(781, NULL, 16, '2018-06-26', 101, 'Adv Bolder Khua', 1, 100000, 100000, 1, 3, '2019-02-02 00:10:53'),
(782, NULL, 16, '2018-06-26', 43, 'Charagi', 1, 7000, 7000, 1, 3, '2019-02-02 00:10:53'),
(783, NULL, 16, '2018-06-26', 33, 'cha', 1, 100, 100, 1, 3, '2019-02-02 00:10:53'),
(784, NULL, 16, '2018-06-26', 43, 'W/A Kafil', 1, 3000, 3000, 1, 3, '2019-02-02 00:10:53'),
(785, NULL, 16, '2018-06-26', 43, 'Ac Babul', 1, 2500, 2500, 1, 3, '2019-02-02 00:10:53'),
(786, NULL, 16, '2018-06-26', 33, 'Sujon Vai', 1, 500, 500, 1, 3, '2019-02-02 00:10:53'),
(787, NULL, 16, '2018-06-26', 43, 'UE Mamun', 1, 10000, 10000, 1, 3, '2019-02-02 00:10:53'),
(788, NULL, 16, '2018-06-26', 43, 'Pion', 1, 500, 500, 1, 3, '2019-02-02 00:10:53'),
(789, NULL, 16, '2018-06-26', 34, 'p/m', 1, 200, 200, 1, 3, '2019-02-02 00:10:53'),
(790, NULL, 16, '2018-06-26', 12, 'Cash In', 1, 133100, 133100, 1, 3, '2019-02-02 00:10:53'),
(791, NULL, 16, '2018-06-26', 81, 'Withdraw', 1, 894318, 894318, 1, 3, '2019-02-02 00:13:41'),
(792, NULL, 18, '2017-12-06', 33, 'petrol/mobile', 1, 150, 150, 1, 3, '2019-02-02 13:05:30'),
(793, NULL, 18, '2017-12-06', 33, 'petrol/mobile', 1, 150, 150, 1, 3, '2019-02-02 13:06:34'),
(794, NULL, 18, '2017-12-06', 12, 'Cash In', 1, 300, 300, 1, 3, '2019-02-02 13:07:29'),
(795, NULL, 18, '2017-03-14', 47, 'EGP PIF', 1, 230, 230, 1, 3, '2019-02-02 00:16:49'),
(796, NULL, 18, '2017-03-14', 12, 'Cash In', 1, 230, 230, 1, 3, '2019-02-02 00:16:49'),
(797, NULL, 16, '2018-06-27', 36, 'khuraki', 1, 10000, 10000, 1, 3, '2019-02-02 00:20:09'),
(798, NULL, 16, '2018-06-27', 44, 'beton', 1, 1000, 1000, 1, 3, '2019-02-02 00:20:09'),
(799, NULL, 16, '2018-06-27', 34, 'p/m', 1, 200, 200, 1, 3, '2019-02-02 00:20:09'),
(800, NULL, 16, '2018-06-27', 47, 'TIUB Monir', 1, 280, 280, 1, 3, '2019-02-02 00:20:09'),
(801, NULL, 16, '2018-06-27', 12, 'Cash In', 1, 11480, 11480, 1, 3, '2019-02-02 00:21:07'),
(802, NULL, 18, '2017-11-20', 43, 'হামিদ', 1, 300, 300, 1, 3, '2019-02-02 00:22:02'),
(803, NULL, 18, '2017-11-20', 34, 'Petrol/Mobile', 1, 200, 200, 1, 3, '2019-02-02 00:22:02'),
(804, NULL, 18, '2017-11-20', 12, 'Cash In', 1, 500, 500, 1, 3, '2019-02-02 13:20:29'),
(805, NULL, 16, '2018-06-28', 12, 'Cash In', 1, 4420, 4420, 1, 3, '2019-02-02 00:24:31'),
(806, NULL, 16, '2018-06-30', 97, '29/6/18  dijel+mobil', 1, 740, 740, 1, 3, '2019-02-02 00:32:26'),
(807, NULL, 16, '2018-06-30', 34, '29/6/18 p/m', 1, 220, 220, 1, 3, '2019-02-02 00:32:26'),
(808, NULL, 16, '2018-06-30', 36, 'khuraki', 1, 1500, 1500, 1, 3, '2019-02-02 00:32:26'),
(809, NULL, 16, '2018-06-30', 34, 'p/m', 1, 200, 200, 1, 3, '2019-02-02 00:32:26'),
(810, NULL, 16, '2018-06-30', 12, 'Cash In', 1, 2660, 2660, 1, 3, '2019-02-02 00:32:26'),
(811, NULL, 18, '2017-12-08', 47, 'রড খরচ', 1, 17250, 17250, 1, 3, '2019-02-02 00:35:37'),
(812, NULL, 18, '2017-12-08', 74, 'মজিদ মিস্ত্রি', 1, 1000, 1000, 1, 3, '2019-02-02 00:35:37'),
(813, NULL, 18, '2017-12-08', 33, 'চা পান খরচ', 1, 170, 170, 1, 3, '2019-02-02 00:35:37'),
(814, NULL, 18, '2017-12-08', 33, 'বানের খরচ', 1, 500, 500, 1, 3, '2019-02-02 00:35:37'),
(815, NULL, 18, '2017-12-08', 34, 'petrol/mobile', 1, 150, 150, 1, 3, '2019-02-02 00:35:37'),
(816, NULL, 18, '2017-12-08', 47, 'Bkash', 1, 360, 360, 1, 3, '2019-02-02 00:35:37'),
(817, NULL, 18, '2017-12-08', 12, 'Cash In', 1, 19430, 19430, 1, 3, '2019-02-02 00:35:37'),
(818, NULL, 16, '2018-07-01', 94, 'Lebar lebar', 1, 2120, 2120, 1, 3, '2019-02-02 00:37:35'),
(819, NULL, 16, '2018-07-01', 47, 'Pamp meramot', 1, 1000, 1000, 1, 3, '2019-02-02 00:37:35'),
(820, NULL, 16, '2018-07-01', 12, 'Cash In', 1, 3120, 3120, 1, 3, '2019-02-02 00:37:35'),
(821, NULL, 16, '2018-07-02', 99, 'Mobil', 1, 6950, 6950, 1, 3, '2019-02-02 00:44:29'),
(822, NULL, 16, '2018-07-02', 99, 'Hidrolik', 1, 3160, 3160, 1, 3, '2019-02-02 00:44:29'),
(823, NULL, 16, '2018-07-02', 99, 'Mekar vara cng', 1, 800, 800, 1, 3, '2019-02-02 00:44:29'),
(824, NULL, 16, '2018-07-02', 34, 'p/m', 1, 290, 290, 1, 3, '2019-02-02 00:44:29'),
(825, NULL, 16, '2018-07-02', 54, 'Beton (Mobile)', 1, 4400, 4400, 1, 3, '2019-02-02 00:44:29'),
(826, NULL, 16, '2018-07-02', 99, 'Pamp oilsil', 1, 1000, 1000, 1, 3, '2019-02-02 00:44:29'),
(827, NULL, 16, '2018-07-02', 12, 'Cash In', 1, 16600, 16600, 1, 3, '2019-02-02 00:44:29'),
(828, NULL, 16, '2018-07-03', 102, 'Star Vata Adv', 1, 50000, 50000, 1, 3, '2019-02-02 00:46:31'),
(829, NULL, 16, '2018-07-03', 12, 'Cash In', 1, 50000, 50000, 1, 3, '2019-02-02 00:46:31'),
(830, NULL, 16, '2018-07-07', 102, 'Pk Vanga Juel', 1, 3000, 3000, 1, 3, '2019-02-02 00:54:42'),
(831, NULL, 16, '2018-07-07', 34, 'p/m', 1, 150, 150, 1, 3, '2019-02-02 00:54:42'),
(832, NULL, 16, '2018-07-07', 101, 'Bolder/27.6.18=852 Cft.28.6.18=1565 Cft=2417 C', 1, 100000, 100000, 1, 3, '2019-02-02 00:54:42'),
(833, NULL, 16, '2018-07-07', 12, 'Cash In', 1, 103150, 103150, 1, 3, '2019-02-02 00:54:42'),
(834, NULL, 16, '2018-07-08', 102, 'Juel vanga', 1, 2000, 2000, 1, 3, '2019-02-02 01:00:59'),
(835, NULL, 16, '2018-07-08', 99, 'Hidrolik 5 L', 1, 850, 850, 1, 3, '2019-02-02 01:00:59'),
(836, NULL, 16, '2018-07-08', 47, 'Bkash', 1, 30, 30, 1, 3, '2019-02-02 01:00:59'),
(837, NULL, 16, '2018-07-08', 54, 'khuraki', 1, 620, 620, 1, 3, '2019-02-02 01:00:59'),
(838, NULL, 16, '2018-07-08', 34, 'p/m', 1, 200, 200, 1, 3, '2019-02-02 01:00:59'),
(839, NULL, 16, '2018-07-08', 12, 'Cash In', 1, 3700, 3700, 1, 3, '2019-02-02 01:02:25'),
(840, NULL, 18, '2017-12-09', 74, 'মজিদ মিস্ত্রি', 1, 1500, 1500, 1, 3, '2019-02-02 01:05:50'),
(841, NULL, 18, '2017-12-09', 98, 'tafe Dijel+oil', 1, 3805, 3805, 1, 3, '2019-02-02 01:05:50'),
(842, NULL, 18, '2017-12-09', 47, 'diver', 1, 100, 100, 1, 3, '2019-02-02 01:05:50'),
(843, NULL, 18, '2017-12-09', 47, 'Petrol', 1, 100, 100, 1, 3, '2019-02-02 01:05:50'),
(844, NULL, 18, '2017-12-09', 47, 'খানা', 1, 140, 140, 1, 3, '2019-02-02 01:05:50'),
(845, NULL, 18, '2017-12-09', 47, 'মোবাইল+চা পান খরচ', 1, 100, 100, 1, 3, '2019-02-02 01:07:24'),
(846, NULL, 18, '2017-12-09', 47, 'Bkash', 1, 140, 140, 1, 3, '2019-02-02 01:05:50'),
(847, NULL, 18, '2017-12-09', 12, 'Cash In', 1, 5885, 5885, 1, 3, '2019-02-02 01:05:50'),
(848, NULL, 16, '2018-07-09', 99, 'Pamp  Meramot Dhaka', 1, 8000, 8000, 1, 3, '2019-02-02 01:10:19'),
(849, NULL, 16, '2018-07-09', 99, 'Suhel', 1, 2000, 2000, 1, 3, '2019-02-02 01:10:19'),
(850, NULL, 16, '2018-07-09', 99, 'Dhaka vara', 1, 600, 600, 1, 3, '2019-02-02 01:10:19'),
(851, NULL, 16, '2018-07-09', 99, 'cng vara dhaka', 1, 600, 600, 1, 3, '2019-02-02 01:10:19'),
(852, NULL, 16, '2018-07-09', 99, 'Hidrolik', 1, 1500, 1500, 1, 3, '2019-02-02 01:10:19'),
(853, NULL, 16, '2018-07-09', 99, 'dhaka bas + cng vara', 1, 450, 450, 1, 3, '2019-02-02 01:10:19'),
(854, NULL, 16, '2018-07-09', 99, 'dhaka khana others', 1, 1550, 1550, 1, 3, '2019-02-02 01:10:19'),
(855, NULL, 16, '2018-07-09', 47, 'bettari', 1, 50, 50, 1, 3, '2019-02-02 01:10:19'),
(856, NULL, 16, '2018-07-09', 12, 'Cash In', 1, 14750, 14750, 1, 3, '2019-02-02 01:10:19'),
(857, NULL, 16, '2018-07-10', 102, 'Pk vanga juel (bolder=500 cft) gon', 1, 5600, 5600, 1, 3, '2019-02-02 01:13:54'),
(858, NULL, 16, '2018-07-10', 34, 'p/m', 1, 150, 150, 1, 3, '2019-02-02 01:13:54'),
(859, NULL, 16, '2018-07-10', 12, 'Cash In', 1, 5750, 5750, 1, 3, '2019-02-02 01:13:54'),
(860, NULL, 16, '2018-07-19', 39, 'Rasel d-84 L-Tk-1600', 1, 7119, 7119, 1, 3, '2019-02-02 01:18:59'),
(861, NULL, 16, '2018-07-19', 47, ' Biddut bil offic', 1, 1000, 1000, 1, 3, '2019-02-02 01:18:59'),
(862, NULL, 16, '2018-07-19', 33, 'khana', 1, 195, 195, 1, 3, '2019-02-02 01:18:59'),
(863, NULL, 16, '2018-07-19', 12, 'Cash In', 1, 8314, 8314, 1, 3, '2019-02-02 01:19:17'),
(864, NULL, 16, '2018-07-21', 39, 'Rasel', 1, 3000, 3000, 1, 3, '2019-02-02 01:28:02'),
(865, NULL, 16, '2018-07-21', 39, 'Juel Star vata(bolder -994 cft)', 1, 6000, 6000, 1, 3, '2019-02-02 01:29:25'),
(866, NULL, 16, '2018-07-21', 62, 'tak', 1, 200, 200, 1, 3, '2019-02-02 01:28:02'),
(867, NULL, 16, '2018-07-21', 39, 'Rolar Tak vara', 1, 5000, 5000, 1, 3, '2019-02-02 01:28:02'),
(868, NULL, 16, '2018-07-21', 34, 'আট দিন /mobile', 1, 1800, 1800, 1, 3, '2019-02-02 01:28:02'),
(869, NULL, 16, '2018-07-21', 33, 'khana', 1, 370, 370, 1, 3, '2019-02-02 01:28:02'),
(870, NULL, 16, '2018-07-21', 100, 'beton', 1, 1000, 1000, 1, 3, '2019-02-02 01:28:02'),
(871, NULL, 16, '2018-07-21', 12, 'Cash In', 1, 17370, 17370, 1, 3, '2019-02-02 01:28:02'),
(872, NULL, 16, '2018-07-22', 39, 'Rasel (Star vata bolder=500 cft)', 1, 4545, 4545, 1, 3, '2019-02-02 01:42:35'),
(873, NULL, 16, '2018-07-22', 62, 'tak', 1, 100, 100, 1, 3, '2019-02-02 01:42:35'),
(874, NULL, 16, '2018-07-22', 33, 'cha/nasta', 1, 105, 105, 1, 3, '2019-02-02 01:42:35'),
(875, NULL, 16, '2018-07-22', 102, 'Juel pk vanga', 1, 1200, 1200, 1, 3, '2019-02-02 01:42:35'),
(876, NULL, 16, '2018-07-22', 34, 'p/m', 1, 150, 150, 1, 3, '2019-02-02 01:42:35'),
(877, NULL, 16, '2018-07-22', 100, 'Beton', 1, 22500, 22500, 1, 3, '2019-02-02 01:42:35'),
(878, NULL, 16, '2018-07-22', 12, 'Cash In', 1, 28600, 28600, 1, 3, '2019-02-02 01:42:35'),
(879, NULL, 16, '2018-07-23', 36, 'khuraki', 1, 4000, 4000, 1, 3, '2019-02-02 02:51:47'),
(880, NULL, 16, '2018-07-23', 34, 'p/m', 1, 220, 220, 1, 3, '2019-02-02 02:51:47'),
(881, NULL, 16, '2018-07-23', 47, 'bkash', 1, 100, 100, 1, 3, '2019-02-02 02:51:47'),
(882, NULL, 16, '2018-07-23', 12, 'Cash In', 1, 5000, 5000, 1, 3, '2019-02-02 02:53:00'),
(883, NULL, 16, '2018-07-24', 61, 'Lab khana', 1, 1000, 1000, 1, 3, '2019-02-02 02:59:08'),
(884, NULL, 16, '2018-07-24', 39, '12/8/18-juel (Star vata bolder -479 cft)', 1, 5720, 5720, 1, 3, '2019-02-02 03:09:34'),
(885, NULL, 16, '2018-07-24', 39, '12/8/18-Rasel', 1, 2500, 2500, 1, 3, '2019-02-02 02:59:08'),
(886, NULL, 16, '2018-07-24', 39, '12/8/18-Sujon Star vata-454 cft bolder', 1, 5720, 5720, 1, 3, '2019-02-02 03:08:45'),
(887, NULL, 16, '2018-07-24', 41, '12/8/18 Monir lebar', 10, 300, 3000, 1, 3, '2019-02-02 02:59:08'),
(888, NULL, 16, '2018-07-24', 47, 'I/C Jorimana', 1, 2000, 2000, 1, 3, '2019-02-02 02:59:08'),
(889, NULL, 16, '2018-07-24', 104, 'Ujjal Vai', 9, 9000, 81000, 1, 3, '2019-02-02 03:06:23'),
(890, NULL, 16, '2018-07-24', 12, 'Cash In', 1, 100940, 100940, 1, 3, '2019-02-02 03:06:23'),
(891, NULL, 16, '2018-08-20', 99, 'Suhel Misrti', 1, 2000, 2000, 1, 3, '2019-02-02 03:17:53'),
(892, NULL, 16, '2018-08-20', 102, 'pk vanga juel', 1, 8000, 8000, 1, 3, '2019-02-02 03:17:53'),
(893, NULL, 16, '2018-08-20', 54, 'Bahadur beton', 1, 10000, 10000, 1, 3, '2019-02-02 03:17:53'),
(894, NULL, 16, '2018-08-20', 12, 'Cash In', 1, 20000, 20000, 1, 3, '2019-02-02 03:17:53'),
(895, NULL, 16, '2018-08-22', 47, 'trajri  shahidul', 1, 2000, 2000, 1, 3, '2019-02-02 03:27:45'),
(896, NULL, 16, '2018-08-22', 47, 'sonali bank', 1, 200, 200, 1, 3, '2019-02-02 03:27:45'),
(897, NULL, 16, '2018-08-22', 72, 'জামানত ৫%', 1, 57771, 57771, 1, 3, '2019-02-02 03:27:45'),
(898, NULL, 16, '2018-08-22', 70, 'icore 5%', 1, 46217, 46217, 1, 3, '2019-02-02 03:27:45'),
(899, NULL, 16, '2018-08-22', 71, 'vat 7%', 1, 80880, 80880, 1, 3, '2019-02-02 03:27:45'),
(900, NULL, 16, '2018-08-22', 69, 'lab test 1%', 1, 15000, 15000, 1, 3, '2019-02-02 03:27:45'),
(901, NULL, 16, '2018-08-22', 67, '2nd R/A Bill', 1, 1155426, 1155426, 1, 3, '2019-02-02 03:27:45'),
(902, NULL, 16, '2018-09-11', 0, '', 1, 5000, 5000, 1, 3, '2019-02-02 03:30:25'),
(903, NULL, 16, '2018-09-11', 61, 'PC so Jafor', 1, 5000, 5000, 1, 3, '2019-02-02 03:35:46'),
(904, NULL, 16, '2018-09-11', 61, '2- Medam', 1, 5000, 5000, 1, 3, '2019-02-02 03:35:46'),
(905, NULL, 16, '2018-09-11', 61, 'Lt+kashem+ahommad', 1, 7000, 7000, 1, 3, '2019-02-02 03:35:46'),
(906, NULL, 16, '2018-09-11', 61, 'AC Shomir', 1, 3000, 3000, 1, 3, '2019-02-02 03:35:46'),
(907, NULL, 16, '2018-09-11', 61, 'Razzak', 1, 300, 300, 1, 3, '2019-02-02 03:35:46'),
(908, NULL, 16, '2018-09-11', 12, 'Cash In', 1, 20300, 20300, 1, 3, '2019-02-02 03:35:46'),
(909, NULL, 16, '2018-09-11', 81, 'Withdraw', 1, 954038, 954038, 1, 3, '2019-02-02 03:35:46'),
(910, NULL, 16, '2018-09-12', 62, 'tak lebar+pk vanga lebar=200+100-(24.7.18)', 1, 300, 300, 1, 3, '2019-02-02 03:57:08'),
(911, NULL, 16, '2018-09-12', 36, 'khuraki (24.7.18)=3500/26.7.18=3000', 1, 6500, 6500, 1, 3, '2019-02-02 03:57:08'),
(912, NULL, 16, '2018-09-12', 97, 'dijel (24.7.18)', 1, 1005, 1005, 1, 3, '2019-02-02 03:57:08'),
(913, NULL, 16, '2018-09-12', 33, 'khana (24.7.18)=120/26.7.18=120', 2, 120, 240, 1, 3, '2019-02-02 03:57:08'),
(914, NULL, 16, '2018-09-12', 34, 'p/m (24.7.18150/26.7.18=150', 2, 150, 300, 1, 3, '2019-02-02 03:57:08'),
(915, NULL, 16, '2018-09-12', 47, 'bkash (24.7.18)=100/26.7.18=100', 1, 200, 200, 1, 3, '2019-02-02 03:57:08'),
(916, NULL, 16, '2018-09-12', 49, 'khua tana', 1, 500, 500, 1, 3, '2019-02-02 03:57:08'),
(917, NULL, 16, '2018-09-12', 54, 'khuraki bahadur', 1, 200, 200, 1, 3, '2019-02-02 03:57:08'),
(918, NULL, 16, '2018-09-12', 47, 'monir motor cicle clasplet', 1, 520, 520, 1, 3, '2019-02-02 03:57:08'),
(919, NULL, 16, '2018-09-12', 44, 'beton', 1, 1000, 1000, 1, 3, '2019-02-02 03:57:08'),
(920, NULL, 16, '2018-09-12', 54, 'khuraki-bahadur (27.7.18)', 1, 200, 200, 1, 3, '2019-02-02 03:57:08'),
(921, NULL, 16, '2018-09-12', 33, 'khana/bkash', 1, 260, 260, 1, 3, '2019-02-02 03:57:08'),
(922, NULL, 16, '2018-09-12', 34, 'p/m', 1, 150, 150, 1, 3, '2019-02-02 03:57:08'),
(923, NULL, 16, '2018-09-12', 97, 'dijel', 1, 1675, 1675, 1, 3, '2019-02-02 03:57:08'),
(924, NULL, 16, '2018-09-12', 36, 'khuraki', 1, 1300, 1300, 1, 3, '2019-02-02 03:57:08'),
(925, NULL, 16, '2018-09-12', 73, '২ টাফে নালিতাবাড়ি', 2, 2000, 4000, 1, 3, '2019-02-02 03:57:08'),
(926, NULL, 16, '2018-09-12', 12, 'Cash In', 1, 18350, 18350, 1, 3, '2019-02-02 03:57:08'),
(927, NULL, 16, '2018-09-13', 100, 'Beton (12/8/18', 1, 25650, 25650, 1, 3, '2019-02-02 04:03:10'),
(928, NULL, 16, '2018-09-13', 99, 'Meramot', 1, 4450, 4450, 1, 3, '2019-02-02 04:03:31'),
(929, NULL, 16, '2018-09-13', 12, 'Cash In', 1, 30100, 30100, 1, 3, '2019-02-02 04:03:57'),
(930, NULL, 16, '2018-11-15', 102, 'Paid', 1, 127084, 127084, 1, 3, '2019-02-02 04:06:41'),
(931, NULL, 16, '2018-11-15', 99, 'Suhel (29/01/19)', 1, 1000, 1000, 1, 3, '2019-02-02 04:06:41'),
(932, NULL, 16, '2018-11-15', 12, 'Cash In', 1, 307879, 307879, 1, 3, '2019-02-02 12:32:24'),
(933, NULL, 16, '2018-11-15', 89, 'Withdraw', 1, 179795, 179795, 1, 3, '2019-02-02 04:13:14'),
(934, NULL, 16, '2019-01-29', 94, 'No-1 (4/2/18)', 3000, 8, 24000, 1, 3, '2019-02-02 12:22:45'),
(935, NULL, 16, '2019-01-29', 94, 'Pk-(914/5/1/-27/5/18)', 36500, 7.3, 266450, 1, 3, '2019-02-02 12:22:45'),
(936, NULL, 16, '2019-01-29', 12, 'Bulbul-274530(Hamid com=1100000', 1, 279730, 279730, 1, 3, '2019-02-02 12:42:09'),
(937, NULL, 18, '2017-12-12', 34, 'CNG Vara', 1, 400, 400, 1, 3, '2019-02-02 13:29:00'),
(938, NULL, 18, '2017-12-12', 74, 'khuraki', 1, 700, 700, 1, 3, '2019-02-02 13:29:00'),
(939, NULL, 18, '2017-12-12', 33, 'cha/pan', 1, 90, 90, 1, 3, '2019-02-02 13:29:00'),
(940, NULL, 18, '2017-12-12', 12, 'Cash In', 1, 1190, 1190, 1, 3, '2019-02-02 13:29:20'),
(941, NULL, 18, '2017-12-13', 74, 'khuraki', 1, 5000, 5000, 1, 3, '2019-02-02 13:32:06'),
(942, NULL, 18, '2017-12-13', 34, 'p/m', 1, 100, 100, 1, 3, '2019-02-02 13:32:06'),
(943, NULL, 18, '2017-12-13', 33, 'cha', 1, 70, 70, 1, 3, '2019-02-02 16:36:58'),
(944, NULL, 18, '2017-12-13', 12, 'Cash In', 1, 5170, 5170, 1, 3, '2019-02-02 13:32:06'),
(946, NULL, 18, '2017-12-14', 54, 'Khuraki bahadur', 1, 300, 300, 1, 3, '2019-02-02 13:41:48'),
(947, NULL, 18, '2017-12-14', 54, 'dijel', 1, 670, 670, 1, 3, '2019-02-02 13:41:48'),
(948, NULL, 18, '2017-12-14', 34, 'p/m', 1, 160, 160, 1, 3, '2019-02-02 13:41:48'),
(949, NULL, 18, '2017-12-14', 33, 'khana', 1, 80, 80, 1, 3, '2019-02-02 13:41:48'),
(950, NULL, 18, '2017-12-14', 43, 'UE Mamun', 1, 2000, 2000, 1, 3, '2019-02-02 13:41:48'),
(951, NULL, 18, '2017-12-14', 47, 'ppc', 1, 10, 10, 1, 3, '2019-02-02 13:41:48'),
(952, NULL, 18, '2017-12-14', 65, 'Cash In', 1, 5000, 5000, 1, 3, '2019-02-02 13:41:48'),
(953, NULL, 18, '2017-12-15', 74, 'khuraki', 1, 1000, 1000, 1, 3, '2019-02-02 13:45:20'),
(954, NULL, 18, '2017-12-15', 34, 'p/m', 1, 220, 220, 1, 3, '2019-02-02 14:08:25'),
(955, NULL, 18, '2017-12-15', 99, 'Malamal', 1, 2490, 2490, 1, 3, '2019-02-02 13:45:20'),
(956, NULL, 18, '2017-12-15', 12, 'Cash In', 1, 1930, 1930, 1, 3, '2019-02-02 14:09:08'),
(957, NULL, 18, '2017-12-17', 99, 'Rolar Meramot', 1, 9715, 9715, 1, 3, '2019-02-02 13:48:38'),
(958, NULL, 18, '2017-12-17', 99, 'Rolar Meramot (18/12/17)', 1, 2290, 2290, 1, 3, '2019-02-02 13:48:38'),
(959, NULL, 18, '2017-12-17', 12, 'Cash In', 1, 12005, 12005, 1, 3, '2019-02-02 13:48:38'),
(960, NULL, 18, '2017-12-18', 43, 'Hamid Sab/cha/pan', 1, 580, 580, 1, 3, '2019-02-02 13:55:18'),
(961, NULL, 18, '2017-12-18', 34, 'p/m', 1, 200, 200, 1, 3, '2019-02-02 13:55:18'),
(962, NULL, 18, '2017-12-18', 10, 'Julhas', 1, 15500, 15500, 1, 3, '2019-02-02 16:35:58'),
(963, NULL, 18, '2017-12-18', 34, '19/12/17', 1, 100, 100, 1, 3, '2019-02-02 13:55:18'),
(964, NULL, 18, '2017-12-18', 33, '19/12/17', 1, 50, 50, 1, 3, '2019-02-02 13:55:18'),
(965, NULL, 18, '2017-12-18', 34, '20/12/17', 1, 220, 220, 1, 3, '2019-02-02 13:55:18'),
(966, NULL, 18, '2017-12-18', 12, 'Cash In', 1, 16650, 16650, 1, 3, '2019-02-02 14:15:36'),
(967, NULL, 18, '2017-12-24', 34, '21/12/17', 1, 300, 300, 1, 3, '2019-02-02 14:01:16'),
(968, NULL, 18, '2017-12-24', 10, 'Julhas', 1, 8000, 8000, 1, 3, '2019-02-02 16:36:13'),
(969, NULL, 18, '2017-12-24', 34, 'p/m', 1, 150, 150, 1, 3, '2019-02-02 14:01:16'),
(970, NULL, 18, '2017-12-24', 12, 'Cash In', 1, 8450, 8450, 1, 3, '2019-02-02 14:01:16'),
(971, NULL, 18, '2017-12-25', 74, 'khuraki', 1, 800, 800, 1, 3, '2019-02-02 16:43:49'),
(972, NULL, 18, '2017-12-25', 34, '25-26/12/18', 2, 150, 300, 1, 3, '2019-02-02 16:43:49'),
(973, NULL, 18, '2017-12-25', 47, 'khana', 1, 70, 70, 1, 3, '2019-02-02 16:43:49'),
(974, NULL, 18, '2017-12-25', 12, 'Cash In', 1, 1170, 1170, 1, 3, '2019-02-02 16:43:49'),
(975, NULL, 18, '2018-01-12', 49, 'Al Amin (2/1/18)', 1, 1200, 1200, 1, 3, '2019-02-02 16:46:12'),
(976, NULL, 18, '2018-01-12', 10, 'Julhas', 1, 10000, 10000, 1, 3, '2019-02-02 16:46:12'),
(977, NULL, 18, '2018-01-12', 12, 'Cash In', 1, 11200, 11200, 1, 3, '2019-02-02 16:46:12'),
(978, NULL, 18, '2018-01-16', 34, 'p/m', 1, 250, 250, 1, 3, '2019-02-02 16:54:47'),
(979, NULL, 18, '2018-01-16', 74, 'khuraki(17/1/18)', 1, 500, 500, 1, 3, '2019-02-02 16:54:47'),
(980, NULL, 18, '2018-01-16', 34, 'p/m (19/1/18)', 1, 300, 300, 1, 3, '2019-02-02 16:54:47'),
(981, NULL, 18, '2018-01-16', 34, 'p/m (25/1/18) nasta', 1, 530, 530, 1, 3, '2019-02-02 16:54:47'),
(982, NULL, 18, '2018-01-16', 34, 'p/m', 1, 150, 150, 1, 3, '2019-02-02 16:54:47'),
(983, NULL, 18, '2018-01-16', 47, 'sigaret', 1, 210, 210, 1, 3, '2019-02-02 16:54:47'),
(984, NULL, 18, '2018-01-16', 12, 'Cash In', 1, 1940, 1940, 1, 3, '2019-02-02 16:54:47'),
(985, NULL, 18, '2018-01-26', 10, 'Julhas', 1, 5000, 5000, 1, 3, '2019-02-02 17:00:45'),
(986, NULL, 18, '2018-01-26', 47, 'bkash/cha nasta', 1, 330, 330, 1, 3, '2019-02-02 17:00:45'),
(987, NULL, 18, '2018-01-26', 34, 'p/m', 1, 230, 230, 1, 3, '2019-02-02 17:00:45'),
(988, NULL, 18, '2018-01-26', 34, 'p/m (27-28/1/18)', 1, 380, 380, 1, 3, '2019-02-02 17:00:45'),
(989, NULL, 18, '2018-01-26', 33, 'cha', 1, 60, 60, 1, 3, '2019-02-02 17:00:45'),
(990, NULL, 18, '2018-01-26', 12, 'Cash In', 1, 6000, 6000, 1, 3, '2019-02-02 17:00:45'),
(991, NULL, 18, '2018-01-29', 39, 'Lokman', 2, 5300, 10600, 1, 3, '2019-02-02 17:06:06'),
(992, NULL, 18, '2018-01-29', 10, 'Julhas', 1, 14000, 14000, 1, 3, '2019-02-02 17:06:06'),
(993, NULL, 18, '2018-01-29', 47, 'bkash', 1, 120, 120, 1, 3, '2019-02-02 17:06:06'),
(994, NULL, 18, '2018-01-29', 96, 'Juel', 1, 700, 700, 1, 3, '2019-02-02 17:06:06'),
(995, NULL, 18, '2018-01-29', 34, 'p/m-cha', 1, 275, 275, 1, 3, '2019-02-02 17:06:06'),
(996, NULL, 18, '2018-01-29', 12, 'Cash In', 1, 19695, 19695, 1, 3, '2019-02-02 17:06:06'),
(997, NULL, 18, '2018-01-29', 66, 'Cash In', 1, 6000, 6000, 1, 3, '2019-02-02 17:06:06'),
(998, NULL, 18, '2018-01-30', 33, 'sigaret 3 days', 3, 210, 630, 1, 3, '2019-02-02 17:25:17'),
(999, NULL, 18, '2018-01-30', 62, '4 tak ', 1, 1500, 1500, 1, 3, '2019-02-02 17:25:17'),
(1000, NULL, 18, '2018-01-30', 47, 'cha nasta', 1, 150, 150, 1, 3, '2019-02-02 17:25:17'),
(1001, NULL, 18, '2018-01-30', 39, 'Lokman', 1, 8000, 8000, 1, 3, '2019-02-02 17:25:17'),
(1002, NULL, 18, '2018-01-30', 34, 'p/m 3 days', 1, 800, 800, 1, 3, '2019-02-02 17:25:17'),
(1003, NULL, 18, '2018-01-30', 47, 'Onusthan', 1, 200, 200, 1, 3, '2019-02-02 17:25:17'),
(1004, NULL, 18, '2018-01-30', 47, 'Atik Manajar Shova', 1, 500, 500, 1, 3, '2019-02-02 17:25:17'),
(1005, NULL, 18, '2018-01-30', 96, 'juel', 1, 2800, 2800, 1, 3, '2019-02-02 17:25:17'),
(1006, NULL, 18, '2018-01-30', 74, 'khuraki', 1, 1600, 1600, 1, 3, '2019-02-02 17:25:17'),
(1007, NULL, 18, '2018-01-30', 47, 'bkash', 1, 400, 400, 1, 3, '2019-02-02 17:25:17'),
(1008, NULL, 18, '2018-01-30', 10, 'Julhas', 1, 9800, 9800, 1, 3, '2019-02-02 17:25:17'),
(1009, NULL, 18, '2018-01-30', 34, 'Monir/khana', 1, 310, 310, 1, 3, '2019-02-02 17:25:17'),
(1010, NULL, 18, '2018-01-30', 12, 'Cash In', 1, 1690, 1690, 1, 3, '2019-02-02 17:25:17'),
(1011, NULL, 18, '2018-01-30', 65, 'Cash In', 1, 20000, 20000, 1, 3, '2019-02-02 17:25:17'),
(1012, NULL, 18, '2018-01-30', 66, 'Cash In', 1, 5000, 5000, 1, 3, '2019-02-02 17:25:17'),
(1013, NULL, 18, '2018-01-31', 96, 'Juel', 1, 1500, 1500, 1, 3, '2019-02-02 17:31:42'),
(1014, NULL, 18, '2018-01-31', 74, 'khuraki', 1, 1600, 1600, 1, 3, '2019-02-02 17:31:42'),
(1015, NULL, 18, '2018-01-31', 47, 'Mesin vara', 1, 300, 300, 1, 3, '2019-02-02 17:31:42'),
(1016, NULL, 18, '2018-01-31', 44, 'beton', 1, 500, 500, 1, 3, '2019-02-02 17:31:42'),
(1017, NULL, 18, '2018-01-31', 34, 'p/m/khana', 1, 280, 280, 1, 3, '2019-02-02 17:31:42'),
(1018, NULL, 18, '2018-01-31', 12, 'Cash In', 1, 4180, 4180, 1, 3, '2019-02-02 17:31:42'),
(1019, NULL, 18, '2018-02-01', 96, 'Juel', 1, 2040, 2040, 1, 3, '2019-02-02 17:35:38'),
(1020, NULL, 18, '2018-02-01', 74, 'khuraki', 1, 1500, 1500, 1, 3, '2019-02-02 17:35:38'),
(1021, NULL, 18, '2018-02-01', 44, 'beton', 1, 400, 400, 1, 3, '2019-02-02 17:35:38'),
(1022, NULL, 18, '2018-02-01', 34, 'p/m/dvr', 1, 300, 300, 1, 3, '2019-02-02 17:35:38'),
(1023, NULL, 18, '2018-02-01', 34, 'monir', 1, 170, 170, 1, 3, '2019-02-02 17:35:38'),
(1024, NULL, 18, '2018-02-01', 47, 'bkash', 1, 160, 160, 1, 3, '2019-02-02 17:35:38'),
(1025, NULL, 18, '2018-02-01', 12, 'Cash In', 1, 4570, 4570, 1, 3, '2019-02-02 17:35:59'),
(1026, NULL, 18, '2018-02-03', 34, 'p/m (2/2/18)', 1, 150, 150, 1, 3, '2019-02-02 17:40:23'),
(1027, NULL, 18, '2018-02-03', 39, 'Lokman', 1, 8000, 8000, 1, 3, '2019-02-02 17:40:23'),
(1028, NULL, 18, '2018-02-03', 96, 'juel', 1, 5000, 5000, 1, 3, '2019-02-02 17:40:23'),
(1029, NULL, 18, '2018-02-03', 34, 'p/m cng', 1, 350, 350, 1, 3, '2019-02-02 17:40:23'),
(1030, NULL, 18, '2018-02-03', 10, 'Julhas', 1, 10000, 10000, 1, 3, '2019-02-02 17:40:23'),
(1031, NULL, 18, '2018-02-03', 44, 'beton', 1, 500, 500, 1, 3, '2019-02-02 17:40:23'),
(1032, NULL, 18, '2018-02-03', 12, 'Cash In', 1, 24000, 24000, 1, 3, '2019-02-02 17:40:23'),
(1033, NULL, 18, '2018-02-04', 62, 'tak', 1, 1000, 1000, 1, 3, '2019-02-02 17:46:44'),
(1034, NULL, 18, '2018-02-04', 96, 'juel', 1, 1800, 1800, 1, 3, '2019-02-02 17:46:44'),
(1035, NULL, 18, '2018-02-04', 39, 'Lokman', 1, 7000, 7000, 1, 3, '2019-02-02 17:46:44'),
(1036, NULL, 18, '2018-02-04', 44, 'beton', 1, 500, 500, 1, 3, '2019-02-02 17:46:44'),
(1037, NULL, 18, '2018-02-04', 34, 'p/m cng', 1, 240, 240, 1, 3, '2019-02-02 17:46:44'),
(1038, NULL, 18, '2018-02-04', 10, 'Julhas', 1, 40000, 40000, 1, 3, '2019-02-02 17:46:44'),
(1039, NULL, 18, '2018-02-04', 33, 'khana', 1, 130, 130, 1, 3, '2019-02-02 17:46:44'),
(1040, NULL, 18, '2018-02-04', 12, 'Cash In', 1, 50670, 50670, 1, 3, '2019-02-02 17:46:44'),
(1041, NULL, 18, '2018-02-05', 39, 'Lokman', 1, 5000, 5000, 1, 3, '2019-02-02 17:52:44'),
(1042, NULL, 18, '2018-02-05', 62, 'tak', 1, 500, 500, 1, 3, '2019-02-02 17:52:44'),
(1043, NULL, 18, '2018-02-05', 34, 'p/m/khana sigaret', 1, 610, 610, 1, 3, '2019-02-02 17:52:44'),
(1044, NULL, 18, '2018-02-05', 43, 'So Hamid Sab', 1, 5000, 5000, 1, 3, '2019-02-02 17:52:44'),
(1045, NULL, 18, '2018-02-05', 43, 'UE Mamun', 1, 8000, 8000, 1, 3, '2019-02-02 17:52:44'),
(1046, NULL, 18, '2018-02-05', 43, 'Pion/ babul', 1, 550, 550, 1, 3, '2019-02-02 17:52:44'),
(1047, NULL, 18, '2018-02-05', 47, 'cha Rolar namano', 1, 150, 150, 1, 3, '2019-02-02 17:52:44'),
(1048, NULL, 18, '2018-02-05', 34, 'Monir', 1, 280, 280, 1, 3, '2019-02-02 17:52:44'),
(1049, NULL, 18, '2018-02-05', 12, 'Cash In', 1, 20090, 20090, 1, 3, '2019-02-02 17:52:44'),
(1050, NULL, 18, '2018-02-06', 39, 'Lokman', 1, 13140, 13140, 1, 3, '2019-02-02 17:57:55'),
(1051, NULL, 18, '2018-02-06', 62, 'tak', 1, 500, 500, 1, 3, '2019-02-02 17:57:55'),
(1052, NULL, 18, '2018-02-06', 96, 'juel', 1, 3500, 3500, 1, 3, '2019-02-02 17:57:55'),
(1053, NULL, 18, '2018-02-06', 74, 'khuraki', 1, 800, 800, 1, 3, '2019-02-02 17:57:55'),
(1054, NULL, 18, '2018-02-06', 97, 'rolar', 1, 200, 200, 1, 3, '2019-02-02 17:57:55'),
(1055, NULL, 18, '2018-02-06', 54, 'khuraki', 1, 500, 500, 1, 3, '2019-02-02 17:57:55'),
(1056, NULL, 18, '2018-02-06', 34, 'p/m', 1, 220, 220, 1, 3, '2019-02-02 17:57:55'),
(1057, NULL, 18, '2018-02-06', 12, 'Cash In', 1, 18860, 18860, 1, 3, '2019-02-02 17:57:55'),
(1058, NULL, 18, '2018-02-07', 10, 'others 1 toli', 1, 1000, 1000, 1, 3, '2019-02-02 18:01:13'),
(1059, NULL, 18, '2018-02-07', 34, 'p/m', 1, 180, 180, 1, 3, '2019-02-02 18:01:13'),
(1060, NULL, 18, '2018-02-07', 33, 'khana', 1, 100, 100, 1, 3, '2019-02-02 18:01:13'),
(1061, NULL, 18, '2018-02-07', 12, 'Cash In', 1, 1280, 1280, 1, 3, '2019-02-02 18:01:13'),
(1062, NULL, 18, '2018-02-08', 10, 'Julhas', 1, 8000, 8000, 1, 3, '2019-02-02 18:04:32'),
(1063, NULL, 18, '2018-02-08', 41, 'day', 4, 400, 1600, 1, 3, '2019-02-02 18:04:32'),
(1064, NULL, 18, '2018-02-08', 34, 'p/m', 1, 220, 220, 1, 3, '2019-02-02 18:04:32'),
(1065, NULL, 18, '2018-02-08', 47, 'rolar dvr khana', 1, 100, 100, 1, 3, '2019-02-02 18:04:32'),
(1066, NULL, 18, '2018-02-08', 12, 'Cash In', 1, 9920, 9920, 1, 3, '2019-02-02 18:04:32'),
(1067, NULL, 18, '2018-02-09', 74, 'khuraki', 1, 1600, 1600, 1, 3, '2019-02-02 18:08:17'),
(1068, NULL, 18, '2018-02-09', 74, 'khuraki (10/2/18)', 1, 1200, 1200, 1, 3, '2019-02-02 18:08:17'),
(1069, NULL, 18, '2018-02-09', 99, 'Rolar Malamal', 1, 1950, 1950, 1, 3, '2019-02-02 18:08:17'),
(1070, NULL, 18, '2018-02-09', 99, 'Suhel', 1, 1050, 1050, 1, 3, '2019-02-02 18:08:17'),
(1071, NULL, 18, '2018-02-09', 12, 'Cash In', 1, 5800, 5800, 1, 3, '2019-02-02 18:08:17'),
(1072, NULL, 18, '2018-02-11', 39, 'Lokman', 1, 30000, 30000, 1, 3, '2019-02-02 18:17:26'),
(1073, NULL, 18, '2018-02-11', 47, 'dijel pani mesin', 1, 200, 200, 1, 3, '2019-02-02 18:17:26'),
(1074, NULL, 18, '2018-02-11', 74, 'khuraki', 1, 3200, 3200, 1, 3, '2019-02-02 18:17:26'),
(1075, NULL, 18, '2018-02-11', 44, 'beton', 1, 600, 600, 1, 3, '2019-02-02 18:17:26'),
(1076, NULL, 18, '2018-02-11', 47, 'nojel+planjar/mekar/tenki jalay', 1, 430, 430, 1, 3, '2019-02-02 18:17:26'),
(1077, NULL, 18, '2018-02-11', 10, 'Julhas', 1, 40000, 40000, 1, 3, '2019-02-02 18:17:26'),
(1078, NULL, 18, '2018-02-11', 54, 'beton', 1, 5000, 5000, 1, 3, '2019-02-02 18:17:26'),
(1079, NULL, 18, '2018-02-11', 97, 'dijel', 1, 1005, 1005, 1, 3, '2019-02-02 18:17:26'),
(1080, NULL, 18, '2018-02-11', 96, 'juel', 1, 5200, 5200, 1, 3, '2019-02-02 18:17:26'),
(1081, NULL, 18, '2018-02-11', 74, 'khuraki (12/2/18)', 1, 1600, 1600, 1, 3, '2019-02-02 18:17:26'),
(1082, NULL, 18, '2018-02-11', 12, 'Cash In', 1, 87235, 87235, 1, 3, '2019-02-02 18:17:26'),
(1083, NULL, 18, '2018-02-16', 97, 'dijel', 15, 67, 1005, 1, 3, '2019-02-02 18:26:10'),
(1084, NULL, 18, '2018-02-16', 47, '3\'\' dijel', 1, 200, 200, 1, 3, '2019-02-02 18:26:10'),
(1085, NULL, 18, '2018-02-16', 33, 'sutli/cha', 1, 40, 40, 1, 3, '2019-02-02 18:26:10'),
(1086, NULL, 18, '2018-02-16', 74, 'khurak', 1, 1500, 1500, 1, 3, '2019-02-02 18:26:10'),
(1087, NULL, 18, '2018-02-16', 54, 'khuraki', 1, 700, 700, 1, 3, '2019-02-02 18:26:10'),
(1088, NULL, 18, '2018-02-16', 10, 'Julhas/Jinna', 1, 5000, 5000, 1, 3, '2019-02-02 18:26:10'),
(1089, NULL, 18, '2018-02-16', 34, 'p/m', 1, 220, 220, 1, 3, '2019-02-02 18:26:10'),
(1090, NULL, 18, '2018-02-16', 62, 'tak/vata', 1, 600, 600, 1, 3, '2019-02-02 18:26:10'),
(1091, NULL, 18, '2018-02-16', 94, 'Bulbul', 1, 3000, 3000, 1, 3, '2019-02-02 18:26:10'),
(1092, NULL, 18, '2018-02-16', 33, 'sigater', 1, 210, 210, 1, 3, '2019-02-02 18:26:10'),
(1093, NULL, 18, '2018-02-16', 12, 'Cash In', 1, 12475, 12475, 1, 3, '2019-02-02 18:26:10'),
(1094, NULL, 18, '2018-02-17', 97, 'dijel', 15, 67, 1005, 1, 3, '2019-02-02 18:32:59'),
(1095, NULL, 18, '2018-02-17', 47, '3\'\' dijel', 1, 100, 100, 1, 3, '2019-02-02 18:32:59'),
(1096, NULL, 18, '2018-02-17', 54, 'khuraki', 1, 800, 800, 1, 3, '2019-02-02 18:32:59'),
(1097, NULL, 18, '2018-02-17', 10, 'Julhas', 1, 7800, 7800, 1, 3, '2019-02-02 18:32:59'),
(1098, NULL, 18, '2018-02-17', 47, 'bkash', 1, 320, 320, 1, 3, '2019-02-02 18:32:59'),
(1099, NULL, 18, '2018-02-17', 34, 'p/m', 1, 220, 220, 1, 3, '2019-02-02 18:32:59'),
(1100, NULL, 18, '2018-02-17', 74, 'khuraki', 1, 1200, 1200, 1, 3, '2019-02-02 18:32:59'),
(1101, NULL, 18, '2018-02-17', 12, 'Cash In', 1, 11445, 11445, 1, 3, '2019-02-02 18:32:59'),
(1102, NULL, 18, '2018-02-20', 74, 'khuraki', 1, 5000, 5000, 1, 3, '2019-02-02 18:46:16'),
(1103, NULL, 18, '2018-02-20', 34, 'p/m/sigaret', 1, 280, 280, 1, 3, '2019-02-02 18:46:16'),
(1104, NULL, 18, '2018-02-20', 74, 'khuraki (21/2/18)', 1, 5500, 5500, 1, 3, '2019-02-02 18:46:16'),
(1105, NULL, 18, '2018-02-20', 10, 'Julhas /Tota (21/2/18)', 1, 10000, 10000, 1, 3, '2019-02-02 18:46:16'),
(1106, NULL, 18, '2018-02-20', 34, 'p/m 21/2/18)', 1, 220, 220, 1, 3, '2019-02-02 18:46:16'),
(1107, NULL, 18, '2018-02-20', 74, 'Khuraki (22/2/18)', 1, 5500, 5500, 1, 3, '2019-02-02 18:46:16'),
(1108, NULL, 18, '2018-02-20', 47, '3\'\' dijel', 1, 200, 200, 1, 3, '2019-02-02 18:46:16'),
(1109, NULL, 18, '2018-02-20', 34, 'p/m (22/2/18)', 1, 220, 220, 1, 3, '2019-02-02 18:46:16'),
(1110, NULL, 18, '2018-02-20', 12, 'Cash In', 1, 26920, 26920, 1, 3, '2019-02-02 18:46:16'),
(1111, NULL, 18, '2018-02-23', 99, 'cng/jut/filter', 1, 400, 400, 1, 3, '2019-02-02 21:16:41'),
(1112, NULL, 18, '2018-02-23', 99, 'Mobil', 1, 4300, 4300, 1, 3, '2019-02-02 21:16:41'),
(1113, NULL, 18, '2018-02-23', 99, 'Suhel', 1, 1000, 1000, 1, 3, '2019-02-02 21:16:41'),
(1114, NULL, 18, '2018-02-23', 47, 'Rod kata', 1, 700, 700, 1, 3, '2019-02-02 21:16:41'),
(1115, NULL, 18, '2018-02-23', 47, 'Forma vara', 1, 500, 500, 1, 3, '2019-02-02 21:16:41'),
(1116, NULL, 18, '2018-02-23', 74, 'khuraki', 1, 6000, 6000, 1, 3, '2019-02-02 21:16:41'),
(1117, NULL, 18, '2018-02-23', 47, '3\'\' dijel', 2, 70, 140, 1, 3, '2019-02-02 21:16:41'),
(1118, NULL, 18, '2018-02-23', 34, 'p/m', 1, 300, 300, 1, 3, '2019-02-02 21:16:41'),
(1119, NULL, 18, '2018-02-23', 33, 'khana', 1, 80, 80, 1, 3, '2019-02-02 21:16:41'),
(1120, NULL, 18, '2018-02-23', 12, 'Cash In', 1, 13420, 13420, 1, 3, '2019-02-02 21:16:41'),
(1121, NULL, 18, '2018-02-24', 74, 'khuraki', 1, 4000, 4000, 1, 3, '2019-02-02 21:25:42'),
(1122, NULL, 18, '2018-02-24', 95, 'Moji', 1, 1000, 1000, 1, 3, '2019-02-02 21:25:42'),
(1123, NULL, 18, '2018-02-24', 78, '5 ta', 1, 2070, 2070, 1, 3, '2019-02-02 21:25:42'),
(1124, NULL, 18, '2018-02-24', 78, 'vara', 1, 100, 100, 1, 3, '2019-02-02 21:25:42'),
(1125, NULL, 18, '2018-02-24', 47, 'pepar', 1, 40, 40, 1, 3, '2019-02-02 21:25:42'),
(1126, NULL, 18, '2018-02-24', 34, 'p/m', 1, 230, 230, 1, 3, '2019-02-02 21:25:42'),
(1127, NULL, 18, '2018-02-24', 12, 'Cash In', 1, 7440, 7440, 1, 3, '2019-02-02 21:25:42'),
(1128, NULL, 18, '2018-02-25', 74, 'khuraki', 1, 6000, 6000, 1, 3, '2019-02-02 21:34:58'),
(1129, NULL, 18, '2018-02-25', 77, 'churi ', 4, 50, 200, 1, 3, '2019-02-02 21:34:58'),
(1130, NULL, 18, '2018-02-25', 77, 'tar', 1, 25, 25, 1, 3, '2019-02-02 21:34:58'),
(1131, NULL, 18, '2018-02-25', 47, 'polithin', 1, 80, 80, 1, 3, '2019-02-02 21:34:58'),
(1132, NULL, 18, '2018-02-25', 47, '3\'\' ddijel', 1, 200, 200, 1, 3, '2019-02-02 21:34:58'),
(1133, NULL, 18, '2018-02-25', 47, 'noojel pipe/mekar', 1, 230, 230, 1, 3, '2019-02-02 21:34:58'),
(1134, NULL, 18, '2018-02-25', 97, 'dijel', 1, 660, 660, 1, 3, '2019-02-02 21:34:58'),
(1135, NULL, 18, '2018-02-25', 47, 'siment vara', 1, 50, 50, 1, 3, '2019-02-02 21:34:58'),
(1136, NULL, 18, '2018-02-25', 95, 'rod misrti', 1, 1300, 1300, 1, 3, '2019-02-02 21:34:58'),
(1137, NULL, 18, '2018-02-25', 47, 'khua', 1, 200, 200, 1, 3, '2019-02-02 21:34:58'),
(1138, NULL, 18, '2018-02-25', 34, 'p/m', 1, 230, 230, 1, 3, '2019-02-02 21:34:58'),
(1139, NULL, 18, '2018-02-25', 10, '২ টাফে', 2, 1000, 2000, 1, 3, '2019-02-02 21:34:58'),
(1140, NULL, 18, '2018-02-25', 12, 'Cash In', 1, 11175, 11175, 1, 3, '2019-02-02 21:34:58'),
(1141, NULL, 18, '2018-02-26', 74, 'KHURAKI', 1, 6500, 6500, 1, 3, '2019-02-02 21:45:08'),
(1142, NULL, 18, '2018-02-26', 97, 'Rolar', 20, 66, 1320, 1, 3, '2019-02-02 21:45:08'),
(1143, NULL, 18, '2018-02-26', 54, 'khuraki', 1, 1000, 1000, 1, 3, '2019-02-02 21:45:08'),
(1144, NULL, 18, '2018-02-26', 78, 'Cash ', 1, 1240, 1240, 1, 3, '2019-02-02 21:45:08'),
(1145, NULL, 18, '2018-02-26', 98, 'bali', 1, 2000, 2000, 1, 3, '2019-02-02 21:45:08'),
(1146, NULL, 18, '2018-02-26', 10, '১ টলি', 1, 1000, 1000, 1, 3, '2019-02-02 21:45:08'),
(1147, NULL, 18, '2018-02-26', 95, 'KHURAKI', 1, 1000, 1000, 1, 3, '2019-02-02 21:45:08'),
(1148, NULL, 18, '2018-02-26', 49, 'VARA', 1, 1000, 1000, 1, 3, '2019-02-02 21:45:08'),
(1149, NULL, 18, '2018-02-26', 34, 'P/m', 1, 150, 150, 1, 3, '2019-02-02 21:45:08'),
(1150, NULL, 18, '2018-02-26', 47, 'khana/cha', 1, 160, 160, 1, 3, '2019-02-02 21:45:08'),
(1151, NULL, 18, '2018-02-26', 12, 'Cash In', 1, 15370, 15370, 1, 3, '2019-02-02 21:45:08'),
(1152, NULL, 18, '2018-03-04', 43, 'Babul', 1, 1500, 1500, 1, 3, '2019-02-02 21:47:43'),
(1153, NULL, 18, '2018-03-04', 43, 'Sojib', 1, 300, 300, 1, 3, '2019-02-02 21:47:43'),
(1154, NULL, 18, '2018-03-04', 34, 'p/m', 1, 170, 170, 1, 3, '2019-02-02 21:48:46'),
(1155, NULL, 18, '2018-03-04', 12, 'Cash In', 1, 1970, 1970, 1, 3, '2019-02-02 21:47:43'),
(1156, NULL, 18, '2018-03-05', 49, 'pile', 1, 600, 600, 1, 3, '2019-02-02 21:51:23'),
(1157, NULL, 18, '2018-03-05', 91, 'khuraki', 1, 540, 540, 1, 3, '2019-02-02 21:51:23'),
(1158, NULL, 18, '2018-03-05', 34, 'p/m', 1, 220, 220, 1, 3, '2019-02-02 21:51:23'),
(1159, NULL, 18, '2018-03-05', 12, 'Cash In', 1, 1360, 1360, 1, 3, '2019-02-02 21:51:23'),
(1160, NULL, 18, '2018-03-07', 47, 'khana 3', 1, 380, 380, 1, 3, '2019-02-02 21:54:22'),
(1161, NULL, 18, '2018-03-07', 33, 'cha/kola', 1, 65, 65, 1, 3, '2019-02-02 21:54:22'),
(1162, NULL, 18, '2018-03-07', 43, 'So.Hamid', 1, 500, 500, 1, 3, '2019-02-02 21:54:22'),
(1163, NULL, 18, '2018-03-07', 34, 'p/m', 1, 150, 150, 1, 3, '2019-02-02 21:54:22'),
(1164, NULL, 18, '2018-03-07', 12, 'Cash In (Milon Mama=3000)', 1, 1095, 1095, 1, 3, '2019-02-02 21:54:22'),
(1165, NULL, 18, '2018-03-08', 61, 'dvr/dijel', 1, 2000, 2000, 1, 3, '2019-02-02 21:58:51'),
(1166, NULL, 18, '2018-03-08', 61, 'Ahommod', 1, 1000, 1000, 1, 3, '2019-02-02 21:58:51'),
(1167, NULL, 18, '2018-03-08', 61, 'dvr', 1, 500, 500, 1, 3, '2019-02-02 21:58:51'),
(1168, NULL, 18, '2018-03-08', 61, 'Lt', 1, 5000, 5000, 1, 3, '2019-02-02 21:58:51'),
(1169, NULL, 18, '2018-03-08', 33, 'sigater', 2, 210, 420, 1, 3, '2019-02-02 21:58:51'),
(1170, NULL, 18, '2018-03-08', 34, 'm', 1, 100, 100, 1, 3, '2019-02-02 21:58:51'),
(1171, NULL, 18, '2018-03-08', 47, 'Inter pak', 1, 609, 609, 1, 3, '2019-02-02 21:58:51'),
(1172, NULL, 18, '2018-03-08', 12, 'Cash In', 1, 9629, 9629, 1, 3, '2019-02-02 21:58:51'),
(1173, NULL, 18, '2018-03-12', 10, 'Tota', 1, 8000, 8000, 1, 3, '2019-02-02 22:05:46'),
(1174, NULL, 18, '2018-03-12', 47, 'pani dijel', 1, 500, 500, 1, 3, '2019-02-02 22:05:46'),
(1175, NULL, 18, '2018-03-12', 78, '10 ta (21/3/18)', 10, 450, 4500, 1, 3, '2019-02-02 22:05:46'),
(1176, NULL, 18, '2018-03-12', 78, '10 vara', 1, 160, 160, 1, 3, '2019-02-02 22:05:46'),
(1177, NULL, 18, '2018-03-12', 10, '1 toli', 1, 1100, 1100, 1, 3, '2019-02-02 22:05:46'),
(1178, NULL, 18, '2018-03-12', 95, 'moji', 1, 2000, 2000, 1, 3, '2019-02-02 22:05:46'),
(1179, NULL, 18, '2018-03-12', 12, 'Cash In', 1, 16260, 16260, 1, 3, '2019-02-02 22:05:46'),
(1180, NULL, 18, '2018-03-24', 95, 'moji', 1, 3000, 3000, 1, 3, '2019-02-02 22:09:32'),
(1181, NULL, 18, '2018-03-24', 41, 'day', 1, 100, 100, 1, 3, '2019-02-02 22:09:32'),
(1182, NULL, 18, '2018-03-24', 47, 'pani secha', 1, 400, 400, 1, 3, '2019-02-02 22:09:32'),
(1183, NULL, 18, '2018-03-24', 10, '1 toli', 1, 1100, 1100, 1, 3, '2019-02-02 22:09:32'),
(1184, NULL, 18, '2018-03-24', 12, 'Cash In', 1, 4600, 4600, 1, 3, '2019-02-02 22:09:32'),
(1185, NULL, 18, '2018-03-25', 95, 'moji', 1, 2250, 2250, 1, 3, '2019-02-02 22:12:16'),
(1186, NULL, 18, '2018-03-25', 78, '1', 1, 460, 460, 1, 3, '2019-02-02 22:12:16'),
(1187, NULL, 18, '2018-03-25', 12, 'Cash In', 1, 2710, 2710, 1, 3, '2019-02-02 22:12:16'),
(1188, NULL, 18, '2018-04-05', 10, 'Julhas', 1, 10000, 10000, 1, 3, '2019-02-02 22:29:14'),
(1189, NULL, 18, '2018-04-05', 61, 'Time xtrantion dhaka', 1, 3000, 3000, 1, 3, '2019-02-02 22:29:14'),
(1190, NULL, 18, '2018-04-05', 44, 'beton', 1, 800, 800, 1, 3, '2019-02-02 22:29:14'),
(1191, NULL, 18, '2018-04-05', 72, 'sd 5%', 1, 47983, 47983, 1, 3, '2019-02-02 22:29:14'),
(1192, NULL, 18, '2018-04-05', 70, 'Icore 5%', 1, 47983, 47983, 1, 3, '2019-02-02 22:29:14'),
(1193, NULL, 18, '2018-04-05', 71, 'Va 6%', 1, 57579, 57579, 1, 3, '2019-02-02 22:29:14'),
(1194, NULL, 18, '2018-04-05', 69, '1%', 1, 10000, 10000, 1, 3, '2019-02-02 22:29:14'),
(1195, NULL, 18, '2018-04-05', 67, '1st R/A Bil', 1, 959655, 959655, 1, 3, '2019-02-02 22:29:14'),
(1196, NULL, 18, '2018-04-17', 43, 'So Hamid', 1, 2000, 2000, 1, 3, '2019-02-02 22:33:09'),
(1197, NULL, 18, '2018-04-17', 61, 'Fand babod', 1, 3000, 3000, 1, 3, '2019-02-02 22:33:09'),
(1198, NULL, 18, '2018-04-17', 81, 'Withdraw', 1, 777310, 777310, 1, 3, '2019-02-02 22:33:09'),
(1199, NULL, 18, '2018-04-19', 33, 'pion/cha', 1, 310, 310, 1, 3, '2019-02-02 22:37:25'),
(1200, NULL, 18, '2018-04-19', 33, 'ICCRIM', 1, 160, 160, 1, 3, '2019-02-02 22:37:25'),
(1201, NULL, 18, '2018-04-19', 61, 'Xen dvr', 1, 500, 500, 1, 3, '2019-02-02 22:37:25'),
(1202, NULL, 18, '2018-04-19', 12, 'Cash In', 1, 970, 970, 1, 3, '2019-02-02 22:37:25'),
(1203, NULL, 18, '2018-04-20', 97, 'dijel', 1, 500.001, 500, 1, 3, '2019-02-02 22:40:39'),
(1204, NULL, 18, '2018-04-20', 74, 'khuraki', 1, 200, 200, 1, 3, '2019-02-02 22:40:39'),
(1205, NULL, 18, '2018-04-20', 34, 'p/m/ khana', 1, 220, 220, 1, 3, '2019-02-02 22:40:39'),
(1206, NULL, 18, '2018-04-20', 43, 'So ', 1, 170, 170, 1, 3, '2019-02-02 22:40:39'),
(1207, NULL, 18, '2018-04-20', 12, 'Cash In', 1, 1090, 1090, 1, 3, '2019-02-02 22:40:39'),
(1208, NULL, 18, '2018-04-25', 43, ' So Hamid', 1, 2000, 2000, 1, 3, '2019-02-02 22:46:09'),
(1209, NULL, 18, '2018-04-25', 43, 'UE Mamun', 1, 5000, 5000, 1, 3, '2019-02-02 22:46:09'),
(1210, NULL, 18, '2018-04-25', 43, 'AC Babul', 1, 1000, 1000, 1, 3, '2019-02-02 22:46:09'),
(1211, NULL, 18, '2018-04-25', 91, 'Akkash', 1, 4700, 4700, 1, 3, '2019-02-02 22:46:09'),
(1212, NULL, 18, '2018-04-25', 47, 'Dhaka khoroch', 1, 3000, 3000, 1, 3, '2019-02-02 22:46:09'),
(1213, NULL, 18, '2018-04-25', 10, 'Julhas', 1, 15000, 15000, 1, 3, '2019-02-02 22:46:09'),
(1214, NULL, 18, '2018-04-25', 97, 'Mobil bokea', 1, 1800, 1800, 1, 3, '2019-02-02 22:46:09'),
(1215, NULL, 18, '2018-04-25', 54, 'Beton', 1, 10000, 10000, 1, 3, '2019-02-02 22:46:09'),
(1216, NULL, 18, '2018-04-25', 33, 'Monir', 1, 200, 200, 1, 3, '2019-02-02 22:46:09'),
(1217, NULL, 18, '2018-04-25', 12, 'Cash In', 1, 42700, 42700, 1, 3, '2019-02-02 22:46:09'),
(1218, NULL, 18, '2018-04-30', 74, 'khuraki', 1, 10000, 10000, 1, 3, '2019-02-02 22:50:28'),
(1219, NULL, 18, '2018-04-30', 34, 'p/m', 1, 150, 150, 1, 3, '2019-02-02 22:50:28'),
(1220, NULL, 18, '2018-04-30', 33, 'cha', 1, 83, 83, 1, 3, '2019-02-02 22:50:28'),
(1221, NULL, 18, '2018-04-30', 12, 'Cash In', 1, 10233, 10233, 1, 3, '2019-02-02 22:50:28'),
(1222, NULL, 18, '2018-05-09', 61, 'Fand ana bokea', 1, 2000, 2000, 1, 3, '2019-02-02 22:53:54'),
(1223, NULL, 18, '2018-05-09', 61, 'So JAFOR', 1, 5000, 5000, 1, 3, '2019-02-02 22:53:54'),
(1224, NULL, 18, '2018-05-09', 61, 'AC Shomir', 1, 2000, 2000, 1, 3, '2019-02-02 22:53:54'),
(1225, NULL, 18, '2018-05-09', 12, 'Cash In', 1, 9000, 9000, 1, 3, '2019-02-02 22:53:54'),
(1226, NULL, 18, '2018-05-30', 41, 'Day', 4, 350, 1400, 1, 3, '2019-02-02 22:57:33'),
(1227, NULL, 18, '2018-05-30', 47, 'Polithin/bosta', 1, 180, 180, 1, 3, '2019-02-02 22:57:33'),
(1228, NULL, 18, '2018-05-30', 10, '১ টলি', 1, 1000, 1000, 1, 3, '2019-02-02 22:57:33'),
(1229, NULL, 18, '2018-05-30', 34, 'P/M', 1, 250, 250, 1, 3, '2019-02-02 22:57:33'),
(1230, NULL, 18, '2018-05-30', 12, 'Cash In', 1, 2830, 2830, 1, 3, '2019-02-02 22:57:33'),
(1231, NULL, 18, '2019-02-01', 74, 'khuraki', 1, 2000, 2000, 1, 3, '2019-02-02 23:00:58'),
(1232, NULL, 18, '2019-02-01', 12, 'Cash In', 1, 2000, 2000, 1, 3, '2019-02-02 23:00:58'),
(1233, NULL, 18, '2019-02-01', 94, 'PK', 50000, 7.3, 365000, 1, 3, '2019-02-02 23:04:13'),
(1234, NULL, 18, '2019-02-01', 94, 'NO-1', 5000, 8, 40000, 1, 3, '2019-02-02 23:04:13'),
(1235, NULL, 18, '2019-02-01', 12, 'Cash In', 1, 405000, 405000, 1, 3, '2019-02-02 23:04:13'),
(1236, NULL, 18, '2019-02-02', 39, 'Lokman=Sujon Vata p-5000/n-5000', 1, 5000, 5000, 1, 3, '2019-02-02 23:10:32'),
(1237, NULL, 18, '2019-02-02', 47, 'Printer kali', 1, 800, 800, 1, 3, '2019-02-02 23:10:32'),
(1238, NULL, 18, '2019-02-02', 74, 'khuraki', 1, 2000, 2000, 1, 3, '2019-02-02 23:10:32'),
(1239, NULL, 18, '2019-02-02', 12, 'Cash In', 1, 7800, 7800, 1, 3, '2019-02-02 23:10:32'),
(1240, NULL, 18, '2019-02-02', 89, 'Withdraw', 1, 138374, 138374, 1, 3, '2019-02-02 23:14:28'),
(1241, NULL, 18, '2019-02-02', 65, 'Cash In', 1, 138374, 138374, 1, 3, '2019-02-02 23:16:36'),
(1242, NULL, 20, '2017-03-31', 47, 'Tali khata/file', 1, 240, 240, 1, 3, '2019-02-03 02:50:49'),
(1243, NULL, 20, '2017-03-31', 61, 'Anowar', 1, 2000, 2000, 1, 3, '2019-02-03 02:50:49'),
(1244, NULL, 20, '2017-03-31', 47, 'pad/boq', 1, 350, 350, 1, 3, '2019-02-03 02:50:49'),
(1245, NULL, 20, '2017-03-31', 61, 'Stemat/Stamp', 1, 540, 540, 1, 3, '2019-02-03 02:50:49'),
(1246, NULL, 20, '2017-03-31', 33, 'cha', 1, 90, 90, 1, 3, '2019-02-03 02:50:49'),
(1247, NULL, 20, '2017-03-31', 66, 'Cash In', 1, 3220, 3220, 1, 3, '2019-02-03 02:50:49'),
(1248, NULL, 20, '2017-04-10', 60, 'PS', 1, 516627, 516627, 1, 3, '2019-02-03 02:55:46'),
(1249, NULL, 20, '2017-04-10', 47, 'Bank Stamp', 3, 110, 330, 1, 3, '2019-02-03 02:55:46'),
(1250, NULL, 20, '2017-04-10', 47, 'EGP ', 1, 230, 230, 1, 3, '2019-02-03 02:55:46'),
(1251, NULL, 20, '2017-04-10', 66, 'Cash In', 1, 517187, 517187, 1, 3, '2019-02-03 02:55:46'),
(1252, NULL, 20, '2017-04-13', 61, 'Ofice Staf', 1, 2460, 2460, 1, 3, '2019-02-03 02:57:47'),
(1253, NULL, 20, '2017-04-13', 12, 'Cash In', 1, 2460, 2460, 1, 3, '2019-02-03 02:57:47'),
(1254, NULL, 20, '2017-05-08', 47, 'bd khoroch', 1, 230, 230, 1, 3, '2019-02-03 03:00:33'),
(1255, NULL, 20, '2017-05-08', 61, 'Xen', 1, 25000, 25000, 1, 3, '2019-02-03 03:00:33'),
(1256, NULL, 20, '2017-05-08', 99, '4 Man', 1, 2000, 2000, 1, 3, '2019-02-03 03:00:33'),
(1257, NULL, 20, '2017-05-08', 61, 'Razzak', 1, 200, 200, 1, 3, '2019-02-03 03:00:33'),
(1258, NULL, 20, '2017-05-08', 12, 'Cash In', 1, 27430, 27430, 1, 3, '2019-02-03 03:00:33'),
(1259, NULL, 20, '2017-10-26', 39, 'Muksed', 1, 11700, 11700, 1, 3, '2019-02-03 03:03:28'),
(1260, NULL, 20, '2017-10-26', 61, 'Razzak', 1, 100, 100, 1, 3, '2019-02-03 03:03:28'),
(1261, NULL, 20, '2017-10-26', 12, 'Cash In', 1, 11800, 11800, 1, 3, '2019-02-03 03:03:28'),
(1262, NULL, 20, '2017-11-02', 43, 'UE Mamun', 1, 8000, 8000, 1, 3, '2019-02-03 03:08:02'),
(1263, NULL, 20, '2017-11-02', 33, 'cng', 1, 450, 450, 1, 3, '2019-02-03 03:08:02'),
(1264, NULL, 20, '2017-11-02', 34, 'p/m-ppc', 1, 228, 228, 1, 3, '2019-02-03 03:08:02'),
(1265, NULL, 20, '2017-11-02', 12, 'Cash In', 1, 8678, 8678, 1, 3, '2019-02-03 03:39:49'),
(1266, NULL, 20, '2017-11-05', 47, '3\'\' mesin vara', 1, 270, 270, 1, 3, '2019-02-03 03:10:27'),
(1267, NULL, 20, '2017-11-05', 34, 'p/m', 1, 150, 150, 1, 3, '2019-02-03 03:10:27'),
(1268, NULL, 20, '2017-11-05', 12, 'Cash In', 1, 420, 420, 1, 3, '2019-02-03 03:10:27'),
(1269, NULL, 20, '2017-11-06', 93, 'ADV', 1, 20000, 20000, 1, 3, '2019-02-03 03:29:31'),
(1270, NULL, 20, '2017-11-06', 36, 'Manik', 1, 1000, 1000, 1, 3, '2019-02-03 03:29:31'),
(1271, NULL, 20, '2017-11-06', 43, 'So Iqbal', 1, 2000, 2000, 1, 3, '2019-02-03 03:29:31'),
(1272, NULL, 20, '2017-11-06', 34, 'p/m-cha', 1, 450, 450, 1, 3, '2019-02-03 03:29:31'),
(1273, NULL, 20, '2017-11-06', 47, 'bkash', 1, 100, 100, 1, 3, '2019-02-03 03:29:31'),
(1274, NULL, 20, '2017-11-06', 34, 'monir', 1, 500, 500, 1, 3, '2019-02-03 03:29:31'),
(1275, NULL, 20, '2017-11-06', 33, 'sutli/misrti', 1, 55, 55, 1, 3, '2019-02-03 03:29:31'),
(1276, NULL, 20, '2017-11-06', 12, 'Cash In', 1, 24105, 24105, 1, 3, '2019-02-03 03:29:31'),
(1277, NULL, 20, '2017-11-06', 97, 'mobil', 1, 3980, 3980, 1, 3, '2019-02-03 03:31:23'),
(1278, NULL, 20, '2017-11-06', 97, 'grij', 1, 320, 320, 1, 3, '2019-02-03 03:31:23'),
(1279, NULL, 20, '2017-11-06', 12, 'Cash In', 1, 4300, 4300, 1, 3, '2019-02-03 03:31:23'),
(1280, NULL, 20, '2017-11-07', 36, 'Salam misrti', 1, 600, 600, 1, 3, '2019-02-03 03:38:10'),
(1281, NULL, 20, '2017-11-07', 41, 'day', 2, 400, 800, 1, 3, '2019-02-03 03:38:10'),
(1282, NULL, 20, '2017-11-07', 39, 'beku', 1, 2800, 2800, 1, 3, '2019-02-03 03:38:10'),
(1283, NULL, 20, '2017-11-07', 98, 'dijel', 15, 67, 1005, 1, 3, '2019-02-03 03:38:10'),
(1284, NULL, 20, '2017-11-07', 47, 'motor cicle monir', 1, 400, 400, 1, 3, '2019-02-03 03:38:10'),
(1285, NULL, 20, '2017-11-07', 47, 'printer kali ofice', 1, 1500, 1500, 1, 3, '2019-02-03 03:38:10'),
(1286, NULL, 20, '2017-11-07', 34, 'p/m cha', 1, 235, 235, 1, 3, '2019-02-03 03:38:10'),
(1287, NULL, 20, '2017-11-07', 12, 'Cash In', 1, 7340, 7340, 1, 3, '2019-02-03 03:38:10'),
(1288, NULL, 20, '2017-11-08', 99, 'meramot', 1, 1860, 1860, 1, 3, '2019-02-03 03:49:11'),
(1289, NULL, 20, '2017-11-08', 36, 'Salam misrti', 1, 4650, 4650, 1, 3, '2019-02-03 03:49:11'),
(1290, NULL, 20, '2017-11-08', 36, 'nyon/kalam', 1, 2150, 2150, 1, 3, '2019-02-03 03:49:11'),
(1291, NULL, 20, '2017-11-08', 33, 'khana', 1, 170, 170, 1, 3, '2019-02-03 03:49:11'),
(1292, NULL, 20, '2017-11-08', 98, 'vara', 1, 2700, 2700, 1, 3, '2019-02-03 03:49:11'),
(1293, NULL, 20, '2017-11-08', 98, 'dijel', 15, 67, 1005, 1, 3, '2019-02-03 03:49:11'),
(1294, NULL, 20, '2017-11-08', 10, 'Sultan', 1, 20000, 20000, 1, 3, '2019-02-03 03:49:11'),
(1295, NULL, 20, '2017-11-08', 34, 'rabi/major', 1, 728, 728, 1, 3, '2019-02-03 03:49:11'),
(1296, NULL, 20, '2017-11-08', 61, 'Razzak', 1, 200, 200, 1, 3, '2019-02-03 03:49:11'),
(1297, NULL, 20, '2017-11-08', 33, 'm/sigaret', 1, 310, 310, 1, 3, '2019-02-03 03:49:11'),
(1298, NULL, 20, '2017-11-08', 47, 'mosjid', 1, 5300, 5300, 1, 3, '2019-02-03 03:49:11'),
(1299, NULL, 20, '2017-11-08', 33, 'kofi', 1, 135, 135, 1, 3, '2019-02-03 03:49:11'),
(1300, NULL, 20, '2017-11-08', 12, 'Cash In', 1, 39208, 39208, 1, 3, '2019-02-03 03:49:11'),
(1301, NULL, 20, '2017-11-09', 99, 'Waring', 1, 2135, 2135, 1, 3, '2019-02-03 14:04:24'),
(1302, NULL, 20, '2017-11-09', 36, 'Salam', 1, 3650, 3650, 1, 3, '2019-02-03 14:04:24'),
(1303, NULL, 20, '2017-11-09', 36, 'Noyon', 1, 3000, 3000, 1, 3, '2019-02-03 14:04:24'),
(1304, NULL, 20, '2017-11-09', 47, 'Mesin vara', 1, 120, 120, 1, 3, '2019-02-03 14:04:24'),
(1305, NULL, 20, '2017-11-09', 93, 'Ashraf', 1, 15000, 15000, 1, 3, '2019-02-03 14:04:24'),
(1306, NULL, 20, '2017-11-09', 93, 'dvr', 1, 500, 500, 1, 3, '2019-02-03 14:04:24'),
(1307, NULL, 20, '2017-11-09', 34, 'p/m', 1, 220, 220, 1, 3, '2019-02-03 14:04:24'),
(1308, NULL, 20, '2017-11-09', 97, 'Rolar', 25, 67, 1675, 1, 3, '2019-02-03 14:04:24'),
(1309, NULL, 20, '2017-11-09', 12, 'Cash In', 1, 26300, 26300, 1, 3, '2019-02-03 14:04:24'),
(1310, NULL, 20, '2017-11-10', 36, 'Salam', 1, 800, 800, 1, 3, '2019-02-03 14:08:04'),
(1311, NULL, 20, '2017-11-10', 36, 'Noyon', 1, 600, 600, 1, 3, '2019-02-03 14:08:04'),
(1312, NULL, 20, '2017-11-10', 97, 'dijel', 1, 700, 700, 1, 3, '2019-02-03 14:08:04'),
(1313, NULL, 20, '2017-11-10', 33, 'khana', 1, 225, 225, 1, 3, '2019-02-03 14:08:04'),
(1314, NULL, 20, '2017-11-10', 47, 'bkash', 1, 300, 300, 1, 3, '2019-02-03 14:08:04'),
(1315, NULL, 20, '2017-11-10', 34, 'p/m', 1, 150, 150, 1, 3, '2019-02-03 14:08:04'),
(1316, NULL, 20, '2017-11-10', 12, 'Cash In', 1, 2775, 2775, 1, 3, '2019-02-03 14:08:04'),
(1317, NULL, 20, '2017-11-11', 10, 'Sultan', 1, 10000, 10000, 1, 3, '2019-02-03 14:10:59'),
(1318, NULL, 20, '2017-11-11', 43, 'So Iqbal', 1, 2000, 2000, 1, 3, '2019-02-03 14:10:59'),
(1319, NULL, 20, '2017-11-11', 47, 'cha/sigaret', 1, 300, 300, 1, 3, '2019-02-03 14:10:59'),
(1320, NULL, 20, '2017-11-11', 99, 'rolar', 1, 870, 870, 1, 3, '2019-02-03 14:10:59'),
(1321, NULL, 20, '2017-11-11', 12, 'Cash In', 1, 13170, 13170, 1, 3, '2019-02-03 14:10:59'),
(1322, NULL, 20, '2017-11-13', 98, 'Day', 4, 2800, 11200, 1, 3, '2019-02-03 14:17:47'),
(1323, NULL, 20, '2017-11-13', 98, 'dijel', 60, 67, 4020, 1, 3, '2019-02-03 14:17:47'),
(1324, NULL, 20, '2017-11-13', 10, 'Sultan', 1, 20000, 20000, 1, 3, '2019-02-03 14:17:47'),
(1325, NULL, 20, '2017-11-13', 10, 'Lebar Chada/cha nasta', 1, 5560, 5560, 1, 3, '2019-02-03 14:17:47'),
(1326, NULL, 20, '2017-11-13', 36, 'Salam', 1, 1400, 1400, 1, 3, '2019-02-03 14:17:47'),
(1327, NULL, 20, '2017-11-13', 34, 'p/m', 1, 200, 200, 1, 3, '2019-02-03 14:17:47'),
(1328, NULL, 20, '2017-11-13', 47, 'Karbon', 1, 10, 10, 1, 3, '2019-02-03 14:17:47'),
(1329, NULL, 20, '2017-11-13', 12, 'Cash In', 1, 42390, 42390, 1, 3, '2019-02-03 14:17:47');
INSERT INTO `tbl_accounts` (`id`, `invoice_number`, `project_id`, `date`, `account_head_id`, `description`, `quantity`, `rate`, `amount`, `status`, `insert_by`, `insert_time`) VALUES
(1330, NULL, 20, '2017-11-14', 36, 'Salam', 1, 3450, 3450, 1, 3, '2019-02-03 14:23:58'),
(1331, NULL, 20, '2017-11-14', 36, 'Noyon', 1, 1770, 1770, 1, 3, '2019-02-03 14:23:58'),
(1332, NULL, 20, '2017-11-14', 98, 'dijel', 75, 67, 5025, 1, 3, '2019-02-03 14:23:58'),
(1333, NULL, 20, '2017-11-14', 33, 'khana', 1, 120, 120, 1, 3, '2019-02-03 14:23:58'),
(1334, NULL, 20, '2017-11-14', 34, 'p/m', 1, 150, 150, 1, 3, '2019-02-03 14:23:58'),
(1335, NULL, 20, '2017-11-14', 93, 'Ashraf', 1, 5000, 5000, 1, 3, '2019-02-03 14:23:58'),
(1336, NULL, 20, '2017-11-14', 12, 'Cash In', 1, 15515, 15515, 1, 3, '2019-02-03 14:23:58'),
(1337, NULL, 20, '2017-11-15', 36, 'Noyon', 1, 1200, 1200, 1, 3, '2019-02-03 14:27:40'),
(1338, NULL, 20, '2017-11-15', 34, 'Monir', 1, 200, 200, 1, 3, '2019-02-03 14:27:40'),
(1339, NULL, 20, '2017-11-15', 10, 'Sultan(Norul Haq)', 1, 30000, 30000, 1, 3, '2019-02-03 14:27:40'),
(1340, NULL, 20, '2017-11-15', 47, 'bkash', 1, 428, 428, 1, 3, '2019-02-03 14:27:40'),
(1341, NULL, 20, '2017-11-15', 12, 'Cash In', 1, 31828, 31828, 1, 3, '2019-02-03 14:27:40'),
(1342, NULL, 20, '2017-11-17', 39, 'Moksed', 1, 7000, 7000, 1, 3, '2019-02-03 14:34:19'),
(1343, NULL, 20, '2017-11-17', 93, 'Ashraf', 1, 10000, 10000, 1, 3, '2019-02-03 14:34:19'),
(1344, NULL, 20, '2017-11-17', 36, 'Salam', 1, 3100, 3100, 1, 3, '2019-02-03 14:34:19'),
(1345, NULL, 20, '2017-11-17', 33, 'khana/sigaret', 1, 418, 418, 1, 3, '2019-02-03 14:34:19'),
(1346, NULL, 20, '2017-11-17', 34, 'p/m', 2, 150, 300, 1, 3, '2019-02-03 14:34:19'),
(1347, NULL, 20, '2017-11-17', 47, 'Chada Baten', 1, 2000, 2000, 1, 3, '2019-02-03 14:34:19'),
(1348, NULL, 20, '2017-11-17', 12, 'Cash In', 1, 22818, 22818, 1, 3, '2019-02-03 14:34:19'),
(1349, NULL, 20, '2017-11-18', 98, 'dijel', 60, 66.75, 4005, 1, 3, '2019-02-03 14:39:06'),
(1350, NULL, 20, '2017-11-18', 98, 'tafe vara', 1, 10000, 10000, 1, 3, '2019-02-03 14:39:06'),
(1351, NULL, 20, '2017-11-18', 36, 'Salam', 1, 3750, 3750, 1, 3, '2019-02-03 14:39:06'),
(1352, NULL, 20, '2017-11-18', 33, 'khana', 1, 160, 160, 1, 3, '2019-02-03 14:39:06'),
(1353, NULL, 20, '2017-11-18', 34, 'p/m', 1, 150, 150, 1, 3, '2019-02-03 14:39:06'),
(1354, NULL, 20, '2017-11-18', 47, 'bkash', 1, 300, 300, 1, 3, '2019-02-03 14:39:06'),
(1355, NULL, 20, '2017-11-18', 12, 'Cash In', 1, 18365, 18365, 1, 3, '2019-02-03 14:39:06'),
(1356, NULL, 18, '2019-02-03', 39, 'Lokman pk=10000 P  Sujon vata', 1, 2000, 2000, 1, 3, '2019-02-04 13:36:51'),
(1357, NULL, 18, '2019-02-03', 96, 'Juel Adv', 1, 5000, 5000, 1, 3, '2019-02-04 13:36:51'),
(1358, NULL, 18, '2019-02-03', 74, 'khuraki', 1, 3000, 3000, 1, 3, '2019-02-04 13:36:51'),
(1359, NULL, 18, '2019-02-03', 12, 'Cash In', 1, 10000, 10000, 1, 3, '2019-02-04 13:36:51'),
(1360, NULL, 18, '2019-02-04', 96, 'Juel', 1, 2000, 2000, 1, 3, '2019-02-05 03:30:35'),
(1361, NULL, 18, '2019-02-04', 44, 'Mostofa', 1, 1000, 1000, 1, 3, '2019-02-05 03:30:35'),
(1362, NULL, 18, '2019-02-04', 41, 'day', 6, 500, 3000, 1, 3, '2019-02-05 03:30:35'),
(1363, NULL, 18, '2019-02-04', 39, 'Lokman Pk=10000 P', 1, 3000, 3000, 1, 3, '2019-02-05 03:30:35'),
(1364, NULL, 18, '2019-02-04', 34, 'P/M/S', 1, 250, 250, 1, 3, '2019-02-05 03:30:35'),
(1365, NULL, 18, '2019-02-04', 12, 'Cash In', 1, 9250, 9250, 1, 3, '2019-02-05 03:30:35'),
(1366, NULL, 18, '2019-02-05', 74, 'khuraki', 1, 6000, 6000, 1, 3, '2019-02-07 02:21:27'),
(1367, NULL, 18, '2019-02-05', 39, 'Lokman=pk -10000 P Sujon Vai', 1, 2000, 2000, 1, 3, '2019-02-07 02:21:27'),
(1368, NULL, 18, '2019-02-05', 12, 'Cash In', 1, 8000, 8000, 1, 3, '2019-02-07 02:21:27'),
(1369, NULL, 18, '2019-02-06', 39, 'Lokman dijel-142 li.', 1, 9330, 9330, 1, 3, '2019-02-07 02:23:24'),
(1370, NULL, 18, '2019-02-06', 96, 'Juel', 1, 2000, 2000, 1, 3, '2019-02-07 02:23:24'),
(1371, NULL, 18, '2019-02-06', 12, 'Cash InCash In', 1, 11330, 11330, 1, 3, '2019-02-07 02:23:24'),
(1372, NULL, 18, '2019-02-08', 74, 'khuraki 2days=4000+4000', 1, 8000, 8000, 1, 3, '2019-02-09 02:58:09'),
(1373, NULL, 18, '2019-02-08', 39, 'Lokman=2 Days=10000+10000 P', 1, 15629, 15629, 1, 3, '2019-02-09 02:58:09'),
(1374, NULL, 18, '2019-02-08', 96, 'khuraki', 1, 4000, 4000, 1, 3, '2019-02-09 02:58:09'),
(1375, NULL, 18, '2019-02-08', 12, 'Cash In', 1, 27629, 27629, 1, 3, '2019-02-09 02:58:09'),
(1376, NULL, 20, '2017-11-19', 10, 'Sultan/Nurol Hoq', 1, 20000, 20000, 1, 3, '2019-02-09 14:15:36'),
(1377, NULL, 20, '2017-11-19', 93, 'Ashraf', 1, 15000, 15000, 1, 3, '2019-02-09 14:15:36'),
(1378, NULL, 20, '2017-11-19', 36, 'khuraki/Salam', 1, 4100, 4100, 1, 3, '2019-02-09 14:15:36'),
(1379, NULL, 20, '2017-11-19', 34, 'p/m', 1, 400, 400, 1, 3, '2019-02-09 14:15:36'),
(1380, NULL, 20, '2017-11-19', 33, 'sigaret', 1, 100, 100, 1, 3, '2019-02-09 14:15:36'),
(1381, NULL, 20, '2017-11-19', 98, 'khana soho', 1, 5070, 5070, 1, 3, '2019-02-09 14:15:36'),
(1382, NULL, 20, '2017-11-19', 47, 'khana', 1, 255, 255, 1, 3, '2019-02-09 14:15:36'),
(1383, NULL, 20, '2017-11-19', 65, 'Cash In', 1, 50000, 50000, 1, 3, '2019-02-09 22:46:12'),
(1384, NULL, 20, '2017-11-20', 34, '2 days', 2, 200, 400, 1, 3, '2019-02-09 14:21:27'),
(1385, NULL, 20, '2017-11-20', 61, '4 Man Rolar Babod', 1, 2000, 2000, 1, 3, '2019-02-09 14:21:27'),
(1386, NULL, 20, '2017-11-20', 96, 'Ahalo(Bulbul Vata=p-5000/khua=480cft', 1, 2500, 2500, 1, 3, '2019-02-09 14:26:15'),
(1387, NULL, 20, '2017-11-20', 47, 'bkash', 1, 120, 120, 1, 3, '2019-02-09 14:21:27'),
(1388, NULL, 20, '2017-11-20', 12, 'Cash In', 1, 5020, 5020, 1, 3, '2019-02-09 14:21:27'),
(1389, NULL, 20, '2017-11-20', 94, 'pk ', 5000, 7.3, 36500, 1, 3, '2019-02-09 14:31:06'),
(1390, NULL, 20, '2017-11-20', 94, 'bolder', 480, 51.5, 24720, 1, 3, '2019-02-09 14:31:33'),
(1391, NULL, 20, '2017-11-20', 12, 'Cash In', 1, 61220, 61220, 1, 3, '2019-02-09 14:32:03'),
(1392, NULL, 20, '2017-11-21', 47, 'Pani babod', 1, 700, 700, 1, 3, '2019-02-09 14:40:33'),
(1393, NULL, 20, '2017-11-21', 47, 'dijel/bkash/sutli', 1, 392, 392, 1, 3, '2019-02-09 14:40:33'),
(1394, NULL, 20, '2017-11-21', 34, 'p/m', 1, 220, 220, 1, 3, '2019-02-09 14:40:33'),
(1395, NULL, 20, '2017-11-21', 98, '22/11/17', 1, 4000, 4000, 1, 3, '2019-02-09 14:40:33'),
(1396, NULL, 20, '2017-11-21', 47, 'motor cl meramot', 1, 230, 230, 1, 3, '2019-02-09 14:40:33'),
(1397, NULL, 20, '2017-11-21', 93, 'asraf 27/11/17', 1, 5000, 5000, 1, 3, '2019-02-09 14:40:33'),
(1398, NULL, 20, '2017-11-21', 47, 'bkash', 1, 100, 100, 1, 3, '2019-02-09 14:40:33'),
(1399, NULL, 20, '2017-11-21', 12, 'Cash In', 1, 10642, 10642, 1, 3, '2019-02-09 14:40:33'),
(1400, NULL, 20, '2017-12-03', 47, 'pani', 1, 268, 268, 1, 3, '2019-02-09 14:44:19'),
(1401, NULL, 20, '2017-12-03', 41, 'day', 2, 350, 700, 1, 3, '2019-02-09 14:44:19'),
(1402, NULL, 20, '2017-12-03', 34, 'p/m', 1, 150, 150, 1, 3, '2019-02-09 14:44:19'),
(1403, NULL, 20, '2017-12-03', 47, 'khana/sutli', 1, 90, 90, 1, 3, '2019-02-09 14:44:19'),
(1404, NULL, 20, '2017-12-03', 54, 'khuraki', 1, 700, 700, 1, 3, '2019-02-09 14:44:19'),
(1405, NULL, 20, '2017-12-03', 12, 'Cash In', 1, 1908, 1908, 1, 3, '2019-02-09 14:44:19'),
(1406, NULL, 20, '2017-12-04', 47, '3\'\' fita', 1, 30, 30, 1, 3, '2019-02-09 14:53:14'),
(1407, NULL, 20, '2017-12-04', 41, 'day', 3, 350, 1050, 1, 3, '2019-02-09 14:53:14'),
(1408, NULL, 20, '2017-12-04', 47, 'bkash', 1, 100, 100, 1, 3, '2019-02-09 14:53:14'),
(1409, NULL, 20, '2017-12-04', 97, 'dijel', 25, 67, 1675, 1, 3, '2019-02-09 14:53:14'),
(1410, NULL, 20, '2017-12-04', 47, '3\'\' pipe/gam', 1, 125, 125, 1, 3, '2019-02-09 14:53:14'),
(1411, NULL, 20, '2017-12-04', 54, 'khuraki', 1, 700, 700, 1, 3, '2019-02-09 14:53:14'),
(1412, NULL, 20, '2017-12-04', 34, 'p// khana', 1, 270, 270, 1, 3, '2019-02-09 14:58:56'),
(1413, NULL, 20, '2017-12-04', 12, 'Cash In', 1, 3950, 3950, 1, 3, '2019-02-09 14:54:47'),
(1414, NULL, 20, '2017-12-05', 10, 'Sultan', 1, 30000, 30000, 1, 3, '2019-02-09 15:02:42'),
(1415, NULL, 20, '2017-12-05', 41, 'day', 3, 350, 1050, 1, 3, '2019-02-09 15:02:42'),
(1416, NULL, 20, '2017-12-05', 34, 'p/m/bkash', 1, 280, 280, 1, 3, '2019-02-09 15:02:42'),
(1417, NULL, 20, '2017-12-05', 91, '10/12/17=asraf', 1, 8000, 8000, 1, 3, '2019-02-09 15:02:42'),
(1418, NULL, 20, '2017-12-05', 12, 'Cash In', 1, 39330, 39330, 1, 3, '2019-02-09 15:02:42'),
(1419, NULL, 20, '2017-12-12', 47, 'sutli/dijel/nad', 1, 405, 405, 1, 3, '2019-02-09 15:06:29'),
(1420, NULL, 20, '2017-12-12', 99, 'fan banano', 1, 400, 400, 1, 3, '2019-02-09 15:06:29'),
(1421, NULL, 20, '2017-12-12', 34, 'p/m/khana', 1, 290, 290, 1, 3, '2019-02-09 15:06:29'),
(1422, NULL, 20, '2017-12-12', 12, 'Cash In', 1, 1095, 1095, 1, 3, '2019-02-09 15:06:29'),
(1423, NULL, 20, '2017-12-13', 41, 'day', 6, 400, 2400, 1, 3, '2019-02-09 15:09:34'),
(1424, NULL, 20, '2017-12-13', 54, 'khuraki', 3, 700, 2100, 1, 3, '2019-02-09 15:09:34'),
(1425, NULL, 20, '2017-12-13', 97, '25', 1, 1710, 1710, 1, 3, '2019-02-09 15:09:34'),
(1426, NULL, 20, '2017-12-13', 47, 'griz', 1, 140, 140, 1, 3, '2019-02-09 15:09:34'),
(1427, NULL, 20, '2017-12-13', 34, 'p/m/khana', 1, 170, 170, 1, 3, '2019-02-09 15:09:34'),
(1428, NULL, 20, '2017-12-13', 47, 'bkash', 1, 100, 100, 1, 3, '2019-02-09 15:09:34'),
(1429, NULL, 20, '2017-12-13', 12, 'Cash In', 1, 6620, 6620, 1, 3, '2019-02-09 15:09:34'),
(1430, NULL, 20, '2017-12-14', 43, 'babul', 1, 100, 100, 1, 3, '2019-02-09 15:13:54'),
(1431, NULL, 20, '2017-12-14', 10, 'Sultan=20/12/17', 1, 10000, 10000, 1, 3, '2019-02-09 15:13:54'),
(1432, NULL, 20, '2017-12-14', 33, 'cng vara', 1, 100, 100, 1, 3, '2019-02-09 15:13:54'),
(1433, NULL, 20, '2017-12-14', 94, 'lam bahir kora', 1, 1000, 1000, 1, 3, '2019-02-09 15:13:54'),
(1434, NULL, 20, '2017-12-14', 94, 'adla', 5000, 6, 30000, 1, 3, '2019-02-09 15:13:54'),
(1435, NULL, 20, '2017-12-14', 94, 'bolder', 480, 51.5, 24720, 1, 3, '2019-02-09 15:13:54'),
(1436, NULL, 20, '2017-12-14', 12, 'Cash In', 1, 65920, 65920, 1, 3, '2019-02-09 15:13:54'),
(1437, NULL, 20, '2017-12-26', 96, 'Mahabub', 1, 3852, 3852, 1, 3, '2019-02-09 21:02:42'),
(1438, NULL, 20, '2017-12-26', 94, 'Cash', 1, 2000, 2000, 1, 3, '2019-02-09 21:02:42'),
(1439, NULL, 20, '2017-12-26', 47, 'Iman', 1, 100, 100, 1, 3, '2019-02-09 21:02:42'),
(1440, NULL, 20, '2017-12-26', 34, 'p/m', 1, 220, 220, 1, 3, '2019-02-09 21:02:42'),
(1441, NULL, 20, '2017-12-26', 12, 'Cash In', 1, 6172, 6172, 1, 3, '2019-02-09 21:02:42'),
(1442, NULL, 20, '2017-12-28', 47, 'dijel', 1, 124, 124, 1, 3, '2019-02-09 21:19:29'),
(1443, NULL, 20, '2017-12-28', 34, 'p/m', 1, 230, 230, 1, 3, '2019-02-09 21:19:29'),
(1444, NULL, 20, '2017-12-28', 44, 'beton', 1, 400, 400, 1, 3, '2019-02-09 21:19:29'),
(1445, NULL, 20, '2017-12-28', 47, 'light', 1, 120, 120, 1, 3, '2019-02-09 21:19:29'),
(1446, NULL, 20, '2017-12-28', 36, 'khuraki', 1, 1400, 1400, 1, 3, '2019-02-09 21:19:29'),
(1447, NULL, 20, '2017-12-28', 47, 'kabol', 1, 50, 50, 1, 3, '2019-02-09 21:19:29'),
(1448, NULL, 20, '2017-12-28', 39, 'Mokshed', 1, 11000, 11000, 1, 3, '2019-02-09 21:19:29'),
(1449, NULL, 20, '2017-12-28', 12, 'Cash In', 1, 269088, 269088, 1, 3, '2019-02-09 22:50:15'),
(1450, NULL, 20, '2017-12-28', 94, 'pk   27/12/17', 15000, 7.3, 109500, 1, 3, '2019-02-09 21:19:29'),
(1451, NULL, 20, '2017-12-28', 94, 'bolder  =512 cft', 512, 51.5, 26368, 1, 3, '2019-02-09 21:19:29'),
(1452, NULL, 20, '2017-12-28', 94, 'pk', 15000, 7.3, 109500, 1, 3, '2019-02-09 21:19:29'),
(1453, NULL, 20, '2017-12-28', 94, 'bolder', 514, 51.498, 26471, 1, 3, '2019-02-09 21:19:29'),
(1454, NULL, 20, '2017-12-29', 33, '2 days', 2, 250, 500, 1, 3, '2019-02-09 21:32:22'),
(1455, NULL, 20, '2017-12-29', 36, 'khuraki', 1, 2200, 2200, 1, 3, '2019-02-09 21:32:22'),
(1456, NULL, 20, '2017-12-29', 34, 'p/m/cha', 1, 325, 325, 1, 3, '2019-02-09 21:32:22'),
(1457, NULL, 20, '2017-12-29', 44, 'beton', 2, 400, 800, 1, 3, '2019-02-09 21:32:22'),
(1458, NULL, 20, '2017-12-29', 12, 'Cash In', 1, 3825, 3825, 1, 3, '2019-02-09 21:32:22'),
(1459, NULL, 20, '2017-12-30', 96, 'lebar', 1, 160, 160, 1, 3, '2019-02-09 21:39:36'),
(1460, NULL, 20, '2017-12-30', 62, 'tak', 1, 700, 700, 1, 3, '2019-02-09 21:39:36'),
(1461, NULL, 20, '2017-12-30', 33, 'cha nasta', 1, 210, 210, 1, 3, '2019-02-09 21:39:36'),
(1462, NULL, 20, '2017-12-30', 10, 'bali load', 7, 300, 2100, 1, 3, '2019-02-09 21:39:36'),
(1463, NULL, 20, '2017-12-30', 36, 'khuraki', 1, 1000, 1000, 1, 3, '2019-02-09 21:39:36'),
(1464, NULL, 20, '2017-12-30', 44, 'beton', 2, 400, 800, 1, 3, '2019-02-09 21:39:36'),
(1465, NULL, 20, '2017-12-30', 34, 'p/m', 1, 150, 150, 1, 3, '2019-02-09 21:39:36'),
(1466, NULL, 20, '2017-12-30', 98, 'bali', 1, 5000, 5000, 1, 3, '2019-02-09 21:39:36'),
(1467, NULL, 20, '2017-12-30', 94, 'pk', 15000, 7.3, 109500, 1, 3, '2019-02-09 21:39:36'),
(1468, NULL, 20, '2017-12-30', 12, 'Cash In', 1, 119620, 119620, 1, 3, '2019-02-09 21:39:36'),
(1469, NULL, 20, '2017-12-31', 96, 'Mahbub', 1, 1000, 1000, 1, 3, '2019-02-09 21:44:09'),
(1470, NULL, 20, '2017-12-31', 36, 'bali dresing Manik', 1, 2500, 2500, 1, 3, '2019-02-09 21:44:09'),
(1471, NULL, 20, '2017-12-31', 44, 'beton', 2, 400, 800, 1, 3, '2019-02-09 21:44:09'),
(1472, NULL, 20, '2017-12-31', 47, 'bkash/office ', 1, 220, 220, 1, 3, '2019-02-09 21:44:09'),
(1473, NULL, 20, '2017-12-31', 34, 'p/m/cha', 1, 300, 300, 1, 3, '2019-02-09 21:44:09'),
(1474, NULL, 20, '2017-12-31', 94, 'pk', 5000, 7.3, 36500, 1, 3, '2019-02-09 21:48:28'),
(1475, NULL, 20, '2017-12-31', 12, 'Cash In', 1, 41320, 41320, 1, 3, '2019-02-09 21:48:08'),
(1476, NULL, 20, '2018-01-01', 43, 'so iqbal', 1, 2000, 2000, 1, 3, '2019-02-09 21:53:52'),
(1477, NULL, 20, '2018-01-01', 96, 'Mahbub', 1, 1000, 1000, 1, 3, '2019-02-09 21:53:52'),
(1478, NULL, 20, '2018-01-01', 47, 'bkash', 1, 240, 240, 1, 3, '2019-02-09 21:53:52'),
(1479, NULL, 20, '2018-01-01', 36, 'khuraki', 1, 5200, 5200, 1, 3, '2019-02-09 21:53:52'),
(1480, NULL, 20, '2018-01-01', 34, 'p/m/cha', 1, 275, 275, 1, 3, '2019-02-09 21:53:52'),
(1481, NULL, 20, '2018-01-01', 47, 'mobil', 1, 350, 350, 1, 3, '2019-02-09 21:53:52'),
(1482, NULL, 20, '2018-01-01', 12, 'Cash In', 1, 9065, 9065, 1, 3, '2019-02-09 21:53:52'),
(1483, NULL, 20, '2018-01-02', 96, 'Mahbub', 1, 1000, 1000, 1, 3, '2019-02-09 22:00:14'),
(1484, NULL, 20, '2018-01-02', 47, 'pani mesin', 1, 200, 200, 1, 3, '2019-02-09 22:00:14'),
(1485, NULL, 20, '2018-01-02', 44, 'beton', 1, 500, 500, 1, 3, '2019-02-09 22:00:14'),
(1486, NULL, 20, '2018-01-02', 36, 'khuraki', 1, 5000, 5000, 1, 3, '2019-02-09 22:00:14'),
(1487, NULL, 20, '2018-01-02', 34, 'p/m', 1, 280, 280, 1, 3, '2019-02-09 22:00:14'),
(1488, NULL, 20, '2018-01-02', 39, 'lokan', 1, 5000, 5000, 1, 3, '2019-02-09 22:00:14'),
(1489, NULL, 20, '2018-01-02', 39, 'moksed', 1, 12000, 12000, 1, 3, '2019-02-09 22:00:14'),
(1490, NULL, 20, '2018-01-02', 61, 'razzak', 1, 100, 100, 1, 3, '2019-02-09 22:00:14'),
(1491, NULL, 20, '2018-01-02', 33, 'sigaret', 1, 210, 210, 1, 3, '2019-02-09 22:00:14'),
(1492, NULL, 20, '2018-01-02', 99, 'tripol', 1, 500, 500, 1, 3, '2019-02-09 22:00:14'),
(1493, NULL, 20, '2018-01-02', 54, 'khuraki', 1, 500, 500, 1, 3, '2019-02-09 22:00:14'),
(1494, NULL, 20, '2018-01-02', 47, 'bkash', 1, 140, 140, 1, 3, '2019-02-09 22:00:14'),
(1495, NULL, 20, '2018-01-02', 12, 'Cash In', 1, 13430, 13430, 1, 3, '2019-02-09 22:54:23'),
(1496, NULL, 20, '2018-01-03', 10, 'Sultan', 1, 5000, 5000, 1, 3, '2019-02-09 22:05:20'),
(1497, NULL, 20, '2018-01-03', 98, 'Rabiul Membar', 1, 5000, 5000, 1, 3, '2019-02-09 22:05:20'),
(1498, NULL, 20, '2018-01-03', 47, 'motor cycle monir', 1, 300, 300, 1, 3, '2019-02-09 22:05:20'),
(1499, NULL, 20, '2018-01-03', 44, 'beton', 2, 500, 1000, 1, 3, '2019-02-09 22:05:20'),
(1500, NULL, 20, '2018-01-03', 36, 'khuraki', 1, 6000, 6000, 1, 3, '2019-02-09 22:05:20'),
(1501, NULL, 20, '2018-01-03', 41, 'day', 2, 350, 700, 1, 3, '2019-02-09 22:05:20'),
(1502, NULL, 20, '2018-01-03', 34, 'p/m', 1, 220, 220, 1, 3, '2019-02-09 22:05:20'),
(1503, NULL, 20, '2018-01-03', 96, 'Mahabub', 1, 2000, 2000, 1, 3, '2019-02-09 22:05:20'),
(1504, NULL, 20, '2018-01-03', 12, 'Cash In', 1, 20220, 20220, 1, 3, '2019-02-09 22:05:20'),
(1505, NULL, 20, '2018-01-04', 43, 'so iqbal', 1, 2000, 2000, 1, 3, '2019-02-09 22:42:41'),
(1506, NULL, 20, '2018-01-04', 34, 'p/m', 1, 410, 410, 1, 3, '2019-02-09 22:42:41'),
(1507, NULL, 20, '2018-01-04', 47, 'pipe ana', 1, 600, 600, 1, 3, '2019-02-09 22:42:41'),
(1508, NULL, 20, '2018-01-04', 96, 'mahbub', 1, 1500, 1500, 1, 3, '2019-02-09 22:42:41'),
(1509, NULL, 20, '2018-01-04', 36, 'khuraki', 1, 5000, 5000, 1, 3, '2019-02-09 22:42:41'),
(1510, NULL, 20, '2018-01-04', 34, 'mpnir', 1, 360, 360, 1, 3, '2019-02-09 22:42:41'),
(1511, NULL, 20, '2018-01-04', 47, 'motor cycle mermot monir', 1, 450, 450, 1, 3, '2019-02-09 22:42:41'),
(1512, NULL, 20, '2018-01-04', 47, 'bkash', 1, 80, 80, 1, 3, '2019-02-09 22:42:41'),
(1513, NULL, 20, '2018-01-04', 12, 'Cash In', 1, 10400, 10400, 1, 3, '2019-02-09 22:42:41'),
(1514, NULL, 20, '2017-12-28', 66, 'Cash In', 1, 11000, 11000, 1, 3, '2019-02-09 22:51:07'),
(1515, NULL, 20, '2018-01-02', 66, 'Cash In', 1, 12000, 12000, 1, 3, '2019-02-09 22:55:13'),
(1516, NULL, 20, '2018-01-05', 97, 'dijel', 25, 67, 1675, 1, 3, '2019-02-09 23:01:11'),
(1517, NULL, 20, '2018-01-05', 39, 'moksed', 1, 1800, 1800, 1, 3, '2019-02-09 23:01:11'),
(1518, NULL, 20, '2018-01-05', 36, 'khuraki', 1, 5000, 5000, 1, 3, '2019-02-09 23:01:11'),
(1519, NULL, 20, '2018-01-05', 34, 'p/m/khana', 1, 310, 310, 1, 3, '2019-02-09 23:01:11'),
(1520, NULL, 20, '2018-01-05', 66, 'Cash In', 1, 1800, 1800, 1, 3, '2019-02-09 23:01:11'),
(1521, NULL, 20, '2018-01-05', 12, 'Cash In', 1, 6985, 6985, 1, 3, '2019-02-09 23:01:11'),
(1522, NULL, 20, '2018-01-06', 62, 'tak', 1, 300, 300, 1, 3, '2019-02-09 23:06:15'),
(1523, NULL, 20, '2018-01-06', 47, 'bkash', 1, 260, 260, 1, 3, '2019-02-09 23:06:15'),
(1524, NULL, 20, '2018-01-06', 44, 'beton', 1, 500, 500, 1, 3, '2019-02-09 23:06:15'),
(1525, NULL, 20, '2018-01-06', 36, 'khuraki', 1, 5000, 5000, 1, 3, '2019-02-09 23:06:15'),
(1526, NULL, 20, '2018-01-06', 34, 'p/m', 1, 220, 220, 1, 3, '2019-02-09 23:06:15'),
(1527, NULL, 20, '2018-01-06', 100, 'oct/nov', 1, 10000, 10000, 1, 3, '2019-02-09 23:06:15'),
(1528, NULL, 20, '2018-01-06', 65, 'Cash In', 1, 10000, 10000, 1, 3, '2019-02-09 23:06:15'),
(1529, NULL, 20, '2018-01-06', 12, 'Cash In', 1, 6280, 6280, 1, 3, '2019-02-09 23:06:15'),
(1530, NULL, 20, '2018-01-07', 96, 'mahabub', 1, 1400, 1400, 1, 3, '2019-02-09 23:09:52'),
(1531, NULL, 20, '2018-01-07', 34, 'p/m/gam', 1, 325, 325, 1, 3, '2019-02-09 23:09:52'),
(1532, NULL, 20, '2018-01-07', 12, 'Cash In', 1, 1725, 1725, 1, 3, '2019-02-09 23:09:52'),
(1533, NULL, 20, '2018-01-08', 39, 'lokman', 1, 15000, 15000, 1, 3, '2019-02-09 23:19:35'),
(1534, NULL, 20, '2018-01-08', 44, 'beton', 3, 400, 1200, 1, 3, '2019-02-09 23:19:35'),
(1535, NULL, 20, '2018-01-08', 36, 'khuraki', 1, 10000, 10000, 1, 3, '2019-02-09 23:19:35'),
(1536, NULL, 20, '2018-01-08', 54, 'kurki', 1, 500, 500, 1, 3, '2019-02-09 23:19:35'),
(1537, NULL, 20, '2018-01-08', 96, 'nalitabari', 1, 2300, 2300, 1, 3, '2019-02-09 23:19:35'),
(1538, NULL, 20, '2018-01-08', 47, 'rashid/khana', 1, 295, 295, 1, 3, '2019-02-09 23:19:35'),
(1539, NULL, 20, '2018-01-08', 43, 'so iqbal', 1, 5000, 5000, 1, 3, '2019-02-09 23:19:35'),
(1540, NULL, 20, '2018-01-08', 34, 'p/m', 3, 200, 600, 1, 3, '2019-02-09 23:19:35'),
(1541, NULL, 20, '2018-01-08', 33, 'sigaret', 3, 210, 630, 1, 3, '2019-02-09 23:19:35'),
(1542, NULL, 20, '2018-01-08', 43, 'babul', 1, 200, 200, 1, 3, '2019-02-09 23:19:35'),
(1543, NULL, 20, '2018-01-08', 47, 'mobil', 1, 530, 530, 1, 3, '2019-02-09 23:19:35'),
(1544, NULL, 20, '2018-01-08', 34, 'monir', 1, 170, 170, 1, 3, '2019-02-09 23:19:35'),
(1545, NULL, 20, '2018-01-08', 65, 'Cash In', 1, 3000, 3000, 1, 3, '2019-02-09 23:19:35'),
(1546, NULL, 20, '2018-01-08', 12, 'Cash In', 1, 33425, 33425, 1, 3, '2019-02-09 23:19:35'),
(1547, NULL, 20, '2018-01-09', 36, 'khuraki', 1, 5000, 5000, 1, 3, '2019-02-09 23:24:00'),
(1548, NULL, 20, '2018-01-09', 47, 'bkash', 1, 140, 140, 1, 3, '2019-02-09 23:24:00'),
(1549, NULL, 20, '2018-01-09', 34, 'p/m/khana', 1, 230, 230, 1, 3, '2019-02-09 23:24:00'),
(1550, NULL, 20, '2018-01-09', 12, 'Cash In', 1, 5370, 5370, 1, 3, '2019-02-09 23:24:00'),
(1551, NULL, 20, '2018-01-10', 36, 'khuraki', 1, 2500, 2500, 1, 3, '2019-02-09 23:29:32'),
(1552, NULL, 20, '2018-01-10', 47, 'dijel', 1, 270, 270, 1, 3, '2019-02-09 23:29:32'),
(1553, NULL, 20, '2018-01-10', 97, 'dijel', 25, 67, 1675, 1, 3, '2019-02-09 23:29:32'),
(1554, NULL, 20, '2018-01-10', 34, 'p/m/khana', 1, 390, 390, 1, 3, '2019-02-09 23:29:32'),
(1555, NULL, 20, '2018-01-10', 47, 'bkash', 1, 180, 180, 1, 3, '2019-02-09 23:29:32'),
(1556, NULL, 20, '2018-01-10', 54, 'khuraki', 1, 500, 500, 1, 3, '2019-02-09 23:29:32'),
(1557, NULL, 20, '2018-01-10', 47, 'sutli', 1, 25, 25, 1, 3, '2019-02-09 23:29:32'),
(1558, NULL, 20, '2018-01-10', 12, 'Cash In', 1, 5540, 5540, 1, 3, '2019-02-09 23:29:32'),
(1559, NULL, 20, '2018-01-11', 10, 'Sultan Paid', 1, 6000, 6000, 1, 3, '2019-02-09 23:37:44'),
(1560, NULL, 20, '2018-01-11', 96, 'nalitabari paid', 1, 700, 700, 1, 3, '2019-02-09 23:37:44'),
(1561, NULL, 20, '2018-01-11', 43, 'test letter', 1, 390, 390, 1, 3, '2019-02-09 23:37:44'),
(1562, NULL, 20, '2018-01-11', 47, 'cng vara ue', 1, 950, 950, 1, 3, '2019-02-09 23:37:44'),
(1563, NULL, 20, '2018-01-11', 34, 'p/m/khana', 1, 325, 325, 1, 3, '2019-02-09 23:37:44'),
(1564, NULL, 20, '2018-01-11', 43, 'ue khana', 1, 945, 945, 1, 3, '2019-02-09 23:37:44'),
(1565, NULL, 20, '2018-01-11', 34, 'monir/rabiul', 1, 430, 430, 1, 3, '2019-02-09 23:37:44'),
(1566, NULL, 20, '2018-01-11', 49, 'al amin', 1, 1600, 1600, 1, 3, '2019-02-09 23:37:44'),
(1567, NULL, 20, '2018-01-11', 12, 'Cash In', 1, 11340, 11340, 1, 3, '2019-02-09 23:37:44'),
(1568, NULL, 20, '2018-01-13', 36, 'khuraki', 1, 1200, 1200, 1, 3, '2019-02-09 23:41:29'),
(1569, NULL, 20, '2018-01-13', 97, 'dijel', 5, 68, 340, 1, 3, '2019-02-09 23:41:29'),
(1570, NULL, 20, '2018-01-13', 47, 'pipe', 1, 20, 20, 1, 3, '2019-02-09 23:41:29'),
(1571, NULL, 20, '2018-01-13', 34, 'p/m', 1, 220, 220, 1, 3, '2019-02-09 23:41:29'),
(1572, NULL, 20, '2018-01-13', 34, 'p/m=14/1/18', 1, 220, 220, 1, 3, '2019-02-09 23:41:29'),
(1573, NULL, 20, '2018-01-13', 12, 'Cash In', 1, 2000, 2000, 1, 3, '2019-02-09 23:41:29'),
(1574, NULL, 20, '2018-01-15', 36, 'khuraki', 1, 300, 300, 1, 3, '2019-02-09 23:47:33'),
(1575, NULL, 20, '2018-01-15', 34, 'p/m/khana', 1, 310, 310, 1, 3, '2019-02-09 23:47:33'),
(1576, NULL, 20, '2018-01-15', 33, 'bkash', 1, 270, 270, 1, 3, '2019-02-09 23:47:33'),
(1577, NULL, 20, '2018-01-15', 47, 'sigaret', 1, 210, 210, 1, 3, '2019-02-09 23:47:33'),
(1578, NULL, 20, '2018-01-15', 43, 'sojib', 1, 200, 200, 1, 3, '2019-02-09 23:47:33'),
(1579, NULL, 20, '2018-01-15', 61, 'xen dvr', 1, 500, 500, 1, 3, '2019-02-09 23:47:33'),
(1580, NULL, 20, '2018-01-15', 61, 'lt kashem', 1, 1000, 1000, 1, 3, '2019-02-09 23:47:33'),
(1581, NULL, 20, '2018-01-15', 61, 'lt', 1, 5000, 5000, 1, 3, '2019-02-09 23:47:33'),
(1582, NULL, 20, '2018-01-15', 61, 'dijel', 1, 3000, 3000, 1, 3, '2019-02-09 23:47:33'),
(1583, NULL, 20, '2018-01-15', 61, 'mv/site book', 1, 620, 620, 1, 3, '2019-02-09 23:47:33'),
(1584, NULL, 20, '2018-01-15', 12, 'Cash In', 1, 11410, 11410, 1, 3, '2019-02-09 23:47:33'),
(1585, NULL, 20, '2018-01-17', 98, 'Rabiul Membar bali vara', 1, 3000, 3000, 1, 3, '2019-02-09 23:51:55'),
(1586, NULL, 20, '2018-01-17', 12, 'Cash In', 1, 3000, 3000, 1, 3, '2019-02-09 23:51:55'),
(1587, NULL, 20, '2018-01-20', 97, 'dijel', 15, 67, 1005, 1, 3, '2019-02-10 03:05:32'),
(1588, NULL, 20, '2018-01-20', 47, '3\'\' dijel/mobil', 1, 760, 760, 1, 3, '2019-02-10 03:05:32'),
(1589, NULL, 20, '2018-01-20', 36, 'khurki', 1, 2225, 2225, 1, 3, '2019-02-10 03:05:32'),
(1590, NULL, 20, '2018-01-20', 54, 'khuraki', 1, 500, 500, 1, 3, '2019-02-10 03:05:32'),
(1591, NULL, 20, '2018-01-20', 47, 'bkash', 1, 120, 120, 1, 3, '2019-02-10 03:05:32'),
(1592, NULL, 20, '2018-01-20', 49, 'khua tana', 1, 750, 750, 1, 3, '2019-02-10 03:05:32'),
(1593, NULL, 20, '2018-01-20', 34, 'p/m', 1, 300, 300, 1, 3, '2019-02-10 03:05:32'),
(1594, NULL, 20, '2018-01-20', 12, 'Cash In', 1, 5660, 5660, 1, 3, '2019-02-10 03:05:32'),
(1595, NULL, 20, '2018-01-21', 61, 'lt', 1, 7000, 7000, 1, 3, '2019-02-10 03:10:40'),
(1596, NULL, 20, '2018-01-21', 61, 'lt dvr', 1, 600, 600, 1, 3, '2019-02-10 03:10:40'),
(1597, NULL, 20, '2018-01-21', 61, 'li kashem', 1, 500, 500, 1, 3, '2019-02-10 03:10:40'),
(1598, NULL, 20, '2018-01-21', 97, 'dijel', 15, 67, 1005, 1, 3, '2019-02-10 03:10:40'),
(1599, NULL, 20, '2018-01-21', 36, 'khuraki', 1, 1100, 1100, 1, 3, '2019-02-10 03:10:40'),
(1600, NULL, 20, '2018-01-21', 33, 'khana', 1, 150, 150, 1, 3, '2019-02-10 03:10:40'),
(1601, NULL, 20, '2018-01-21', 34, 'p/m', 1, 150, 150, 1, 3, '2019-02-10 03:10:40'),
(1602, NULL, 20, '2018-01-21', 33, 'bkash', 1, 60, 60, 1, 3, '2019-02-10 03:10:40'),
(1603, NULL, 20, '2018-01-21', 12, 'Cash In', 1, 3565, 3565, 1, 3, '2019-02-10 03:10:40'),
(1604, NULL, 20, '2018-01-21', 66, 'Cash In', 1, 7000, 7000, 1, 3, '2019-02-10 03:10:40'),
(1605, NULL, 20, '2018-02-01', 98, 'bali', 1, 2700, 2700, 1, 3, '2019-02-10 03:12:20'),
(1606, NULL, 20, '2018-02-01', 12, 'Cash In', 1, 2700, 2700, 1, 3, '2019-02-10 03:12:20'),
(1607, NULL, 20, '2018-02-06', 61, 'kashem', 1, 500, 500, 1, 3, '2019-02-10 03:15:26'),
(1608, NULL, 20, '2018-02-06', 61, 'sakil', 1, 100, 100, 1, 3, '2019-02-10 03:15:26'),
(1609, NULL, 20, '2018-02-06', 34, 'p/m/sigaret', 1, 460, 460, 1, 3, '2019-02-10 03:15:26'),
(1610, NULL, 20, '2018-02-06', 36, 'khuraki', 1, 200, 200, 1, 3, '2019-02-10 03:15:26'),
(1611, NULL, 20, '2018-02-06', 43, 'so/p/nasta', 1, 200, 200, 1, 3, '2019-02-10 03:15:26'),
(1612, NULL, 20, '2018-02-06', 97, 'dijel', 1, 2000, 2000, 1, 3, '2019-02-10 03:15:26'),
(1613, NULL, 20, '2018-02-06', 66, 'Cash In', 1, 14640, 14640, 1, 3, '2019-02-10 03:15:26'),
(1614, NULL, 20, '2018-02-07', 43, 'w/a', 1, 200, 200, 1, 3, '2019-02-10 03:21:36'),
(1615, NULL, 20, '2018-02-07', 54, 'khuraki', 1, 500, 500, 1, 3, '2019-02-10 03:21:36'),
(1616, NULL, 20, '2018-02-07', 36, 'khuraki', 1, 2700, 2700, 1, 3, '2019-02-10 03:21:36'),
(1617, NULL, 20, '2018-02-07', 49, 'khua', 1, 1500, 1500, 1, 3, '2019-02-10 03:21:36'),
(1618, NULL, 20, '2018-02-07', 62, 'tak', 1, 400, 400, 1, 3, '2019-02-10 03:21:36'),
(1619, NULL, 20, '2018-02-07', 47, 'bkash', 1, 120, 120, 1, 3, '2019-02-10 03:21:36'),
(1620, NULL, 20, '2018-02-07', 47, 'ppc', 1, 10, 10, 1, 3, '2019-02-10 03:21:36'),
(1621, NULL, 20, '2018-02-07', 33, 'cha sigaret/nasta', 1, 340, 340, 1, 3, '2019-02-10 03:21:36'),
(1622, NULL, 20, '2018-02-07', 34, 'p/m', 1, 300, 300, 1, 3, '2019-02-10 03:21:36'),
(1623, NULL, 20, '2018-02-07', 61, 'morjina/sakil', 1, 300, 300, 1, 3, '2019-02-10 03:21:36'),
(1624, NULL, 20, '2018-02-07', 66, 'Cash In', 1, 6000, 6000, 1, 3, '2019-02-10 03:21:36'),
(1625, NULL, 20, '2018-02-08', 97, 'dijel', 1, 1320, 1320, 1, 3, '2019-02-10 03:26:34'),
(1626, NULL, 20, '2018-02-08', 47, '3\'\' dijel', 1, 200, 200, 1, 3, '2019-02-10 03:26:34'),
(1627, NULL, 20, '2018-02-08', 54, 'khuraki', 1, 380, 380, 1, 3, '2019-02-10 03:26:34'),
(1628, NULL, 20, '2018-02-08', 36, 'khuraki', 1, 1600, 1600, 1, 3, '2019-02-10 03:26:34'),
(1629, NULL, 20, '2018-02-08', 43, 'ue 12/2/18', 1, 10000, 10000, 1, 3, '2019-02-10 03:26:34'),
(1630, NULL, 20, '2018-02-08', 66, 'Cash In', 1, 15000, 15000, 1, 3, '2019-02-10 03:26:34'),
(1631, NULL, 20, '2018-02-11', 39, 'Moksed', 1, 50000, 50000, 1, 3, '2019-02-10 03:34:47'),
(1632, NULL, 20, '2018-02-11', 94, 'cash', 1, 720000, 720000, 1, 3, '2019-02-10 03:34:47'),
(1633, NULL, 20, '2018-02-11', 61, 'xen office', 1, 10000, 10000, 1, 3, '2019-02-10 03:34:47'),
(1634, NULL, 20, '2018-02-11', 61, 'ac shomir', 1, 2000, 2000, 1, 3, '2019-02-10 03:34:47'),
(1635, NULL, 20, '2018-02-11', 61, 'so jafor/sakil', 1, 2000, 2000, 1, 3, '2019-02-10 03:34:47'),
(1636, NULL, 20, '2018-02-11', 61, 'razzak', 1, 500, 500, 1, 3, '2019-02-10 03:34:47'),
(1637, NULL, 20, '2018-02-11', 34, 'p/m', 1, 600, 600, 1, 3, '2019-02-10 03:34:47'),
(1638, NULL, 20, '2018-02-11', 33, 'sigaret/mobile', 1, 320, 320, 1, 3, '2019-02-10 03:34:47'),
(1639, NULL, 20, '2018-02-11', 47, 'da shohidul', 1, 2000, 2000, 1, 3, '2019-02-10 03:34:47'),
(1640, NULL, 20, '2018-02-11', 12, 'Cash In', 1, 775110, 775110, 1, 3, '2019-02-10 03:38:43'),
(1641, NULL, 20, '2018-04-25', 39, 'moksed', 1, 2000, 2000, 1, 3, '2019-02-10 03:42:05'),
(1642, NULL, 20, '2018-04-25', 96, 'mahbub', 1, 24700, 24700, 1, 3, '2019-02-10 03:42:05'),
(1643, NULL, 20, '2018-04-25', 36, 'khuraki=30/4/18', 1, 10000, 10000, 1, 3, '2019-02-10 03:42:05'),
(1644, NULL, 20, '2018-04-25', 12, 'Cash In', 1, 36700, 36700, 1, 3, '2019-02-10 03:42:05'),
(1645, NULL, 18, '2019-02-09', 62, 'tak    (pk sujon 5000 p)', 1, 2600, 2600, 1, 3, '2019-02-10 14:43:54'),
(1646, NULL, 18, '2019-02-09', 74, 'khuraki', 1, 3000, 3000, 1, 3, '2019-02-10 14:43:04'),
(1647, NULL, 18, '2019-02-09', 96, 'juel', 1, 3000, 3000, 1, 3, '2019-02-10 14:43:04'),
(1648, NULL, 18, '2019-02-09', 41, 'day(20) ', 1, 4500, 4500, 1, 3, '2019-02-10 14:43:04'),
(1649, NULL, 18, '2019-02-09', 33, 'vara khana sigaret', 1, 300, 300, 1, 3, '2019-02-10 14:43:04'),
(1650, NULL, 18, '2019-02-09', 10, '2 toli', 2, 600, 1200, 1, 3, '2019-02-10 14:43:04'),
(1651, NULL, 18, '2019-02-09', 12, 'Cash In', 1, 14600, 14600, 1, 3, '2019-02-10 14:43:04'),
(1652, NULL, 18, '2019-02-10', 47, '3\'\' mesin vara', 1, 300, 300, 1, 3, '2019-02-11 23:57:51'),
(1653, NULL, 18, '2019-02-10', 74, 'khuraki', 1, 3000, 3000, 1, 3, '2019-02-11 23:57:51'),
(1655, NULL, 18, '2019-02-10', 12, 'Cash In', 1, 3500, 3500, 1, 3, '2019-02-11 23:57:51'),
(1656, NULL, 18, '2019-02-10', 33, 'babul', 1, 200, 200, 1, 3, '2019-02-12 00:00:16'),
(1657, NULL, 18, '2019-02-11', 44, '9 days', 1, 2600, 2600, 1, 3, '2019-02-12 03:07:03'),
(1658, NULL, 18, '2019-02-11', 96, 'juel', 1, 2000, 2000, 1, 3, '2019-02-12 03:07:03'),
(1659, NULL, 18, '2019-02-11', 74, 'khuraki', 1, 500, 500, 1, 3, '2019-02-12 03:07:03'),
(1660, NULL, 18, '2019-02-11', 47, 'bkash', 1, 200, 200, 1, 3, '2019-02-12 03:07:03'),
(1661, NULL, 18, '2019-02-11', 39, 'lokman d=228/no-1=5000 p sujon', 1, 14980, 14980, 1, 3, '2019-02-12 03:08:25'),
(1662, NULL, 18, '2019-02-11', 41, 'bokea', 1, 1700, 1700, 1, 3, '2019-02-12 03:07:03'),
(1663, NULL, 18, '2019-02-11', 33, 'babul+rabiul', 1, 350, 350, 1, 3, '2019-02-12 03:07:03'),
(1664, NULL, 18, '2019-02-11', 12, 'Cash In', 1, 22330, 22330, 1, 3, '2019-02-12 03:07:03'),
(1665, NULL, 18, '2019-02-12', 37, 'pk=duo', 65000, 8, 520000, 1, 3, '2019-02-12 03:12:51'),
(1666, NULL, 18, '2019-02-12', 37, 'no-1=duo', 15000, 8, 120000, 1, 3, '2019-02-12 03:12:51'),
(1667, NULL, 20, '2019-02-12', 96, 'juel', 1, 3000, 3000, 1, 3, '2019-02-17 16:37:18'),
(1668, NULL, 20, '2019-02-12', 33, 'babul', 1, 150, 150, 1, 3, '2019-02-17 16:37:18'),
(1669, NULL, 20, '2019-02-12', 12, 'Cash In', 1, 3150, 3150, 1, 3, '2019-02-17 16:37:18'),
(1670, NULL, 20, '2019-02-13', 96, 'juel', 1, 1500, 1500, 1, 3, '2019-02-17 16:40:15'),
(1671, NULL, 20, '2019-02-13', 36, 'khuraki', 1, 4000, 4000, 1, 3, '2019-02-17 16:40:15'),
(1672, NULL, 20, '2019-02-13', 41, 'day', 2, 350, 700, 1, 3, '2019-02-17 16:40:15'),
(1673, NULL, 20, '2019-02-13', 33, 'babul', 1, 150, 150, 1, 3, '2019-02-17 16:40:15'),
(1674, NULL, 20, '2019-02-13', 12, 'Cash In', 1, 6350, 6350, 1, 3, '2019-02-17 16:40:15'),
(1675, NULL, 20, '2019-02-12', 37, ' No-1  duo', 15000, 8, 120000, 1, 3, '2019-02-17 16:44:05'),
(1676, NULL, 20, '2019-02-12', 12, 'Cash In duo', 1, 120000, 120000, 1, 3, '2019-02-17 16:44:05'),
(1677, NULL, 20, '2019-02-13', 37, 'No-1 Duo', 10000, 8, 80000, 1, 3, '2019-02-17 16:45:22'),
(1678, NULL, 20, '2019-02-13', 12, 'Cash In duo', 1, 80000, 80000, 1, 3, '2019-02-17 16:45:22'),
(1679, NULL, 20, '2019-02-14', 96, 'juel', 1, 1000, 1000, 1, 3, '2019-02-17 16:50:21'),
(1680, NULL, 20, '2019-02-14', 36, 'khuraki', 1, 3000, 3000, 1, 3, '2019-02-17 16:50:21'),
(1681, NULL, 20, '2019-02-14', 41, 'day', 3, 350, 1050, 1, 3, '2019-02-17 16:50:21'),
(1682, NULL, 20, '2019-02-14', 62, 'tak', 1, 2200, 2200, 1, 3, '2019-02-17 16:50:21'),
(1683, NULL, 20, '2019-02-14', 33, 'babul', 1, 200, 200, 1, 3, '2019-02-17 16:50:21'),
(1684, NULL, 20, '2019-02-14', 12, 'Cash In', 1, 13450, 13450, 1, 3, '2019-02-20 23:12:11'),
(1685, NULL, 20, '2019-02-14', 37, 'no-1 duo', 10000, 8, 80000, 1, 3, '2019-07-04 02:55:40'),
(1686, NULL, 20, '2019-02-14', 107, 'pk =duo', 5000, 8, 40000, 1, 3, '2019-02-17 16:53:25'),
(1687, NULL, 20, '2019-02-14', 44, 'hormus', 1, 1000, 1000, 1, 3, '2019-02-17 16:53:25'),
(1688, NULL, 20, '2019-02-14', 12, 'Cash In', 1, 120000, 120000, 1, 3, '2019-02-17 16:53:25'),
(1689, NULL, 20, '2019-02-15', 96, 'juel', 1, 2000, 2000, 1, 3, '2019-02-17 16:57:06'),
(1690, NULL, 20, '2019-02-15', 41, 'day', 2, 350, 700, 1, 3, '2019-02-17 16:57:06'),
(1691, NULL, 20, '2019-02-15', 36, 'khuraki', 1, 3500, 3500, 1, 3, '2019-02-17 16:57:06'),
(1692, NULL, 20, '2019-02-15', 34, 'm', 1, 110, 110, 1, 3, '2019-02-17 16:57:06'),
(1693, NULL, 20, '2019-02-15', 33, 'babul', 1, 150, 150, 1, 3, '2019-02-17 16:57:06'),
(1694, NULL, 20, '2019-02-15', 107, 'pk= duo', 10000, 8, 80000, 1, 3, '2019-02-17 16:57:06'),
(1695, NULL, 20, '2019-02-15', 12, 'Cash In', 1, 6460, 6460, 1, 3, '2019-02-17 16:57:06'),
(1696, NULL, 20, '2019-02-15', 12, 'Cash In', 1, 80000, 80000, 1, 3, '2019-02-17 16:57:06'),
(1697, NULL, 20, '2019-02-16', 39, 'lokman', 1, 41600, 41600, 1, 3, '2019-02-17 17:00:02'),
(1698, NULL, 20, '2019-02-16', 96, 'juel', 1, 2000, 2000, 1, 3, '2019-02-17 17:00:02'),
(1699, NULL, 20, '2019-02-16', 36, 'khuraki', 1, 3500, 3500, 1, 3, '2019-02-17 17:00:02'),
(1700, NULL, 20, '2019-02-16', 33, 'babul', 1, 150, 150, 1, 3, '2019-02-17 17:00:02'),
(1701, NULL, 20, '2019-02-16', 107, 'pk  duo', 10000, 8, 80000, 1, 3, '2019-02-17 17:00:02'),
(1702, NULL, 20, '2019-02-16', 12, 'Cash In', 1, 47250, 47250, 1, 3, '2019-02-17 17:02:34'),
(1703, NULL, 20, '2019-02-16', 12, 'Cash In', 1, 80000, 80000, 1, 3, '2019-02-17 17:00:02'),
(1704, NULL, 20, '2019-02-17', 96, 'juel', 1, 1500, 1500, 1, 3, '2019-02-18 03:06:25'),
(1705, NULL, 20, '2019-02-17', 36, 'khuraki', 1, 4000, 4000, 1, 3, '2019-02-18 03:06:25'),
(1706, NULL, 20, '2019-02-17', 44, 'hormosh', 1, 500, 500, 1, 3, '2019-02-18 03:06:25'),
(1707, NULL, 20, '2019-02-17', 33, 'babul', 1, 150, 150, 1, 3, '2019-02-18 03:06:25'),
(1708, NULL, 20, '2019-02-17', 34, 'p/m', 1, 200, 200, 1, 3, '2019-02-18 03:06:25'),
(1709, NULL, 20, '2019-02-17', 12, 'Cash In', 1, 6350, 6350, 1, 3, '2019-02-18 03:06:25'),
(1710, NULL, 20, '2019-02-17', 37, 'pk  duo', 10000, 8, 80000, 1, 3, '2019-02-18 03:06:25'),
(1711, NULL, 20, '2019-02-17', 12, 'Cash In', 1, 80000, 80000, 1, 3, '2019-02-18 03:06:25'),
(1712, NULL, 18, '2019-02-17', 74, '12/2/19 khuraki', 1, 500, 500, 1, 3, '2019-02-18 03:10:22'),
(1713, NULL, 18, '2019-02-17', 80, '16 mili  duo', 555, 135, 74925, 1, 3, '2019-02-18 03:10:22'),
(1714, NULL, 18, '2019-02-17', 39, 'Farhad', 1, 13272, 13272, 1, 3, '2019-02-18 03:10:22'),
(1715, NULL, 18, '2019-02-17', 12, 'Cash In', 1, 88697, 88697, 1, 3, '2019-02-18 03:10:22'),
(1716, NULL, 18, '2019-02-12', 12, 'Cash In duo', 1, 640000, 640000, 1, 3, '2019-02-18 03:14:01'),
(1717, NULL, 20, '2019-02-18', 36, 'khuraki', 1, 4500, 4500, 1, 3, '2019-02-19 03:40:16'),
(1718, NULL, 20, '2019-02-18', 41, 'day', 2, 350, 700, 1, 3, '2019-02-19 03:40:16'),
(1719, NULL, 20, '2019-02-18', 96, 'khuraki', 1, 1500, 1500, 1, 3, '2019-02-19 03:40:16'),
(1720, NULL, 20, '2019-02-18', 33, 'babul', 1, 100, 100, 1, 3, '2019-02-19 03:40:16'),
(1721, NULL, 20, '2019-02-18', 12, 'Cash In', 1, 6800, 6800, 1, 3, '2019-02-19 03:40:16'),
(1722, NULL, 20, '2019-02-18', 12, 'Cash In', 1, 80000, 80000, 1, 3, '2019-02-19 03:40:16'),
(1723, NULL, 20, '2019-02-18', 107, 'pk duo', 10000, 8, 80000, 1, 3, '2019-02-19 03:41:37'),
(1724, NULL, 18, '2019-02-18', 97, 'dijel', 1, 500, 500, 1, 3, '2019-02-19 03:44:30'),
(1725, NULL, 18, '2019-02-18', 39, 'Forhad', 1, 3000, 3000, 1, 3, '2019-02-19 03:44:30'),
(1726, NULL, 18, '2019-02-18', 74, 'khuraki', 1, 1000, 1000, 1, 3, '2019-02-19 03:44:30'),
(1727, NULL, 18, '2019-02-18', 80, '1/2\'\' pathor', 555, 128, 71040, 1, 3, '2019-02-19 03:44:30'),
(1728, NULL, 18, '2019-02-18', 12, 'Cash In', 1, 75540, 75540, 1, 3, '2019-02-19 03:44:30'),
(1729, NULL, 18, '2019-02-19', 10, ' bali', 5, 600, 3000, 1, 3, '2019-02-20 23:36:03'),
(1730, NULL, 18, '2019-02-19', 74, 'khurari', 1, 3000, 3000, 1, 3, '2019-02-20 04:23:13'),
(1731, NULL, 18, '2019-02-19', 80, 'juel', 555, 117, 64935, 1, 3, '2019-02-20 04:23:13'),
(1732, NULL, 18, '2019-02-19', 39, 'Fohad', 555, 24, 13320, 1, 3, '2019-02-20 04:23:13'),
(1733, NULL, 18, '2019-02-19', 47, '3\'\' pipe', 300, 13.5, 4050, 1, 3, '2019-02-20 04:23:13'),
(1734, NULL, 18, '2019-02-19', 47, 'pipe vara', 1, 60, 60, 1, 3, '2019-02-20 04:23:13'),
(1735, NULL, 18, '2019-02-19', 99, 'trak vara', 1, 8000, 8000, 1, 3, '2019-02-20 04:23:13'),
(1736, NULL, 18, '2019-02-19', 97, '3 days', 1, 2805, 2805, 1, 3, '2019-02-20 04:23:13'),
(1737, NULL, 18, '2019-02-19', 54, 'khuraki', 2, 700, 1400, 1, 3, '2019-02-20 04:23:13'),
(1738, NULL, 18, '2019-02-19', 54, 'beton', 1, 3000, 3000, 1, 3, '2019-02-20 04:23:13'),
(1739, NULL, 18, '2019-02-19', 47, '3\'\' meramot', 1, 505, 505, 1, 3, '2019-02-20 04:23:13'),
(1740, NULL, 18, '2019-02-19', 99, 'grige', 1, 320, 320, 1, 3, '2019-02-20 04:23:13'),
(1741, NULL, 18, '2019-02-19', 37, 'bolder  duo vara soho', 547, 65, 35555, 1, 3, '2019-02-20 14:06:52'),
(1742, NULL, 18, '2019-02-19', 12, 'Cash In', 1, 139950, 139950, 1, 3, '2019-02-20 14:08:07'),
(1743, NULL, 20, '2019-02-14', 39, 'lokman', 1, 5000, 5000, 1, 3, '2019-02-20 14:11:09'),
(1745, NULL, 20, '2019-02-19', 96, 'juel', 1, 2000, 2000, 1, 3, '2019-02-20 14:14:00'),
(1746, NULL, 20, '2019-02-19', 41, 'day', 3, 350, 1050, 1, 3, '2019-02-20 14:14:00'),
(1747, NULL, 20, '2019-02-19', 33, 'babul', 1, 150, 150, 1, 3, '2019-02-20 14:14:00'),
(1748, NULL, 20, '2019-02-19', 39, 'lokman', 1, 2000, 2000, 1, 3, '2019-02-20 14:14:00'),
(1749, NULL, 20, '2019-02-19', 107, 'duo', 10000, 8, 80000, 1, 3, '2019-02-20 14:14:00'),
(1750, NULL, 20, '2019-02-19', 12, 'Cash In', 1, 85200, 85200, 1, 3, '2019-02-20 14:14:00'),
(1751, NULL, 18, '2019-02-20', 41, 'day', 2, 400, 800, 1, 3, '2019-02-21 03:49:35'),
(1752, NULL, 18, '2019-02-20', 97, 'dijel', 1, 1300, 1300, 1, 3, '2019-02-21 03:49:35'),
(1753, NULL, 18, '2019-02-20', 54, 'khuraki', 1, 700, 700, 1, 3, '2019-02-21 03:49:35'),
(1754, NULL, 18, '2019-02-20', 80, '5/10 duo', 555, 117, 64935, 1, 3, '2019-02-21 03:49:35'),
(1755, NULL, 18, '2019-02-20', 39, 'forhad', 555, 24, 13320, 1, 3, '2019-02-21 03:49:35'),
(1756, NULL, 18, '2019-02-20', 74, 'khuraki', 1, 3500, 3500, 1, 3, '2019-02-21 03:49:35'),
(1757, NULL, 18, '2019-02-20', 37, 'bolder 2 no  duo', 827, 65, 53755, 1, 3, '2019-02-21 03:49:35'),
(1758, NULL, 18, '2019-02-20', 12, 'Cash In', 1, 138310, 138310, 1, 3, '2019-02-21 03:49:35'),
(1759, NULL, 20, '2019-02-20', 36, 'khuraki', 1, 5500, 5500, 1, 3, '2019-02-21 03:53:34'),
(1760, NULL, 20, '2019-02-20', 96, 'khuraki', 1, 2000, 2000, 1, 3, '2019-02-21 03:53:34'),
(1761, NULL, 20, '2019-02-20', 62, 'tak', 1, 2000, 2000, 1, 3, '2019-02-21 03:53:34'),
(1762, NULL, 20, '2019-02-20', 44, 'hormosh', 1, 1000, 1000, 1, 3, '2019-02-21 03:53:34'),
(1763, NULL, 20, '2019-02-20', 47, 'bty', 1, 150, 150, 1, 3, '2019-02-21 03:53:34'),
(1764, NULL, 20, '2019-02-20', 33, 'babul', 1, 150, 150, 1, 3, '2019-02-21 03:53:34'),
(1765, NULL, 20, '2019-02-20', 39, 'lokman dijel 452 li.', 452, 65, 29380, 1, 3, '2019-02-21 03:53:34'),
(1766, NULL, 20, '2019-02-20', 107, 'pk duo', 10000, 8, 80000, 1, 3, '2019-02-21 03:53:34'),
(1767, NULL, 20, '2019-02-20', 12, 'Cash In', 1, 120180, 120180, 1, 3, '2019-02-21 03:53:34'),
(1768, NULL, 19, '2017-02-25', 60, 'ps', 1, 285500, 285500, 1, 3, '2019-02-21 19:34:39'),
(1769, NULL, 19, '2017-02-25', 47, 'stamp', 3, 110, 330, 1, 3, '2019-02-21 19:34:39'),
(1770, NULL, 19, '2017-02-25', 47, 'pad', 1, 150, 150, 1, 3, '2019-02-21 19:34:39'),
(1771, NULL, 19, '2017-02-25', 47, 'boq', 3, 50, 150, 1, 3, '2019-02-21 19:34:39'),
(1772, NULL, 19, '2017-02-25', 47, 'stemete', 3, 100, 300, 1, 3, '2019-02-21 19:34:39'),
(1773, NULL, 19, '2017-02-25', 61, 'ANOWAR/ JUBAER', 2, 1000, 2000, 1, 3, '2019-02-21 19:34:39'),
(1774, NULL, 19, '2017-02-25', 34, 'SALF', 2, 200, 400, 1, 3, '2019-02-21 19:34:39'),
(1775, NULL, 19, '2017-02-25', 43, 'Cheragi', 1, 500, 500, 1, 3, '2019-02-21 19:34:39'),
(1776, NULL, 19, '2017-02-25', 91, 'khuraki', 1, 100, 100, 1, 3, '2019-02-21 19:34:39'),
(1777, NULL, 19, '2017-02-25', 36, 'khuraki', 1, 200, 200, 1, 3, '2019-02-21 19:34:39'),
(1778, NULL, 19, '2017-02-25', 47, 'tali', 1, 220, 220, 1, 3, '2019-02-21 19:34:39'),
(1779, NULL, 19, '2017-02-25', 47, 'bank/picnic', 1, 3617, 3617, 1, 3, '2019-02-21 19:34:39'),
(1780, NULL, 19, '2017-02-25', 47, 'bd/egp', 1, 295, 295, 1, 3, '2019-02-21 19:34:39'),
(1781, NULL, 19, '2017-02-25', 61, 'Xen=20000/3', 1, 6666, 6666, 1, 3, '2019-02-21 19:34:39'),
(1782, NULL, 19, '2017-02-25', 66, 'Cash In', 1, 158723, 158723, 1, 3, '2019-02-21 19:34:39'),
(1783, NULL, 19, '2017-02-25', 87, 'Cash In', 1, 141705, 141705, 1, 3, '2019-02-21 19:34:39'),
(1784, NULL, 19, '2017-02-27', 90, 'pipe', 53, 1300, 68900, 1, 3, '2019-02-21 19:38:03'),
(1785, NULL, 19, '2017-02-27', 49, 'pipe', 1, 4438, 4438, 1, 3, '2019-02-21 19:38:03'),
(1786, NULL, 19, '2017-02-27', 91, 'khuraki', 1, 2000, 2000, 1, 3, '2019-02-21 19:38:03'),
(1787, NULL, 19, '2017-02-27', 34, 'p/m', 1, 200, 200, 1, 3, '2019-02-21 19:38:03'),
(1788, NULL, 19, '2017-02-27', 66, 'Cash In', 1, 75538, 75538, 1, 3, '2019-02-21 19:38:03'),
(1789, NULL, 19, '2017-02-28', 91, 'khuraki', 1, 4000, 4000, 1, 3, '2019-02-21 19:41:10'),
(1790, NULL, 19, '2017-02-28', 47, 'bkash/cheraki', 1, 300, 300, 1, 3, '2019-02-21 19:41:10'),
(1791, NULL, 19, '2017-02-28', 47, 'site book/mv/2/3/17', 1, 500, 500, 1, 3, '2019-02-21 19:41:10'),
(1792, NULL, 19, '2017-02-28', 66, 'Cash In', 1, 4300, 4300, 1, 3, '2019-02-21 19:41:10'),
(1793, NULL, 19, '2017-02-28', 66, 'Cash In/2/3/17', 1, 500, 500, 1, 3, '2019-02-21 19:41:10'),
(1794, NULL, 19, '2017-03-02', 33, '2/3/17-13/3/17 monir', 1, 700, 700, 1, 3, '2019-02-21 19:43:30'),
(1795, NULL, 19, '2017-03-02', 66, 'Cash In', 1, 700, 700, 1, 3, '2019-02-21 19:43:30'),
(1796, NULL, 19, '2017-03-20', 33, '20/3/17-21/3/17', 1, 450, 450, 1, 3, '2019-02-21 19:47:50'),
(1797, NULL, 19, '2017-03-20', 66, 'Cash In', 1, 450, 450, 1, 3, '2019-02-21 19:47:50'),
(1798, NULL, 19, '2017-03-22', 96, 'khuraki', 1, 1960, 1960, 1, 3, '2019-02-21 19:50:18'),
(1799, NULL, 19, '2017-03-22', 10, 'julhas', 1, 3000, 3000, 1, 3, '2019-02-21 19:50:18'),
(1800, NULL, 19, '2017-03-22', 33, 'monir', 1, 170, 170, 1, 3, '2019-02-21 19:50:18'),
(1801, NULL, 19, '2017-03-22', 87, 'Cash In', 1, 5130, 5130, 1, 3, '2019-02-21 19:50:18'),
(1802, NULL, 19, '2017-03-23', 78, 'siment', 5, 395, 1975, 1, 3, '2019-02-21 20:22:29'),
(1803, NULL, 19, '2017-03-23', 78, 'siment', 5, 390, 1950, 1, 3, '2019-02-21 20:23:01'),
(1804, NULL, 19, '2017-03-23', 49, 'siment vara', 10, 20, 200, 1, 3, '2019-02-21 20:23:29'),
(1805, NULL, 19, '2017-03-23', 47, 'mesin vara/plithn', 1, 525, 525, 1, 3, '2019-02-21 20:23:57'),
(1806, NULL, 19, '2017-03-23', 33, 'so/wa', 1, 1500, 1500, 1, 3, '2019-02-21 20:24:25'),
(1807, NULL, 19, '2017-03-23', 95, 'alamin', 1, 1200, 1200, 1, 3, '2019-02-21 20:24:57'),
(1808, NULL, 19, '2017-03-23', 33, 'monir/kofif', 1, 205, 205, 1, 3, '2019-02-21 20:21:35'),
(1809, NULL, 19, '2017-03-23', 34, 'm', 1, 90, 90, 1, 3, '2019-02-21 20:21:04'),
(1810, NULL, 19, '2017-03-23', 47, 'bkash', 1, 200, 200, 1, 3, '2019-02-21 20:20:33'),
(1811, NULL, 19, '2017-03-23', 87, 'Cash In', 1, 7845, 7845, 1, 3, '2019-02-21 20:19:45'),
(1812, NULL, 19, '2017-03-24', 78, 'siment', 5, 390, 1950, 1, 3, '2019-02-21 20:01:34'),
(1813, NULL, 19, '2017-03-24', 49, 'vara', 5, 7, 35, 1, 3, '2019-02-21 20:01:34'),
(1814, NULL, 19, '2017-03-24', 49, 'it tana', 1, 60, 60, 1, 3, '2019-02-21 20:01:34'),
(1815, NULL, 19, '2017-03-24', 49, 'siment', 5, 20, 100, 1, 3, '2019-02-21 20:01:34'),
(1816, NULL, 19, '2017-03-24', 95, 'alamin', 1, 3200, 3200, 1, 3, '2019-02-21 20:01:34'),
(1817, NULL, 19, '2017-03-24', 34, 'p/m', 1, 150, 150, 1, 3, '2019-02-21 20:01:34'),
(1818, NULL, 19, '2017-03-24', 87, 'Cash In', 1, 5495, 5495, 1, 3, '2019-02-21 20:01:34'),
(1819, NULL, 19, '2017-03-26', 78, '5', 5, 395, 1975, 1, 3, '2019-02-21 20:07:46'),
(1820, NULL, 19, '2017-03-26', 49, '5', 5, 20, 100, 1, 3, '2019-02-21 20:07:46'),
(1821, NULL, 19, '2017-03-26', 47, 'pani', 1, 260, 260, 1, 3, '2019-02-21 20:07:46'),
(1822, NULL, 19, '2017-03-26', 47, 'chada', 1, 500, 500, 1, 3, '2019-02-21 20:07:46'),
(1823, NULL, 19, '2017-03-26', 95, 'alamin', 1, 1800, 1800, 1, 3, '2019-02-21 20:07:46'),
(1824, NULL, 19, '2017-03-26', 33, 'other', 1, 298, 298, 1, 3, '2019-02-21 20:07:46'),
(1825, NULL, 19, '2017-03-26', 47, 'bkash', 1, 200, 200, 1, 3, '2019-02-21 20:07:46'),
(1826, NULL, 19, '2017-03-26', 109, 'paid', 1, 1390, 1390, 1, 3, '2019-02-21 20:11:47'),
(1827, NULL, 19, '2017-03-26', 87, 'Cash In', 1, 6523, 6523, 1, 3, '2019-02-21 20:07:46'),
(1828, NULL, 19, '2017-03-27', 108, 'kashem/pk=7500', 1, 50000, 50000, 1, 3, '2019-02-21 20:29:11'),
(1829, NULL, 19, '2017-03-27', 33, 'monir', 1, 250, 250, 1, 3, '2019-02-21 20:29:11'),
(1830, NULL, 19, '2017-03-27', 95, 'khuraki', 1, 3800, 3800, 1, 3, '2019-02-21 20:29:11'),
(1831, NULL, 19, '2017-03-27', 47, 'bkash', 1, 100, 100, 1, 3, '2019-02-21 20:29:11'),
(1832, NULL, 19, '2017-03-27', 66, 'Cash In', 1, 5000, 5000, 1, 3, '2019-02-21 20:29:11'),
(1833, NULL, 19, '2017-03-27', 87, 'Cash In', 1, 50000, 50000, 1, 3, '2019-02-21 20:29:11'),
(1834, NULL, 19, '2017-03-30', 47, 'egp/bd', 1, 230, 230, 1, 3, '2019-02-21 20:30:33'),
(1835, NULL, 19, '2017-03-30', 33, 'monir', 1, 100, 100, 1, 3, '2019-02-21 20:30:33'),
(1836, NULL, 20, '2019-02-21', 96, 'juel', 1, 1500, 1500, 1, 3, '2019-02-22 02:03:02'),
(1837, NULL, 20, '2019-02-21', 36, 'khuraki', 1, 5000, 5000, 1, 3, '2019-02-22 02:03:02'),
(1838, NULL, 20, '2019-02-21', 41, 'day', 2, 350, 700, 1, 3, '2019-02-22 02:03:02'),
(1839, NULL, 20, '2019-02-21', 33, 'babul', 1, 200, 200, 1, 3, '2019-02-22 02:03:02'),
(1840, NULL, 20, '2019-02-21', 99, 'lged', 1, 6000, 6000, 1, 3, '2019-02-22 02:03:02'),
(1841, NULL, 20, '2019-02-21', 34, 'salf', 1, 250, 250, 1, 3, '2019-02-22 02:03:02'),
(1842, NULL, 20, '2019-02-21', 107, 'pk duo', 10000, 8, 80000, 1, 3, '2019-02-22 02:03:02'),
(1843, NULL, 20, '2019-02-21', 12, 'Cash In', 1, 93650, 93650, 1, 3, '2019-02-22 02:03:02'),
(1844, NULL, 18, '2019-02-21', 37, 'bolder', 180, 65, 11700, 1, 3, '2019-02-22 02:08:54'),
(1845, NULL, 18, '2019-02-21', 74, 'khuraki', 1, 3500, 3500, 1, 3, '2019-02-22 02:09:14'),
(1846, NULL, 18, '2019-02-21', 97, 'dijel', 15, 67, 1005, 1, 3, '2019-02-22 02:09:39'),
(1847, NULL, 18, '2019-02-21', 54, 'khuraki', 1, 700, 700, 1, 3, '2019-02-22 02:10:18'),
(1848, NULL, 18, '2019-02-21', 49, 'van', 1, 100, 100, 1, 3, '2019-02-22 02:09:57'),
(1849, NULL, 18, '2019-02-21', 41, '1', 1, 300, 300, 1, 3, '2019-02-22 02:10:54'),
(1850, NULL, 18, '2019-02-21', 12, 'Cash In', 1, 17305, 17305, 1, 3, '2019-02-22 02:10:34'),
(1851, NULL, 19, '2017-04-01', 36, 'adv', 1, 30000, 30000, 1, 3, '2019-02-22 02:25:57'),
(1852, NULL, 19, '2017-04-01', 34, 'p/m', 1, 200, 200, 1, 3, '2019-02-22 02:25:57'),
(1853, NULL, 19, '2017-04-01', 66, 'Cash In', 1, 30200, 30200, 1, 3, '2019-02-22 02:56:51'),
(1856, NULL, 19, '2017-04-05', 33, '4/4/17', 1, 200, 200, 1, 3, '2019-02-22 02:55:55'),
(1857, NULL, 19, '2017-04-05', 36, 'k', 1, 6000, 6000, 1, 3, '2019-02-22 02:55:55'),
(1858, NULL, 19, '2017-04-05', 47, 'bkash', 1, 60, 60, 1, 3, '2019-02-22 02:55:55'),
(1859, NULL, 19, '2017-04-05', 34, 'p/m', 1, 150, 150, 1, 3, '2019-02-22 02:55:55'),
(1860, NULL, 19, '2017-04-05', 66, 'Cash In', 1, 6410, 6410, 1, 3, '2019-02-22 02:55:55'),
(1861, NULL, 19, '2017-04-07', 36, 'k', 1, 2400, 2400, 1, 3, '2019-02-22 03:05:47'),
(1862, NULL, 19, '2017-04-07', 43, 'kofil', 1, 1000, 1000, 1, 3, '2019-02-22 03:05:47'),
(1863, NULL, 19, '2017-04-07', 34, 'm', 1, 150, 150, 1, 3, '2019-02-22 03:05:47'),
(1864, NULL, 19, '2017-04-07', 33, 'm', 1, 220, 220, 1, 3, '2019-02-22 03:05:47'),
(1865, NULL, 19, '2017-04-07', 66, 'Cash In', 1, 3770, 3770, 1, 3, '2019-02-22 03:05:47'),
(1866, NULL, 19, '2017-04-09', 34, '8/4/17', 1, 180, 180, 1, 3, '2019-02-22 03:08:13'),
(1867, NULL, 19, '2017-04-09', 36, 'k', 1, 22500, 22500, 1, 3, '2019-02-22 03:08:13'),
(1868, NULL, 19, '2017-04-09', 33, 'm', 1, 270, 270, 1, 3, '2019-02-22 03:08:13'),
(1869, NULL, 19, '2017-04-09', 108, 'paid', 1, 13750, 13750, 1, 3, '2019-02-22 03:08:13'),
(1870, NULL, 19, '2017-04-09', 66, 'Cash In', 1, 36700, 36700, 1, 3, '2019-02-22 03:08:13'),
(1871, NULL, 20, '2019-02-22', 36, 'khuraki', 1, 3200, 3200, 1, 3, '2019-02-23 16:48:33'),
(1872, NULL, 20, '2019-02-22', 96, 'khuraki', 1, 1500, 1500, 1, 3, '2019-02-23 16:48:33'),
(1873, NULL, 20, '2019-02-22', 41, 'khuraki', 3, 350, 1050, 1, 3, '2019-02-23 16:48:33'),
(1874, NULL, 20, '2019-02-22', 33, 'babul', 1, 150, 150, 1, 3, '2019-02-23 16:48:33'),
(1875, NULL, 20, '2019-02-22', 54, 'Beton  19/1/19', 1, 10000, 10000, 1, 3, '2019-02-23 16:48:33'),
(1876, NULL, 20, '2019-02-22', 37, 'pk duo', 10000, 8, 80000, 1, 3, '2019-02-23 16:48:33'),
(1877, NULL, 20, '2019-02-22', 12, 'Cash In', 1, 95900, 95900, 1, 3, '2019-02-23 16:48:33'),
(1878, NULL, 20, '2019-02-23', 36, 'kh', 1, 2100, 2100, 1, 3, '2019-02-26 15:54:28'),
(1879, NULL, 20, '2019-02-23', 96, 'kh', 1, 2000, 2000, 1, 3, '2019-02-26 15:54:28'),
(1880, NULL, 20, '2019-02-23', 41, 'kh', 2, 350, 700, 1, 3, '2019-02-26 15:54:28'),
(1881, NULL, 20, '2019-02-23', 33, 'babul', 1, 150, 150, 1, 3, '2019-02-26 15:54:28'),
(1882, NULL, 20, '2019-02-23', 99, 'bahadur', 1, 1500, 1500, 1, 3, '2019-02-26 15:54:28'),
(1883, NULL, 20, '2019-02-23', 43, 'so', 1, 500, 500, 1, 3, '2019-02-26 15:54:28'),
(1884, NULL, 20, '2019-02-23', 37, 'pk duo', 10000, 8, 80000, 1, 3, '2019-02-26 15:54:28'),
(1885, NULL, 20, '2019-02-23', 12, 'Cash In', 1, 86950, 86950, 1, 3, '2019-02-26 15:54:28'),
(1886, NULL, 20, '2019-02-24', 36, 'kh', 1, 2100, 2100, 1, 3, '2019-02-26 15:58:03'),
(1887, NULL, 20, '2019-02-24', 96, 'kh', 1, 1500, 1500, 1, 3, '2019-02-26 15:58:03'),
(1888, NULL, 20, '2019-02-24', 41, 'kh', 3, 350, 1050, 1, 3, '2019-02-26 15:58:03'),
(1889, NULL, 20, '2019-02-24', 45, 'beton', 1, 400, 400, 1, 3, '2019-02-26 15:58:03'),
(1890, NULL, 20, '2019-02-24', 37, 'pk/no duo', 10000, 8, 80000, 1, 3, '2019-02-26 15:58:03'),
(1891, NULL, 20, '2019-02-24', 12, 'Cash In', 1, 85050, 85050, 1, 3, '2019-02-26 15:58:03'),
(1892, NULL, 20, '2019-02-25', 96, 'kh', 1, 1500, 1500, 1, 3, '2019-02-26 16:00:30'),
(1893, NULL, 20, '2019-02-25', 36, 'kh', 1, 2500, 2500, 1, 3, '2019-02-26 16:00:30'),
(1894, NULL, 20, '2019-02-25', 41, 'kh', 2, 350, 700, 1, 3, '2019-02-26 16:00:30');
INSERT INTO `tbl_accounts` (`id`, `invoice_number`, `project_id`, `date`, `account_head_id`, `description`, `quantity`, `rate`, `amount`, `status`, `insert_by`, `insert_time`) VALUES
(1895, NULL, 20, '2019-02-25', 45, 'beton', 1, 400, 400, 1, 3, '2019-02-26 16:00:30'),
(1896, NULL, 20, '2019-02-25', 39, 'lokman', 1, 15215, 15215, 1, 3, '2019-02-26 16:00:30'),
(1897, NULL, 20, '2019-02-25', 37, 'pk/no', 10000, 8, 80000, 1, 3, '2019-02-26 16:00:30'),
(1898, NULL, 20, '2019-02-25', 12, 'Cash In', 1, 100315, 100315, 1, 3, '2019-02-26 16:00:30'),
(1899, NULL, 20, '2019-02-25', 54, 'khuraki', 1, 1000, 1000, 1, 3, '2019-02-27 04:16:11'),
(1900, NULL, 20, '2019-02-25', 99, 'suhel mistri', 1, 2000, 2000, 1, 3, '2019-02-27 04:16:11'),
(1901, NULL, 20, '2019-02-25', 99, 'babul', 1, 5000, 5000, 1, 3, '2019-02-27 04:16:11'),
(1902, NULL, 20, '2019-02-25', 99, 'workshop dhaka', 1, 17000, 17000, 1, 3, '2019-02-27 04:16:11'),
(1903, NULL, 20, '2019-02-25', 99, 'malamal', 1, 7000, 7000, 1, 3, '2019-02-27 04:16:11'),
(1904, NULL, 20, '2019-02-25', 99, 'vara', 1, 4000, 4000, 1, 3, '2019-02-27 04:16:11'),
(1905, NULL, 20, '2019-02-25', 99, 'thaka/khana', 1, 3000, 3000, 1, 3, '2019-02-27 04:16:11'),
(1906, NULL, 20, '2019-02-25', 99, 'mobil/hidrolik', 1, 13430, 13430, 1, 3, '2019-02-27 04:16:11'),
(1907, NULL, 20, '2019-02-25', 99, 'rediatar', 1, 1200, 1200, 1, 3, '2019-02-27 04:16:11'),
(1908, NULL, 20, '2019-02-25', 12, 'Cash In', 1, 53630, 53630, 1, 3, '2019-02-27 04:16:11'),
(1909, NULL, 20, '2019-02-26', 96, 'juel', 1, 1500, 1500, 1, 3, '2019-02-27 04:17:58'),
(1910, NULL, 20, '2019-02-26', 36, 'k', 1, 2500, 2500, 1, 3, '2019-02-27 04:17:58'),
(1911, NULL, 20, '2019-02-26', 47, 'bkash', 1, 80, 80, 1, 3, '2019-02-27 04:17:58'),
(1912, NULL, 20, '2019-02-26', 12, 'Cash In', 1, 4080, 4080, 1, 3, '2019-02-27 04:17:58'),
(1913, NULL, 18, '2019-02-23', 47, 'test babod major vai', 1, 1000, 1000, 1, 3, '2019-02-27 04:20:43'),
(1914, NULL, 18, '2019-02-23', 39, 'lokman', 1, 8000, 8000, 1, 3, '2019-02-27 04:20:43'),
(1915, NULL, 18, '2019-02-23', 80, 'dust  duo', 300, 35, 10500, 1, 3, '2019-02-27 04:20:43'),
(1916, NULL, 18, '2019-02-23', 12, 'Cash In', 1, 19500, 19500, 1, 3, '2019-02-27 04:20:43'),
(1918, NULL, 20, '2019-02-27', 36, 'k', 1, 2500, 2500, 1, 3, '2019-02-28 02:30:06'),
(1919, NULL, 20, '2019-02-27', 96, 'k', 1, 2500, 2500, 1, 3, '2019-02-28 02:30:06'),
(1920, NULL, 20, '2019-02-27', 45, 'k', 2, 400, 800, 1, 3, '2019-02-28 02:30:06'),
(1921, NULL, 20, '2019-02-27', 47, 'ghor vara', 1, 700, 700, 1, 3, '2019-02-28 02:30:06'),
(1922, NULL, 20, '2019-02-27', 47, 'bkash', 1, 160, 160, 1, 3, '2019-02-28 02:30:06'),
(1923, NULL, 20, '2019-02-27', 99, 'chen kappa', 1, 1500, 1500, 1, 3, '2019-02-28 02:30:06'),
(1924, NULL, 20, '2019-02-27', 99, 'bahador', 1, 1500, 1500, 1, 3, '2019-02-28 02:30:06'),
(1925, NULL, 20, '2019-02-27', 33, 'cng/sigaret', 1, 300, 300, 1, 3, '2019-02-28 02:30:06'),
(1926, NULL, 20, '2019-02-27', 12, 'Cash In', 1, 9960, 9960, 1, 3, '2019-02-28 02:30:06'),
(1927, NULL, 20, '2019-02-27', 107, 'pk duo', 5000, 8, 40000, 1, 3, '2019-02-28 02:32:16'),
(1928, NULL, 20, '2019-02-27', 12, 'Cash In', 1, 40000, 40000, 1, 3, '2019-02-28 02:32:16'),
(1929, NULL, 20, '2018-02-01', 81, 'Withdrow', 1, 1432241, 1432241, 1, 3, '2019-02-28 02:38:42'),
(1930, NULL, 20, '2018-02-01', 67, '1 st R/A bil', 1, 1432241, 1432241, 1, 3, '2019-02-28 02:41:26'),
(1931, NULL, 18, '2019-02-27', 47, 'polithin', 1, 1030, 1030, 1, 3, '2019-03-09 02:54:56'),
(1932, NULL, 18, '2019-02-27', 47, 'polithin vara', 1, 50, 50, 1, 3, '2019-03-09 02:54:56'),
(1933, NULL, 18, '2019-02-27', 47, 'rolar malamal vara/ferot', 1, 550, 550, 1, 3, '2019-03-09 02:54:56'),
(1934, NULL, 18, '2019-02-27', 41, 'day', 1, 400, 400, 1, 3, '2019-03-09 02:54:56'),
(1935, NULL, 18, '2019-02-27', 47, 'bled/brash', 1, 150, 150, 1, 3, '2019-03-09 02:54:56'),
(1936, NULL, 18, '2019-02-27', 33, 'khana', 1, 50, 50, 1, 3, '2019-03-09 02:54:56'),
(1937, NULL, 18, '2019-02-27', 12, 'Cash In', 1, 2230, 2230, 1, 3, '2019-03-09 02:54:56'),
(1938, NULL, 18, '2019-02-28', 74, 'k', 1, 1000, 1000, 1, 3, '2019-03-09 03:00:23'),
(1939, NULL, 18, '2019-02-28', 96, 'juel', 1, 10000, 10000, 1, 3, '2019-03-09 03:00:23'),
(1940, NULL, 18, '2019-02-28', 43, 'so', 1, 1000, 1000, 1, 3, '2019-03-09 03:00:23'),
(1941, NULL, 18, '2019-02-28', 33, 'babul', 1, 150, 150, 1, 3, '2019-03-09 03:00:23'),
(1942, NULL, 18, '2019-02-28', 33, 'cng vara', 1, 330, 330, 1, 3, '2019-03-09 03:00:23'),
(1943, NULL, 18, '2019-02-28', 99, 'dinema', 1, 1400, 1400, 1, 3, '2019-03-09 03:00:23'),
(1944, NULL, 18, '2019-02-28', 47, 'mesin vara', 1, 300, 300, 1, 3, '2019-03-09 03:00:23'),
(1945, NULL, 18, '2019-02-28', 10, '1 toli', 1, 600, 600, 1, 3, '2019-03-09 03:00:23'),
(1946, NULL, 18, '2019-02-28', 12, 'Cash In', 1, 14780, 14780, 1, 3, '2019-03-09 03:00:23'),
(1947, NULL, 18, '2019-03-02', 74, 'k', 1, 9000, 9000, 1, 3, '2019-03-09 03:04:40'),
(1948, NULL, 18, '2019-03-02', 43, 'wa', 1, 1000, 1000, 1, 3, '2019-03-09 03:04:40'),
(1949, NULL, 18, '2019-03-02', 43, 'so', 1, 500, 500, 1, 3, '2019-03-09 03:04:40'),
(1950, NULL, 18, '2019-03-02', 54, 'bahadur', 1, 1700, 1700, 1, 3, '2019-03-09 03:04:40'),
(1951, NULL, 18, '2019-03-02', 33, 'khana', 1, 400, 400, 1, 3, '2019-03-09 03:04:40'),
(1952, NULL, 18, '2019-03-02', 33, 'babul', 1, 100, 100, 1, 3, '2019-03-09 03:04:40'),
(1953, NULL, 18, '2019-03-02', 12, 'Cash In', 1, 12700, 12700, 1, 3, '2019-03-09 03:22:56'),
(1954, NULL, 18, '2019-03-03', 97, 'rolar-25  li.', 1, 1640, 1640, 1, 3, '2019-03-09 03:10:07'),
(1955, NULL, 18, '2019-03-03', 74, 'k', 1, 500, 500, 1, 3, '2019-03-09 03:10:07'),
(1956, NULL, 18, '2019-03-03', 49, 'khua', 2, 1000, 2000, 1, 3, '2019-03-09 03:10:07'),
(1957, NULL, 18, '2019-03-03', 99, 'mistri khana', 1, 300, 300, 1, 3, '2019-03-09 03:10:07'),
(1958, NULL, 18, '2019-03-03', 44, 'kashem', 1, 500, 500, 1, 3, '2019-03-09 03:10:07'),
(1959, NULL, 18, '2019-03-03', 99, 'suhel', 1, 300, 300, 1, 3, '2019-03-09 03:10:07'),
(1960, NULL, 18, '2019-03-03', 47, 'sigaret', 1, 50, 50, 1, 3, '2019-03-09 03:10:07'),
(1961, NULL, 18, '2019-03-03', 33, 'babul', 1, 100, 100, 1, 3, '2019-03-09 03:10:07'),
(1962, NULL, 18, '2019-03-03', 12, 'Cash In', 1, 5390, 5390, 1, 3, '2019-03-09 03:10:07'),
(1963, NULL, 20, '2019-02-24', 99, 'babul dhaka', 1, 1470, 1470, 1, 3, '2019-03-09 03:31:07'),
(1964, NULL, 20, '2019-02-24', 12, 'Cash In', 1, 1470, 1470, 1, 3, '2019-03-09 03:31:07'),
(1965, NULL, 20, '2019-02-25', 99, 'babul dhaka', 1, 1230, 1230, 1, 3, '2019-03-09 03:32:02'),
(1966, NULL, 20, '2019-02-25', 12, 'Cash In', 1, 1230, 1230, 1, 3, '2019-03-09 03:32:02'),
(1967, NULL, 18, '2019-03-08', 49, 'it tana', 1, 1020, 1020, 1, 3, '2019-04-25 14:35:18'),
(1968, NULL, 18, '2019-03-08', 34, 'p/m', 1, 300, 300, 1, 3, '2019-04-25 14:35:59'),
(1969, NULL, 18, '2019-03-08', 12, 'Cash In', 1, 1320, 1320, 1, 3, '2019-04-25 13:57:57'),
(1970, NULL, 18, '2019-03-11', 74, 'adv', 1, 10000, 10000, 1, 3, '2019-03-14 12:11:52'),
(1971, NULL, 18, '2019-03-11', 105, 'beton', 1, 500, 500, 1, 3, '2019-03-14 12:11:52'),
(1972, NULL, 18, '2019-03-11', 47, 'Rolar nalitabari', 1, 5000, 5000, 1, 3, '2019-03-14 12:11:52'),
(1973, NULL, 18, '2019-03-11', 12, 'Cash In', 1, 15500, 15500, 1, 3, '2019-03-14 12:11:52'),
(1974, NULL, 18, '2019-03-12', 74, 'k', 1, 2000, 2000, 1, 3, '2019-03-14 12:17:06'),
(1975, NULL, 18, '2019-03-12', 110, 'bitomin', 33, 7350, 242550, 1, 3, '2019-04-25 14:31:33'),
(1976, NULL, 18, '2019-03-12', 110, 'vara', 40, 353, 14120, 1, 3, '2019-03-14 12:17:06'),
(1977, NULL, 18, '2019-03-12', 47, 'bitomin namao', 40, 10, 400, 1, 3, '2019-03-14 12:17:06'),
(1978, NULL, 18, '2019-03-12', 12, 'Cash In', 1, 259070, 259070, 1, 3, '2019-04-25 14:33:15'),
(1979, NULL, 18, '2019-03-13', 74, 'k', 1, 47990, 47990, 1, 3, '2019-03-14 12:22:50'),
(1980, NULL, 18, '2019-03-13', 33, 'babul', 1, 475, 475, 1, 3, '2019-03-14 12:22:50'),
(1981, NULL, 18, '2019-03-13', 47, 'kolom/khata', 1, 25, 25, 1, 3, '2019-03-14 12:22:50'),
(1982, NULL, 18, '2019-03-13', 44, 'mostofa', 1, 1000, 1000, 1, 3, '2019-03-14 12:22:50'),
(1983, NULL, 18, '2019-03-13', 47, 'bkash', 1, 50, 50, 1, 3, '2019-03-14 12:22:50'),
(1984, NULL, 18, '2019-03-13', 47, 'prime coat', 300, 65.7, 19710, 1, 3, '2019-03-14 12:22:50'),
(1985, NULL, 18, '2019-03-13', 12, 'Cash In', 1, 69250, 69250, 1, 3, '2019-03-14 12:22:50'),
(1986, NULL, 18, '2019-03-15', 37, 'boro kukhua', 555, 65, 36075, 1, 3, '2019-04-06 20:56:29'),
(1987, NULL, 18, '2019-03-15', 98, 'Osman', 555, 12, 6660, 1, 3, '2019-04-06 20:56:29'),
(1988, NULL, 18, '2019-03-15', 74, 'k', 1, 1000, 1000, 1, 3, '2019-04-06 20:56:29'),
(1989, NULL, 18, '2019-03-15', 12, 'Cash In', 1, 43735, 43735, 1, 3, '2019-04-06 20:56:29'),
(1990, NULL, 18, '2019-03-16', 33, 'cha/si', 1, 240, 240, 1, 3, '2019-04-06 21:01:48'),
(1991, NULL, 18, '2019-03-16', 47, '3\'\' meshin vara', 1, 300, 300, 1, 3, '2019-04-06 21:01:48'),
(1992, NULL, 18, '2019-03-16', 33, 'babul', 1, 400, 400, 1, 3, '2019-04-06 21:01:48'),
(1993, NULL, 18, '2019-03-16', 74, 'k', 1, 4200, 4200, 1, 3, '2019-04-06 21:01:48'),
(1994, NULL, 18, '2019-03-16', 97, 'djel=25', 1, 1670, 1670, 1, 3, '2019-04-06 21:01:48'),
(1995, NULL, 18, '2019-03-16', 47, 'djel=2', 1, 130, 130, 1, 3, '2019-04-06 21:01:48'),
(1996, NULL, 18, '2019-03-16', 54, 'k', 1, 500, 500, 1, 3, '2019-04-06 21:01:48'),
(1997, NULL, 18, '2019-03-16', 47, 'bkash', 1, 100, 100, 1, 3, '2019-04-06 21:01:48'),
(1998, NULL, 18, '2019-03-16', 12, 'Cash In', 1, 7540, 7540, 1, 3, '2019-04-06 21:01:48'),
(1999, NULL, 18, '2019-03-18', 43, 'so', 1, 5000, 5000, 1, 3, '2019-04-06 21:05:50'),
(2000, NULL, 18, '2019-03-18', 43, 'ac babul', 1, 500, 500, 1, 3, '2019-04-06 21:05:50'),
(2001, NULL, 18, '2019-03-18', 74, 'k', 1, 1000, 1000, 1, 3, '2019-04-06 21:05:50'),
(2002, NULL, 18, '2019-03-18', 44, 'mostofa', 1, 1000, 1000, 1, 3, '2019-04-06 21:05:50'),
(2003, NULL, 18, '2019-03-18', 33, 'khana/sigaret', 1, 300, 300, 1, 3, '2019-04-06 21:05:50'),
(2004, NULL, 18, '2019-03-18', 105, 'beton', 1, 1000, 1000, 1, 3, '2019-04-06 21:05:50'),
(2005, NULL, 18, '2019-03-18', 12, 'Cash In', 1, 8800, 8800, 1, 3, '2019-04-06 21:05:50'),
(2006, NULL, 18, '2019-03-20', 74, 'k', 1, 3500, 3500, 1, 3, '2019-04-06 21:07:54'),
(2007, NULL, 18, '2019-03-20', 54, 'beton', 1, 2000, 2000, 1, 3, '2019-04-06 21:07:54'),
(2008, NULL, 18, '2019-03-20', 12, 'Cash In', 1, 5500, 5500, 1, 3, '2019-04-06 21:07:54'),
(2009, NULL, 18, '2019-03-22', 37, 'boro khoa', 527, 65, 34255, 1, 3, '2019-04-06 21:11:23'),
(2010, NULL, 18, '2019-03-22', 98, 'sujon', 527, 12, 6324, 1, 3, '2019-04-06 21:11:23'),
(2011, NULL, 18, '2019-03-22', 47, 'babul', 1, 150, 150, 1, 3, '2019-04-06 21:11:23'),
(2012, NULL, 18, '2019-03-22', 44, 'mostofa', 1, 500, 500, 1, 3, '2019-04-06 21:11:23'),
(2013, NULL, 18, '2019-03-22', 12, 'Cash In', 1, 41229, 41229, 1, 3, '2019-04-06 21:11:23'),
(2014, NULL, 18, '2019-03-27', 34, 'major vai', 1, 500, 500, 1, 3, '2019-04-06 21:14:41'),
(2015, NULL, 18, '2019-03-27', 74, 'k', 1, 3500, 3500, 1, 3, '2019-04-06 21:14:41'),
(2016, NULL, 18, '2019-03-27', 97, 'djel', 1, 1000, 1000, 1, 3, '2019-04-06 21:14:41'),
(2017, NULL, 18, '2019-03-27', 39, 'lokman bokea', 1, 5000, 5000, 1, 3, '2019-04-06 21:14:41'),
(2018, NULL, 18, '2019-03-27', 47, 'babul', 1, 200, 200, 1, 3, '2019-04-06 21:14:41'),
(2019, NULL, 18, '2019-03-27', 41, 'day', 1, 100, 100, 1, 3, '2019-04-06 21:14:41'),
(2020, NULL, 18, '2019-03-27', 12, 'Cash In', 1, 10300, 10300, 1, 3, '2019-04-06 21:14:41'),
(2021, NULL, 18, '2019-03-28', 54, 'k', 1, 500, 500, 1, 3, '2019-04-06 21:19:25'),
(2022, NULL, 18, '2019-03-28', 34, 'rabiul', 1, 500, 500, 1, 3, '2019-04-06 21:19:25'),
(2023, NULL, 18, '2019-03-28', 61, 'medam', 1, 5000, 5000, 1, 3, '2019-04-06 21:19:25'),
(2024, NULL, 18, '2019-03-28', 61, 'L-kashem', 1, 1000, 1000, 1, 3, '2019-04-06 21:19:25'),
(2025, NULL, 18, '2019-03-28', 61, 'lt dvr', 1, 1200, 1200, 1, 3, '2019-04-06 21:19:25'),
(2026, NULL, 18, '2019-03-28', 74, 'k', 1, 1400, 1400, 1, 3, '2019-04-06 21:19:25'),
(2027, NULL, 18, '2019-03-28', 97, 'djel', 1, 1320, 1320, 1, 3, '2019-04-06 21:19:25'),
(2028, NULL, 18, '2019-03-28', 41, 'day+jataat+pani', 1, 580, 580, 1, 3, '2019-04-06 21:19:25'),
(2029, NULL, 18, '2019-03-28', 12, 'Cash In', 1, 11500, 11500, 1, 3, '2019-04-25 02:12:58'),
(2030, NULL, 18, '2019-03-29', 47, 'vara', 1, 100, 100, 1, 3, '2019-04-06 21:26:56'),
(2031, NULL, 18, '2019-03-29', 99, 'dhaka', 1, 7000, 7000, 1, 3, '2019-04-06 21:26:56'),
(2032, NULL, 18, '2019-03-29', 34, 'm', 1, 500, 500, 1, 3, '2019-04-06 21:26:56'),
(2033, NULL, 18, '2019-03-29', 47, 'rolar gari vara nalitabari', 1, 3000, 3000, 1, 3, '2019-04-06 21:26:56'),
(2034, NULL, 18, '2019-03-29', 47, 'rolar shuhag', 1, 2500, 2500, 1, 3, '2019-04-06 21:26:56'),
(2035, NULL, 18, '2019-03-29', 74, 'k-500+400', 1, 900, 900, 1, 3, '2019-04-06 21:26:56'),
(2036, NULL, 18, '2019-03-29', 34, 'rabiul', 1, 500, 500, 1, 3, '2019-04-06 21:26:56'),
(2037, NULL, 18, '2019-03-29', 33, 'cha/nasta', 1, 250, 250, 1, 3, '2019-04-06 21:26:56'),
(2038, NULL, 18, '2019-03-29', 47, 'suhel mistri', 1, 800, 800, 1, 3, '2019-04-06 21:26:56'),
(2039, NULL, 18, '2019-03-29', 99, 'rolar', 1, 200, 200, 1, 3, '2019-04-06 21:26:56'),
(2040, NULL, 18, '2019-03-29', 10, 'bali', 2, 600, 1200, 1, 3, '2019-04-06 21:26:56'),
(2041, NULL, 18, '2019-03-29', 12, 'Cash In', 1, 16950, 16950, 1, 3, '2019-04-06 21:26:56'),
(2042, NULL, 18, '2019-03-30', 47, 'Rolar mistri suhel', 1, 3000, 3000, 1, 3, '2019-04-06 21:32:20'),
(2043, NULL, 18, '2019-03-30', 54, 'beton', 1, 2000, 2000, 1, 3, '2019-04-06 21:32:20'),
(2044, NULL, 18, '2019-03-30', 74, 'k', 1, 500, 500, 1, 3, '2019-04-06 21:32:20'),
(2045, NULL, 18, '2019-03-30', 34, 'rabiul', 1, 500, 500, 1, 3, '2019-04-06 21:32:20'),
(2046, NULL, 18, '2019-03-30', 10, 'bali 1 toli', 1, 700, 700, 1, 3, '2019-04-06 21:32:20'),
(2047, NULL, 18, '2019-03-30', 47, 'jataat', 1, 100, 100, 1, 3, '2019-04-06 21:32:20'),
(2048, NULL, 18, '2019-03-30', 33, 'khana', 1, 200, 200, 1, 3, '2019-04-06 21:32:20'),
(2049, NULL, 18, '2019-03-30', 47, 'bkash', 1, 300, 300, 1, 3, '2019-04-06 21:32:20'),
(2050, NULL, 18, '2019-03-30', 12, 'Cash In', 1, 7300, 7300, 1, 3, '2019-04-06 21:32:20'),
(2051, NULL, 18, '2019-04-01', 43, 'so', 1, 500, 500, 1, 3, '2019-04-06 21:36:00'),
(2052, NULL, 18, '2019-04-01', 43, 'w.a', 1, 500, 500, 1, 3, '2019-04-06 21:36:00'),
(2053, NULL, 18, '2019-04-01', 74, 'k', 1, 4200, 4200, 1, 3, '2019-04-06 21:36:00'),
(2054, NULL, 18, '2019-04-01', 47, 'cha/pan/m', 1, 300, 300, 1, 3, '2019-04-06 21:36:00'),
(2055, NULL, 18, '2019-04-01', 33, 'khana', 1, 100, 100, 1, 3, '2019-04-06 21:36:00'),
(2056, NULL, 18, '2019-04-01', 99, 'bahadur', 1, 2920, 2920, 1, 3, '2019-04-06 21:36:00'),
(2057, NULL, 18, '2019-04-01', 47, 'babul', 1, 200, 200, 1, 3, '2019-04-06 21:36:00'),
(2058, NULL, 18, '2019-04-01', 12, 'Cash In', 1, 8720, 8720, 1, 3, '2019-04-06 21:36:00'),
(2059, NULL, 18, '2019-04-02', 43, 'so', 1, 1000, 1000, 1, 3, '2019-04-06 21:40:28'),
(2060, NULL, 18, '2019-04-02', 43, 'w.a', 2, 2000, 4000, 1, 3, '2019-04-06 21:40:28'),
(2061, NULL, 18, '2019-04-02', 43, 'ue', 1, 1500, 1500, 1, 3, '2019-04-06 21:40:28'),
(2062, NULL, 18, '2019-04-02', 47, 'khana', 1, 900, 900, 1, 3, '2019-04-06 21:40:28'),
(2063, NULL, 18, '2019-04-02', 47, 'cha/ sigaret', 1, 400, 400, 1, 3, '2019-04-06 21:40:28'),
(2064, NULL, 18, '2019-04-02', 47, 'dam kata', 1, 100, 100, 1, 3, '2019-04-06 21:40:28'),
(2065, NULL, 18, '2019-04-02', 74, 'k', 1, 12000, 12000, 1, 3, '2019-04-06 21:40:28'),
(2066, NULL, 18, '2019-04-02', 33, 'babul', 1, 150, 150, 1, 3, '2019-04-06 21:40:28'),
(2067, NULL, 18, '2019-04-02', 47, 'rolar dvr suhag', 1, 2500, 2500, 1, 3, '2019-04-06 21:40:28'),
(2068, NULL, 18, '2019-04-02', 12, 'Cash In', 1, 22550, 22550, 1, 3, '2019-04-06 21:40:28'),
(2069, NULL, 18, '2019-04-03', 44, 'mostof', 1, 6000, 6000, 1, 3, '2019-04-25 01:45:19'),
(2070, NULL, 18, '2019-04-03', 47, 'djel 3= L', 1, 200, 200, 1, 3, '2019-04-25 01:45:19'),
(2071, NULL, 18, '2019-04-03', 41, 'tel deoa', 3, 100, 300, 1, 3, '2019-04-25 01:45:19'),
(2072, NULL, 18, '2019-04-03', 33, 'khana/nasta', 1, 1500, 1500, 1, 3, '2019-04-25 01:45:19'),
(2073, NULL, 18, '2019-04-03', 47, 'jomi vara', 1, 5000, 5000, 1, 3, '2019-04-25 01:45:19'),
(2074, NULL, 18, '2019-04-03', 43, 'w.a', 2, 2000, 4000, 1, 3, '2019-04-25 01:45:19'),
(2075, NULL, 18, '2019-04-03', 43, 'so', 1, 1000, 1000, 1, 3, '2019-04-25 01:45:19'),
(2076, NULL, 18, '2019-04-03', 47, 'rolar out', 1, 5000, 5000, 1, 3, '2019-04-25 01:45:19'),
(2077, NULL, 18, '2019-04-03', 33, 'self', 1, 450, 450, 1, 3, '2019-04-25 01:45:19'),
(2078, NULL, 18, '2019-04-03', 74, 'k', 1, 15000, 15000, 1, 3, '2019-04-25 01:45:19'),
(2079, NULL, 18, '2019-04-03', 33, 'babul', 1, 200, 200, 1, 3, '2019-04-25 01:45:19'),
(2080, NULL, 18, '2019-04-03', 12, 'Cash In', 1, 38650, 38650, 1, 3, '2019-04-25 01:45:19'),
(2081, NULL, 18, '2019-04-06', 100, 'beton', 1, 5000, 5000, 1, 3, '2019-04-25 01:49:00'),
(2082, NULL, 18, '2019-04-06', 47, 'rolar out', 1, 4000, 4000, 1, 3, '2019-04-25 01:49:00'),
(2083, NULL, 18, '2019-04-06', 47, 'rolar mistre 1+1 suhel=300', 1, 1300, 1300, 1, 3, '2019-04-25 01:49:00'),
(2084, NULL, 18, '2019-04-06', 47, 'khana', 1, 500, 500, 1, 3, '2019-04-25 01:49:00'),
(2085, NULL, 18, '2019-04-06', 41, 'd', 1, 400, 400, 1, 3, '2019-04-25 01:49:00'),
(2086, NULL, 18, '2019-04-06', 12, 'Cash In', 1, 11200, 11200, 1, 3, '2019-04-25 01:49:00'),
(2087, NULL, 18, '2019-04-07', 43, 'so', 1, 10000, 10000, 1, 3, '2019-04-25 01:53:11'),
(2088, NULL, 18, '2019-04-07', 43, 'ac babul', 1, 1500, 1500, 1, 3, '2019-04-25 01:53:11'),
(2089, NULL, 18, '2019-04-07', 43, 'pion-3', 3, 100, 300, 1, 3, '2019-04-25 01:53:11'),
(2090, NULL, 18, '2019-04-07', 61, 'Anwar', 1, 500, 500, 1, 3, '2019-04-25 01:53:11'),
(2091, NULL, 18, '2019-04-07', 33, 'cng', 1, 300, 300, 1, 3, '2019-04-25 01:53:11'),
(2092, NULL, 18, '2019-04-07', 33, 'khana', 1, 250, 250, 1, 3, '2019-04-25 01:53:11'),
(2093, NULL, 18, '2019-04-07', 99, 'malamal', 1, 2680, 2680, 1, 3, '2019-04-25 01:53:11'),
(2094, NULL, 18, '2019-04-07', 12, 'Cash In', 1, 15530, 15530, 1, 3, '2019-04-25 01:53:11'),
(2095, NULL, 18, '2019-04-10', 61, 'time forom', 1, 3500, 3500, 1, 3, '2019-04-25 01:57:48'),
(2096, NULL, 18, '2019-04-10', 61, 'Jafor', 1, 1000, 1000, 1, 3, '2019-04-25 01:57:48'),
(2097, NULL, 18, '2019-04-10', 61, 'Sakil+Anwar', 1, 600, 600, 1, 3, '2019-04-25 01:57:48'),
(2098, NULL, 18, '2019-04-10', 39, 'lokman', 1, 10000, 10000, 1, 3, '2019-04-25 01:57:48'),
(2099, NULL, 18, '2019-04-10', 33, 'major vai', 1, 700, 700, 1, 3, '2019-04-25 01:57:48'),
(2100, NULL, 18, '2019-04-10', 47, 'babul jataet', 1, 500, 500, 1, 3, '2019-04-25 01:57:48'),
(2101, NULL, 18, '2019-04-10', 33, 'cha/si', 1, 300, 300, 1, 3, '2019-04-25 01:57:48'),
(2102, NULL, 18, '2019-04-10', 12, 'Cash In', 1, 16600, 16600, 1, 3, '2019-04-25 01:57:48'),
(2103, NULL, 18, '2019-04-24', 47, 'da', 1, 2000, 2000, 1, 3, '2019-04-25 02:06:07'),
(2104, NULL, 18, '2019-04-24', 47, 'babul/sojib/razzak', 1, 550, 550, 1, 3, '2019-04-25 02:06:07'),
(2105, NULL, 18, '2019-04-24', 72, '5%', 1, 90259, 90259, 1, 3, '2019-04-25 02:06:07'),
(2106, NULL, 18, '2019-04-24', 70, '% bokea 11500', 1, 101815, 101815, 1, 3, '2019-04-25 02:06:07'),
(2107, NULL, 18, '2019-04-24', 69, '1.5', 1, 45200, 45200, 1, 3, '2019-04-25 02:06:07'),
(2108, NULL, 18, '2019-04-24', 71, '7%', 1, 126363, 126363, 1, 3, '2019-04-25 02:06:07'),
(2109, NULL, 18, '2019-04-24', 12, 'cash In', 1, 2550, 2550, 1, 3, '2019-04-25 02:06:07'),
(2110, NULL, 18, '2019-04-24', 67, 'cash In', 1, 1805189, 1805189, 1, 3, '2019-04-25 02:06:07'),
(2111, NULL, 18, '2019-04-24', 81, 'Cash out', 1, 1441552, 1441552, 1, 3, '2019-04-25 02:15:26'),
(2114, NULL, 18, '2019-04-25', 74, 'bokea', 1, 25810, 25810, 1, 3, '2019-04-25 21:35:39'),
(2115, NULL, 18, '2019-04-25', 39, 'bokea', 1, 12000, 12000, 1, 3, '2019-04-25 21:35:39'),
(2116, NULL, 18, '2019-04-25', 61, 'xen', 1, 15000, 15000, 1, 3, '2019-04-25 21:35:39'),
(2117, NULL, 18, '2019-04-25', 96, 'bokea juel', 1, 7190, 7190, 1, 3, '2019-04-25 21:35:39'),
(2118, NULL, 18, '2019-04-25', 39, 'Forhad bokea', 1, 14000, 14000, 1, 3, '2019-04-25 21:35:39'),
(2119, NULL, 18, '2019-04-25', 39, 'Forhad bokea 18-2-19', 1, 10320, 10320, 1, 3, '2019-04-25 21:35:39'),
(2120, NULL, 18, '2019-04-25', 37, 'sujon duo 5000p', 5000, 8, 40000, 1, 3, '2019-04-25 21:35:39'),
(2121, NULL, 18, '2019-04-25', 37, 'boro khua otirikto', 2636, 5, 13180, 1, 3, '2019-04-25 21:35:39'),
(2122, NULL, 18, '2019-04-25', 12, 'Cash In', 1, 138500, 138500, 1, 3, '2019-04-26 14:01:58'),
(2123, NULL, 18, '2019-04-25', 44, 'Mostofa', 1, 1000, 1000, 1, 3, '2019-04-26 14:01:34'),
(2124, NULL, 20, '2019-02-26', 37, 'pk-5000', 5000, 8, 40000, 1, 3, '2019-05-14 16:31:49'),
(2125, NULL, 20, '2019-02-26', 107, 'pk-5000', 5000, 8, 40000, 1, 3, '2019-05-14 16:31:49'),
(2126, NULL, 20, '2019-02-26', 12, 'Cash In', 1, 80000, 80000, 1, 3, '2019-05-14 16:31:49'),
(2127, NULL, 20, '2019-03-01', 36, 'k', 1, 2800, 2800, 1, 3, '2019-05-14 16:36:42'),
(2128, NULL, 20, '2019-03-01', 41, 'paid', 4, 350, 1400, 1, 3, '2019-05-14 16:36:42'),
(2129, NULL, 20, '2019-03-01', 47, 'bkash', 1, 100, 100, 1, 3, '2019-05-14 16:36:42'),
(2130, NULL, 20, '2019-03-01', 12, 'Cash In', 1, 4300, 4300, 1, 3, '2019-05-14 16:36:42'),
(2131, NULL, 20, '2019-03-02', 47, 'Rolar Lged', 1, 5000, 5000, 1, 3, '2019-05-14 16:39:59'),
(2132, NULL, 20, '2019-03-02', 33, 'p', 1, 200, 200, 1, 3, '2019-05-14 16:39:59'),
(2133, NULL, 20, '2019-03-02', 47, 'dust vara', 1, 2000, 2000, 1, 3, '2019-05-14 16:39:59'),
(2134, NULL, 20, '2019-03-02', 12, 'Cash In', 1, 7200, 7200, 1, 3, '2019-05-14 16:39:59'),
(2135, NULL, 20, '2019-03-03', 36, 'k', 1, 3500, 3500, 1, 3, '2019-05-14 16:49:08'),
(2136, NULL, 20, '2019-03-03', 47, 'dust+khua vara', 1, 1600, 1600, 1, 3, '2019-05-14 16:49:08'),
(2137, NULL, 20, '2019-03-03', 39, 'lokman', 1, 6356, 6356, 1, 3, '2019-05-14 16:49:08'),
(2138, NULL, 20, '2019-03-03', 47, 'dvr  bokshish', 1, 100, 100, 1, 3, '2019-05-14 16:49:08'),
(2139, NULL, 20, '2019-03-03', 34, 'p', 1, 800, 800, 1, 3, '2019-05-14 16:49:08'),
(2140, NULL, 20, '2019-03-03', 47, 'djel', 1, 200, 200, 1, 3, '2019-05-14 16:49:08'),
(2141, NULL, 20, '2019-03-03', 47, 'sotli', 1, 25, 25, 1, 3, '2019-05-14 16:49:08'),
(2142, NULL, 20, '2019-03-03', 34, 'kalo m', 1, 40, 40, 1, 3, '2019-05-14 16:49:08'),
(2143, NULL, 20, '2019-03-03', 45, 'beton', 1, 400, 400, 1, 3, '2019-05-14 16:49:08'),
(2144, NULL, 20, '2019-03-03', 37, 'bolder', 678, 70, 47460, 1, 3, '2019-05-14 16:49:08'),
(2145, NULL, 20, '2019-03-03', 12, 'Cash In', 1, 60481, 60481, 1, 3, '2019-05-14 16:49:08'),
(2146, NULL, 20, '2019-03-04', 36, 'k', 1, 4550, 4550, 1, 3, '2019-05-14 16:53:43'),
(2147, NULL, 20, '2019-03-04', 49, 'khua tana', 1, 500, 500, 1, 3, '2019-05-14 16:53:43'),
(2148, NULL, 20, '2019-03-04', 10, '5 toli', 5, 500, 2500, 1, 3, '2019-05-14 16:53:43'),
(2149, NULL, 20, '2019-03-04', 33, 'khana', 1, 120, 120, 1, 3, '2019-05-14 16:53:43'),
(2150, NULL, 20, '2019-03-04', 97, 'dijel', 1, 1010, 1010, 1, 3, '2019-05-14 16:53:43'),
(2151, NULL, 20, '2019-03-04', 47, 'babul/kalo', 1, 190, 190, 1, 3, '2019-05-14 16:53:43'),
(2152, NULL, 20, '2019-03-04', 45, '6 days', 6, 400, 2400, 1, 3, '2019-05-14 16:53:43'),
(2153, NULL, 20, '2019-03-04', 12, 'Cash In', 1, 11270, 11270, 1, 3, '2019-05-14 16:53:43'),
(2154, NULL, 20, '2019-03-05', 47, 'polithin', 1, 200, 200, 1, 3, '2019-05-14 17:03:52'),
(2155, NULL, 20, '2019-03-05', 97, 'dijel', 1, 2585, 2585, 1, 3, '2019-05-14 17:03:52'),
(2156, NULL, 20, '2019-03-05', 33, 'cng/costep', 1, 325, 325, 1, 3, '2019-05-14 17:03:52'),
(2157, NULL, 20, '2019-03-05', 47, 'dijel 3\"/sutli', 1, 390, 390, 1, 3, '2019-05-14 17:03:52'),
(2158, NULL, 20, '2019-03-05', 33, 'khana', 1, 100, 100, 1, 3, '2019-05-14 17:03:52'),
(2159, NULL, 20, '2019-03-05', 47, 'suhel/kalo', 1, 320, 320, 1, 3, '2019-05-14 17:03:52'),
(2160, NULL, 20, '2019-03-05', 10, 'bokea', 1, 700, 700, 1, 3, '2019-05-14 17:03:52'),
(2161, NULL, 20, '2019-03-05', 36, 'k', 1, 2800, 2800, 1, 3, '2019-05-14 17:03:52'),
(2162, NULL, 20, '2019-03-05', 96, 'juel', 1, 300, 300, 1, 3, '2019-05-14 17:03:52'),
(2163, NULL, 20, '2019-03-05', 12, 'Cash In', 1, 7720, 7720, 1, 3, '2019-05-14 17:03:52'),
(2164, NULL, 20, '2019-03-06', 54, '5/3/19 rolar dvr', 1, 500, 500, 1, 3, '2019-05-14 17:12:41'),
(2165, NULL, 20, '2019-03-06', 96, 'barite', 1, 1000, 1000, 1, 3, '2019-05-14 17:12:41'),
(2166, NULL, 20, '2019-03-06', 47, 'bikash-6 days', 1, 814, 814, 1, 3, '2019-05-14 17:12:41'),
(2167, NULL, 20, '2019-03-06', 34, 'babul/m/ khana', 1, 450, 450, 1, 3, '2019-05-14 17:12:41'),
(2168, NULL, 20, '2019-03-06', 36, 'k', 1, 1800, 1800, 1, 3, '2019-05-14 17:12:41'),
(2169, NULL, 20, '2019-03-06', 49, 'bali 6 gari khua 3 gari', 1, 7000, 7000, 1, 3, '2019-05-14 17:12:41'),
(2170, NULL, 20, '2019-03-06', 97, 'dijel', 30, 67, 2010, 1, 3, '2019-05-14 17:12:41'),
(2171, NULL, 20, '2019-03-06', 45, 'beton', 1, 550, 550, 1, 3, '2019-05-14 17:12:41'),
(2172, NULL, 20, '2019-03-06', 47, 'pipe', 1, 100, 100, 1, 3, '2019-05-14 17:12:41'),
(2173, NULL, 20, '2019-03-06', 99, 'suhel', 1, 2000, 2000, 1, 3, '2019-05-14 17:20:25'),
(2174, NULL, 20, '2019-03-06', 99, 'dainema misrte', 1, 1500, 1500, 1, 3, '2019-05-14 17:17:43'),
(2175, NULL, 20, '2019-03-06', 105, 'beton', 1, 500, 500, 1, 3, '2019-05-14 17:17:43'),
(2176, NULL, 20, '2019-03-06', 47, 'bolder rabiul', 180, 60, 10800, 1, 3, '2019-05-14 17:17:43'),
(2177, NULL, 20, '2019-03-06', 54, 'k', 1, 1500, 1500, 1, 3, '2019-05-14 17:17:43'),
(2178, NULL, 20, '2019-03-06', 12, 'Cash In', 1, 30524, 30524, 1, 3, '2019-05-14 17:17:43'),
(2179, NULL, 20, '2019-03-07', 45, 'beton', 1, 1800, 1800, 1, 3, '2019-05-14 17:27:31'),
(2180, NULL, 20, '2019-03-07', 105, 'beton', 1, 1000, 1000, 1, 3, '2019-05-14 17:27:31'),
(2181, NULL, 20, '2019-03-07', 69, 'lt/major vai 11-3-19', 1, 3000, 3000, 1, 3, '2019-05-14 17:27:31'),
(2182, NULL, 20, '2019-03-07', 12, 'Cash In', 1, 5800, 5800, 1, 3, '2019-05-14 17:27:31'),
(2183, NULL, 20, '2019-03-14', 69, 'lt/kashem/ahommod/dijel', 1, 7657, 7657, 1, 3, '2019-05-14 17:32:24'),
(2184, NULL, 20, '2019-03-14', 47, 'bkash', 1, 200, 200, 1, 3, '2019-05-14 17:32:24'),
(2185, NULL, 20, '2019-03-14', 36, 'k', 1, 500, 500, 1, 3, '2019-05-14 17:32:24'),
(2186, NULL, 20, '2019-03-14', 33, 'cha/si', 1, 250, 250, 1, 3, '2019-05-14 17:32:24'),
(2187, NULL, 20, '2019-03-14', 39, 'lokman/ hasan', 1, 10000, 10000, 1, 3, '2019-05-14 17:32:24'),
(2188, NULL, 20, '2019-03-14', 12, 'Cash In', 1, 18607, 18607, 1, 3, '2019-05-14 17:32:24'),
(2189, NULL, 20, '2019-03-17', 44, 'hurmos', 1, 1900, 1900, 1, 3, '2019-05-14 17:35:03'),
(2190, NULL, 20, '2019-03-17', 44, 'hurmos 9/4/19', 1, 2000, 2000, 1, 3, '2019-05-14 17:35:03'),
(2191, NULL, 20, '2019-03-17', 47, 'chada bisakhi', 1, 700, 700, 1, 3, '2019-05-14 17:35:03'),
(2192, NULL, 20, '2019-03-17', 12, 'Cash In', 1, 4600, 4600, 1, 3, '2019-05-14 18:32:59'),
(2193, NULL, 20, '2019-04-03', 111, 'pachgon site 5/10', 280, 141, 39480, 1, 3, '2019-05-14 17:45:32'),
(2194, NULL, 20, '2019-04-03', 111, 'pachgon mixing', 140, 141, 19740, 1, 3, '2019-05-14 17:45:32'),
(2195, NULL, 20, '2019-04-03', 110, '7 pich', 7, 7700, 53900, 1, 3, '2019-05-14 17:45:32'),
(2196, NULL, 20, '2019-04-03', 49, 'dam vara pachgon', 1, 1000, 1000, 1, 3, '2019-05-14 17:45:32'),
(2197, NULL, 20, '2019-04-03', 49, 'pathor pachgon', 5, 1000, 5000, 1, 3, '2019-05-14 17:45:32'),
(2198, NULL, 20, '2019-04-03', 49, 'pachgon it vara', 1, 1000, 1000, 1, 3, '2019-05-14 17:45:32'),
(2199, NULL, 20, '2019-04-03', 61, 'time dhaka', 1, 3500, 3500, 1, 3, '2019-05-14 17:45:32'),
(2200, NULL, 20, '2019-04-03', 49, 'mesin pipe vara', 1, 1000, 1000, 1, 3, '2019-05-14 17:45:32'),
(2201, NULL, 20, '2019-04-03', 12, 'Cash In', 1, 124620, 124620, 1, 3, '2019-05-14 17:45:32'),
(2202, NULL, 20, '2019-04-09', 43, 'so iqbal time', 1, 1000, 1000, 1, 3, '2019-05-14 17:51:17'),
(2203, NULL, 20, '2019-04-09', 61, 'sakil', 1, 1000, 1000, 1, 3, '2019-05-14 17:51:17'),
(2204, NULL, 20, '2019-04-09', 33, 'cng vara', 1, 450, 450, 1, 3, '2019-05-14 17:51:17'),
(2205, NULL, 20, '2019-04-09', 47, 'khana/si', 1, 470, 470, 1, 3, '2019-05-14 17:51:17'),
(2206, NULL, 20, '2019-04-09', 12, 'Cash In', 1, 2920, 2920, 1, 3, '2019-05-14 17:51:17'),
(2207, NULL, 20, '2019-04-10', 99, 'rolar mistre', 1, 2000, 2000, 1, 3, '2019-05-14 18:04:17'),
(2208, NULL, 20, '2019-04-10', 12, 'Cash In', 1, 2000, 2000, 1, 3, '2019-05-14 18:04:17'),
(2209, NULL, 20, '2019-04-24', 105, 'beton', 1, 10000, 10000, 1, 3, '2019-05-14 18:06:46'),
(2210, NULL, 20, '2019-04-24', 96, 'juel', 1, 5000, 5000, 1, 3, '2019-05-14 18:06:46'),
(2211, NULL, 20, '2019-04-24', 39, 'lokman', 1, 38000, 38000, 1, 3, '2019-05-14 18:06:46'),
(2212, NULL, 20, '2019-04-24', 47, 'babul', 1, 300, 300, 1, 3, '2019-05-14 18:06:46'),
(2213, NULL, 20, '2019-04-24', 12, 'Cash In', 1, 53300, 53300, 1, 3, '2019-05-14 18:06:46'),
(2214, NULL, 20, '2019-04-27', 39, 'lokman d-203 mobi 1 li. cash 8000', 1, 21570, 21570, 1, 3, '2019-05-14 18:13:04'),
(2215, NULL, 20, '2019-04-27', 80, '5/10', 1100, 125, 137500, 1, 3, '2019-05-14 18:13:04'),
(2216, NULL, 20, '2019-04-27', 47, 'cha/pan ue', 1, 300, 300, 1, 3, '2019-05-14 18:13:04'),
(2217, NULL, 20, '2019-04-27', 47, 'threepol', 4, 1100, 4400, 1, 3, '2019-05-14 18:13:04'),
(2218, NULL, 20, '2019-04-27', 33, 'vara/29/4/19 vara-220', 1, 720, 720, 1, 3, '2019-05-14 18:13:04'),
(2219, NULL, 20, '2019-04-27', 12, 'Cash In', 1, 164490, 164490, 1, 3, '2019-05-14 18:13:04'),
(2220, NULL, 20, '2019-05-07', 33, 'babul', 1, 400, 400, 1, 3, '2019-05-14 18:15:19'),
(2221, NULL, 20, '2019-05-07', 54, 'bahadur beton', 1, 20000, 20000, 1, 3, '2019-05-14 18:15:19'),
(2222, NULL, 20, '2019-05-07', 12, 'Cash In', 1, 20400, 20400, 1, 3, '2019-05-14 18:15:19'),
(2223, NULL, 20, '2019-05-08', 80, '1/2\" lokman tak', 550, 135, 74250, 1, 3, '2019-05-14 18:17:50'),
(2224, NULL, 20, '2019-05-08', 39, 'lokman', 1, 10000, 10000, 1, 3, '2019-05-14 18:17:50'),
(2225, NULL, 20, '2019-05-08', 105, 'beton', 1, 1000, 1000, 1, 3, '2019-05-14 18:17:50'),
(2226, NULL, 20, '2019-05-08', 12, 'Cash In', 1, 85250, 85250, 1, 3, '2019-05-14 18:17:50'),
(2227, NULL, 20, '2019-05-09', 80, '16 mm nalitabari tak', 520, 145, 75400, 1, 3, '2019-05-14 18:23:46'),
(2228, NULL, 20, '2019-05-09', 39, ' Ohab vai nalitabari', 1040, 13, 13520, 1, 3, '2019-05-14 18:23:46'),
(2229, NULL, 20, '2019-05-09', 80, '5/10 nalitabari tak', 520, 125, 65000, 1, 3, '2019-05-14 18:23:46'),
(2230, NULL, 20, '2019-05-09', 47, 'bkash', 1, 100, 100, 1, 3, '2019-05-14 18:23:46'),
(2231, NULL, 20, '2019-05-09', 33, 'babul', 1, 300, 300, 1, 3, '2019-05-14 18:23:46'),
(2232, NULL, 20, '2019-05-09', 12, 'Cash In', 1, 154320, 154320, 1, 3, '2019-05-14 18:23:46'),
(2233, NULL, 20, '2019-05-11', 80, '1/2\" nalitabari tak', 520, 135, 70200, 1, 3, '2019-05-14 18:26:35'),
(2234, NULL, 20, '2019-05-11', 39, 'Ohab Vai nalitabari  tak', 520, 13, 6760, 1, 3, '2019-05-14 18:26:35'),
(2235, NULL, 20, '2019-05-11', 47, 'babul', 1, 400, 400, 1, 3, '2019-05-14 18:26:35'),
(2236, NULL, 20, '2019-05-11', 12, 'Cash In', 1, 77360, 77360, 1, 3, '2019-05-14 18:26:35'),
(2237, NULL, 20, '2019-05-14', 36, 'adv', 1, 10000, 10000, 1, 3, '2019-05-30 15:49:35'),
(2238, NULL, 20, '2019-05-14', 47, 'ohab jaama', 1, 600, 600, 1, 3, '2019-05-30 15:49:35'),
(2239, NULL, 20, '2019-05-14', 12, 'Cash In', 1, 10600, 10600, 1, 3, '2019-05-30 15:49:35'),
(2240, NULL, 20, '2019-05-16', 36, 'adv/k', 1, 15500, 15500, 1, 3, '2019-05-30 15:51:23'),
(2241, NULL, 20, '2019-05-16', 33, 'babul', 1, 250, 250, 1, 3, '2019-05-30 15:51:23'),
(2242, NULL, 20, '2019-05-16', 43, 'w/a Amjad', 1, 1500, 1500, 1, 3, '2019-05-30 15:51:23'),
(2243, NULL, 20, '2019-05-16', 12, 'Cash In', 1, 17250, 17250, 1, 3, '2019-05-30 15:51:23'),
(2244, NULL, 20, '2019-05-17', 36, 'k', 1, 8000, 8000, 1, 3, '2019-05-30 15:53:56'),
(2245, NULL, 20, '2019-05-17', 43, 'w/a amjad', 1, 1500, 1500, 1, 3, '2019-05-30 15:53:56'),
(2246, NULL, 20, '2019-05-17', 33, 'babul', 1, 300, 300, 1, 3, '2019-05-30 15:53:56'),
(2247, NULL, 20, '2019-05-17', 12, 'Cash In', 1, 9800, 9800, 1, 3, '2019-05-30 15:53:56'),
(2248, NULL, 20, '2019-05-19', 112, 'nalitabari suhag', 1, 6000, 6000, 1, 3, '2019-05-30 15:57:18'),
(2249, NULL, 20, '2019-05-19', 33, 'jataat babul', 1, 450, 450, 1, 3, '2019-05-30 15:57:18'),
(2250, NULL, 20, '2019-05-19', 12, 'Cash In', 1, 6450, 6450, 1, 3, '2019-05-30 15:57:18'),
(2251, NULL, 20, '2019-05-20', 33, 'babul', 1, 150, 150, 1, 3, '2019-05-30 15:59:58'),
(2252, NULL, 20, '2019-05-20', 33, 'babul', 1, 50, 50, 1, 3, '2019-05-30 15:59:58'),
(2253, NULL, 20, '2019-05-20', 33, 'babul', 1, 150, 150, 1, 3, '2019-05-30 15:59:58'),
(2254, NULL, 20, '2019-05-20', 12, 'Cash In', 1, 350, 350, 1, 3, '2019-05-30 15:59:58'),
(2255, NULL, 20, '2019-05-29', 36, 'mesin vara', 1, 2000, 2000, 1, 3, '2019-05-30 16:02:36'),
(2256, NULL, 20, '2019-05-29', 36, 'k duo', 1, 1000, 1000, 1, 3, '2019-05-30 16:02:36'),
(2257, NULL, 20, '2019-05-29', 12, 'Cash In', 1, 3000, 3000, 1, 3, '2019-05-30 16:02:36'),
(2258, NULL, 20, '2019-06-04', 54, 'BAHADUR', 1, 15000, 15000, 1, 3, '2019-07-03 16:00:42'),
(2259, NULL, 20, '2019-06-04', 105, 'Babul', 1, 5000, 5000, 1, 3, '2019-07-03 16:00:42'),
(2260, NULL, 20, '2019-06-04', 12, 'Cash In', 1, 20000, 20000, 1, 3, '2019-07-03 16:00:42'),
(2261, NULL, 20, '2019-06-20', 112, 'nalitabari', 1, 6100, 6100, 1, 3, '2019-07-03 16:03:41'),
(2262, NULL, 20, '2019-06-20', 36, 'k', 1, 4000, 4000, 1, 3, '2019-07-03 16:03:41'),
(2263, NULL, 20, '2019-06-20', 43, 'so', 1, 2000, 2000, 1, 3, '2019-07-03 16:03:41'),
(2264, NULL, 20, '2019-06-20', 12, 'Cash In', 1, 12100, 12100, 1, 3, '2019-07-03 16:03:41'),
(2265, NULL, 20, '2019-06-21', 36, 'k/d-750 li*65.7 cash-10000', 1, 59275, 59275, 1, 3, '2019-07-03 16:10:17'),
(2266, NULL, 20, '2019-06-21', 10, '2 toli', 2, 500, 1000, 1, 3, '2019-07-03 16:10:17'),
(2267, NULL, 20, '2019-06-21', 34, 'p/m', 1, 250, 250, 1, 3, '2019-07-03 16:10:17'),
(2268, NULL, 20, '2019-06-21', 12, 'Cash In', 1, 60525, 60525, 1, 3, '2019-07-03 16:10:17'),
(2269, NULL, 20, '2019-06-22', 36, 'Cash /toli-500', 1, 14500, 14500, 1, 3, '2019-07-03 16:15:15'),
(2270, NULL, 20, '2019-06-22', 36, 'dijel-235', 1, 15439, 15439, 1, 3, '2019-07-03 16:15:15'),
(2271, NULL, 20, '2019-06-22', 12, 'Cash In', 1, 29939, 29939, 1, 3, '2019-07-03 16:15:15'),
(2272, NULL, 20, '2019-06-23', 61, 'lt', 1, 4000, 4000, 1, 3, '2019-07-03 16:20:47'),
(2275, NULL, 20, '2019-06-23', 61, 'xen', 1, 20000, 20000, 1, 3, '2019-07-03 16:32:37'),
(2281, NULL, 20, '2019-06-23', 61, 'anowr/ferdush', 1, 400, 400, 1, 3, '2019-07-03 16:20:48'),
(2282, NULL, 20, '2019-06-23', 47, 'ppc', 1, 40, 40, 1, 3, '2019-07-03 16:20:48'),
(2283, NULL, 20, '2019-06-23', 43, 'ue mamun', 1, 20000, 20000, 1, 3, '2019-07-03 16:20:48'),
(2284, NULL, 20, '2019-06-23', 43, 'w.a', 1, 1000, 1000, 1, 3, '2019-07-03 16:20:48'),
(2285, NULL, 20, '2019-06-23', 47, 'am-5 kg', 1, 480, 480, 1, 3, '2019-07-03 16:20:48'),
(2286, NULL, 20, '2019-06-23', 49, 'bitomin mofijur', 1, 2300, 2300, 1, 3, '2019-07-03 16:20:48'),
(2288, NULL, 20, '2019-06-23', 113, 'sujon vai-20*8000', 20, 8000, 160000, 1, 3, '2019-07-03 16:23:14'),
(2291, NULL, 20, '2019-06-23', 12, 'Cash In', 1, 208220, 208220, 1, 3, '2019-07-03 16:34:56'),
(2292, NULL, 20, '2019-06-24', 113, 'bitomin-35', 35, 8000, 280000, 1, 3, '2019-07-03 16:48:50'),
(2293, NULL, 20, '2019-06-24', 49, 'bitomin ', 1, 3900, 3900, 1, 3, '2019-07-03 16:48:50'),
(2294, NULL, 20, '2019-06-24', 43, 'so', 1, 2000, 2000, 1, 3, '2019-07-03 16:48:50'),
(2295, NULL, 20, '2019-06-24', 33, 'cha/si/dukan', 1, 844, 844, 1, 3, '2019-07-03 16:48:50'),
(2296, NULL, 20, '2019-06-24', 34, '2 jon', 1, 1100, 1100, 1, 3, '2019-07-03 16:48:50'),
(2297, NULL, 20, '2019-06-24', 49, '16 mm vara rafiqul', 4, 500, 2000, 1, 3, '2019-07-03 16:48:50'),
(2298, NULL, 20, '2019-06-24', 80, '16 mm', 260, 150, 39000, 1, 3, '2019-07-03 16:48:50'),
(2299, NULL, 20, '2019-06-24', 43, 'w.a 2', 1, 4000, 4000, 1, 3, '2019-07-03 16:48:50'),
(2300, NULL, 20, '2019-06-24', 43, 'sojib', 1, 500, 500, 1, 3, '2019-07-03 16:48:50'),
(2301, NULL, 20, '2019-06-24', 41, '1', 1, 400, 400, 1, 3, '2019-07-03 16:48:50'),
(2302, NULL, 20, '2019-06-24', 112, 'dvr ronjid', 1, 2500, 2500, 1, 3, '2019-07-03 16:48:50'),
(2303, NULL, 20, '2019-06-24', 10, 'prime cote', 1, 3000, 3000, 1, 3, '2019-07-03 16:48:50'),
(2304, NULL, 20, '2019-06-24', 47, 'sujon mobile', 1, 100, 100, 1, 3, '2019-07-03 16:48:50'),
(2305, NULL, 20, '2019-06-24', 33, 'khana', 1, 560, 560, 1, 3, '2019-07-03 16:48:50'),
(2306, NULL, 20, '2019-06-24', 12, 'Cash In', 1, 339904, 339904, 1, 3, '2019-07-03 16:48:50'),
(2307, NULL, 20, '2019-06-25', 43, 'so', 1, 10000, 10000, 1, 3, '2019-07-03 17:01:14'),
(2308, NULL, 20, '2019-06-25', 47, 'prime cot dijel-496', 1, 32587, 32587, 1, 3, '2019-07-03 17:01:14'),
(2309, NULL, 20, '2019-06-25', 36, 'k', 1, 20000, 20000, 1, 3, '2019-07-03 17:01:14'),
(2310, NULL, 20, '2019-06-25', 47, 'tel tana/pathor tana', 1, 1000, 1000, 1, 3, '2019-07-03 17:01:14'),
(2311, NULL, 20, '2019-06-25', 43, 'ac babul', 1, 3500, 3500, 1, 3, '2019-07-03 17:01:14'),
(2312, NULL, 20, '2019-06-25', 47, 'pic', 1, 120, 120, 1, 3, '2019-07-03 17:01:14'),
(2313, NULL, 20, '2019-06-25', 47, 'office ic crim', 1, 500, 500, 1, 3, '2019-07-03 17:01:14'),
(2314, NULL, 20, '2019-06-25', 43, 'pion', 1, 500, 500, 1, 3, '2019-07-03 17:01:14'),
(2315, NULL, 20, '2019-06-25', 43, 'w.a', 2, 1000, 2000, 1, 3, '2019-07-03 17:01:14'),
(2317, NULL, 20, '2019-06-25', 33, 'khana/nasta', 1, 1050, 1050, 1, 3, '2019-07-03 17:01:14'),
(2318, NULL, 20, '2019-06-25', 98, 'nalitabari 16 mm-180', 1, 2550, 2550, 1, 3, '2019-07-03 17:01:14'),
(2319, NULL, 20, '2019-06-25', 80, '16 mm', 180, 150, 27000, 1, 3, '2019-07-03 17:01:14'),
(2320, NULL, 20, '2019-06-25', 61, 'so jafor', 1, 1000, 1000, 1, 3, '2019-07-03 17:01:14'),
(2321, NULL, 20, '2019-06-25', 41, 'sujon', 2, 250, 500, 1, 3, '2019-07-03 17:01:14'),
(2322, NULL, 20, '2019-06-25', 61, 'sakil 2 jon', 1, 1500, 1500, 1, 3, '2019-07-03 17:01:14'),
(2323, NULL, 20, '2019-06-25', 12, 'Cash In', 1, 107807, 107807, 1, 3, '2019-07-03 17:01:14'),
(2324, NULL, 20, '2019-06-26', 61, 'razzak', 1, 500, 500, 1, 3, '2019-07-03 17:04:18'),
(2325, NULL, 20, '2019-06-26', 61, 'ac', 1, 500, 500, 1, 3, '2019-07-03 17:04:18'),
(2326, NULL, 20, '2019-06-26', 36, 'k', 1, 5000, 5000, 1, 3, '2019-07-03 17:04:18'),
(2327, NULL, 20, '2019-06-26', 47, 'cng', 1, 200, 200, 1, 3, '2019-07-03 17:04:18'),
(2329, NULL, 20, '2019-06-26', 12, 'Cash In', 1, 6450, 6450, 1, 3, '2019-07-03 17:04:18'),
(2330, NULL, 20, '2019-06-27', 43, 'ue mamun', 1, 20000, 20000, 1, 3, '2019-07-03 17:07:52'),
(2331, NULL, 20, '2019-06-27', 43, 'so', 1, 100, 100, 1, 3, '2019-07-03 17:07:52'),
(2332, NULL, 20, '2019-06-27', 47, 'si', 1, 230, 230, 1, 3, '2019-07-03 17:07:52'),
(2333, NULL, 20, '2019-06-27', 12, 'Cash In', 1, 20330, 20330, 1, 3, '2019-07-03 17:07:52'),
(2334, NULL, 20, '2019-06-29', 36, 'Nabi vai', 1, 27500, 27500, 1, 3, '2019-07-03 17:14:30'),
(2335, NULL, 20, '2019-06-29', 43, 'w.a ', 1, 4000, 4000, 1, 3, '2019-07-03 17:14:30'),
(2336, NULL, 20, '2019-06-29', 112, 'ronjid', 1, 3300, 3300, 1, 3, '2019-07-03 17:14:30'),
(2337, NULL, 20, '2019-06-29', 33, 'cha /khana/nasta', 1, 1900, 1900, 1, 3, '2019-07-03 17:14:30'),
(2338, NULL, 20, '2019-06-29', 43, 'so', 1, 1000, 1000, 1, 3, '2019-07-03 17:14:30'),
(2339, NULL, 20, '2019-06-29', 47, 'major vai khoroch p/m', 1, 1000, 1000, 1, 3, '2019-07-03 17:14:30'),
(2340, NULL, 20, '2019-06-29', 47, 'tel tana', 1, 300, 300, 1, 3, '2019-07-03 17:14:30'),
(2341, NULL, 20, '2019-06-29', 41, '1', 1, 200, 200, 1, 3, '2019-07-03 17:14:30'),
(2342, NULL, 20, '2019-06-29', 12, 'Cash In', 1, 39200, 39200, 1, 3, '2019-07-03 17:14:30'),
(2343, NULL, 20, '2019-06-26', 33, 'khana', 1, 250, 250, 1, 3, '2019-07-03 17:19:38'),
(2344, NULL, 20, '2019-06-30', 36, 'nabi vai', 1, 28000, 28000, 1, 3, '2019-07-03 17:33:24'),
(2345, NULL, 20, '2019-06-30', 112, 'ronjid', 1, 5700, 5700, 1, 3, '2019-07-03 17:33:24'),
(2346, NULL, 20, '2019-06-30', 33, 'major p/m', 1, 500, 500, 1, 3, '2019-07-03 17:33:24'),
(2347, NULL, 20, '2019-06-30', 41, 'sujon 3days', 1, 500, 500, 1, 3, '2019-07-03 17:33:24'),
(2348, NULL, 20, '2019-06-30', 44, 'malek', 1, 1000, 1000, 1, 3, '2019-07-03 17:33:24'),
(2349, NULL, 20, '2019-06-30', 36, 'ranna', 1, 1200, 1200, 1, 3, '2019-07-03 17:33:24'),
(2350, NULL, 20, '2019-06-30', 43, 'w.a', 2, 2000, 4000, 1, 3, '2019-07-03 17:33:24'),
(2351, NULL, 20, '2019-06-30', 43, 'so', 1, 400, 400, 1, 3, '2019-07-03 17:33:24'),
(2352, NULL, 20, '2019-06-30', 47, 'tel/pthor tana', 1, 1100, 1100, 1, 3, '2019-07-03 17:33:24'),
(2353, NULL, 20, '2019-06-30', 33, 'khana/dukan', 1, 1600, 1600, 1, 3, '2019-07-03 17:33:24'),
(2354, NULL, 20, '2019-06-30', 62, 'mistree', 1, 1200, 1200, 1, 3, '2019-07-03 17:33:24'),
(2355, NULL, 20, '2019-06-30', 10, 'bit bali', 4, 550, 2200, 1, 3, '2019-07-03 17:33:24'),
(2356, NULL, 20, '2019-06-30', 33, 'si', 1, 460, 460, 1, 3, '2019-07-03 17:33:24'),
(2357, NULL, 20, '2019-06-30', 12, 'Cash In', 1, 47860, 47860, 1, 3, '2019-07-03 17:33:24'),
(2358, NULL, 20, '2019-07-01', 47, 'ghor vara', 1, 500, 500, 1, 3, '2019-07-03 17:36:05'),
(2359, NULL, 20, '2019-07-01', 33, 'cng', 1, 250, 250, 1, 3, '2019-07-03 17:36:05'),
(2360, NULL, 20, '2019-07-01', 44, 'malek', 1, 1500, 1500, 1, 3, '2019-07-03 17:36:05'),
(2361, NULL, 20, '2019-07-01', 12, 'Cash In', 1, 2250, 2250, 1, 3, '2019-07-03 17:36:05'),
(2362, NULL, 20, '2019-07-03', 96, 'juel', 1, 37000, 37000, 1, 3, '2019-07-04 02:36:18'),
(2363, NULL, 20, '2019-07-03', 12, 'Cash In', 1, 37000, 37000, 1, 3, '2019-07-04 02:36:18'),
(2364, NULL, 20, '2019-07-23', 39, 'lokman', 1, 22000, 22000, 1, 3, '2019-12-25 18:08:52'),
(2365, NULL, 20, '2019-07-23', 12, 'Cash in', 1, 22000, 22000, 1, 3, '2019-12-25 18:08:52');

-- --------------------------------------------------------

--
-- Table structure for table `tbl_account_head`
--

CREATE TABLE `tbl_account_head` (
  `id` int(11) NOT NULL,
  `name` text COLLATE utf8_bin NOT NULL,
  `category` tinyint(11) NOT NULL COMMENT '1=income, 0=expense, 2 = withdraw',
  `parent_id` int(11) NOT NULL DEFAULT 0,
  `status` tinyint(4) NOT NULL DEFAULT 1 COMMENT '0=invisible, 1=visible',
  `insert_by` int(11) NOT NULL,
  `insert_time` timestamp NOT NULL DEFAULT current_timestamp()
) ENGINE=InnoDB DEFAULT CHARSET=utf8 COLLATE=utf8_bin;

--
-- Dumping data for table `tbl_account_head`
--

INSERT INTO `tbl_account_head` (`id`, `name`, `category`, `parent_id`, `status`, `insert_by`, `insert_time`) VALUES
(1, 'Md. Nabi (Sub-Contructor)', 0, 0, 1, 3, '2018-12-17 07:20:51'),
(2, 'Raj Misrti', 0, 1, 1, 3, '2018-12-17 07:21:17'),
(3, 'স্যানেটারী মিস্ত্রী', 0, 1, 1, 1, '2018-12-17 07:21:46'),
(4, 'টাইলস মিস্ত্রী', 0, 1, 1, 1, '2018-12-17 07:22:04'),
(5, 'বিদ্যুৎ মিস্ত্রী', 0, 1, 1, 1, '2018-12-17 07:22:20'),
(7, 'ইট/ পিকেট ক্রয়', 0, 6, 1, 1, '2018-12-17 07:23:24'),
(8, 'বড় খোয়া ক্রয়', 0, 6, 1, 1, '2018-12-17 07:23:51'),
(9, 'ছোট খোয়া ক্রয়', 0, 6, 1, 1, '2018-12-17 07:24:07'),
(10, 'Bali ক্রয়', 0, 0, 1, 3, '2018-12-17 07:26:36'),
(12, 'Md.Rabiul Alam', 1, 0, 1, 3, '2018-12-17 07:28:21'),
(16, 'পুরাতন মালামাল বিক্রয়', 1, 0, 1, 1, '2018-12-17 07:29:37'),
(17, 'অন্যান্য জমা/ আয়', 1, 0, 1, 1, '2018-12-17 07:30:03'),
(26, 'Akram Vai (Bitomin )', 0, 0, 1, 3, '2019-01-16 18:01:06'),
(33, 'Site Cost', 0, 0, 1, 3, '2019-01-16 18:10:39'),
(34, 'Mobile/Petrol Cost', 0, 0, 1, 3, '2019-01-16 18:11:30'),
(36, 'Md.Ohab (Sub-Contructor)', 0, 0, 1, 3, '2019-01-16 18:12:20'),
(37, ' Vata Sujon vai /Pathor', 0, 0, 1, 3, '2019-01-16 18:13:45'),
(38, 'Singes Chango Jhinygati', 0, 0, 1, 3, '2019-01-16 18:14:26'),
(39, 'Tak Rent  Dvr', 0, 0, 1, 3, '2019-01-16 18:15:04'),
(41, 'Day Lebar Local', 0, 0, 1, 3, '2019-01-16 18:17:13'),
(43, 'UE/SO/WA Upozila', 0, 0, 1, 3, '2019-01-16 18:19:32'),
(44, 'Night Guard', 0, 0, 1, 3, '2019-01-16 18:21:33'),
(45, 'Manajar Kalo', 0, 0, 1, 3, '2019-01-16 18:22:16'),
(47, 'Other Cost', 0, 0, 1, 3, '2019-01-16 18:26:53'),
(48, 'Stone Sujon Sherpur', 0, 0, 1, 3, '2019-01-16 18:28:25'),
(49, 'Toli Vara', 0, 0, 1, 3, '2019-01-16 18:31:12'),
(50, 'Md.Bayjid Vai ', 1, 0, 1, 3, '2019-01-16 18:32:16'),
(53, 'নাস্তা/খানা', 0, 0, 1, 3, '2019-01-16 18:33:58'),
(54, 'Rolar Dvr', 0, 0, 1, 3, '2019-01-16 18:34:59'),
(56, 'Somrat Vai(Bitomin /Pathor)', 0, 0, 1, 3, '2019-01-16 18:39:55'),
(60, 'Bank PS (ফেরত যোগ্য )', 0, 0, 1, 3, '2019-01-16 20:40:43'),
(61, 'LGED STAF', 0, 0, 1, 3, '2019-01-16 21:30:40'),
(62, 'Lebar Bokshis', 0, 0, 1, 3, '2019-01-16 21:31:16'),
(65, 'Md. Mizanur Rahman (Major)', 1, 0, 1, 3, '2019-01-19 09:27:54'),
(66, 'Md.Milon Mama', 1, 0, 1, 3, '2019-01-19 09:28:33'),
(67, 'Final/Ranning Bill', 1, 0, 1, 3, '2019-01-19 09:29:55'),
(69, 'Lab Test', 0, 0, 1, 3, '2019-01-19 09:30:56'),
(70, 'Icore-5%', 0, 0, 1, 3, '2019-01-19 09:31:27'),
(71, 'Vat-7 %', 0, 0, 1, 3, '2019-01-19 09:32:15'),
(72, 'জামানত- ৫%', 0, 0, 1, 3, '2019-01-19 09:37:11'),
(74, ' Md.Mojid( Sub-Contructor)', 0, 0, 1, 3, '2019-01-19 09:52:05'),
(75, 'মোঃ হারন  (রাস্তার মিস্তিরি )', 0, 0, 1, 3, '2019-01-19 09:53:10'),
(76, 'বাঁশ ক্রয়', 0, 0, 1, 3, '2019-01-19 09:57:44'),
(77, 'রড ক্রয়', 0, 0, 1, 3, '2019-01-19 10:00:41'),
(78, 'সিমেন্ট ক্রয়', 0, 0, 1, 3, '2019-01-19 10:02:33'),
(80, 'Juel Vai  Nalitabari (Pathor)', 0, 0, 1, 3, '2019-01-20 14:07:24'),
(81, 'Md.Rabiul Alam Withdraw', 2, 0, 1, 3, '2019-01-27 20:03:53'),
(82, 'Md.Bayjid Vai Withdraw', 2, 0, 1, 3, '2019-01-28 07:46:04'),
(83, 'Md. Mizanur Rahman (Major)Withdraw', 2, 0, 1, 3, '2019-01-28 07:46:37'),
(84, 'Md.Milon Mama Withdraw', 2, 0, 1, 3, '2019-01-28 07:47:06'),
(85, 'Loan Withdraw', 2, 0, 1, 3, '2019-01-28 08:45:44'),
(87, 'Md.Suhan Vai', 1, 0, 1, 3, '2019-01-30 11:40:42'),
(89, 'Md.Suhan Vai Withdraw', 2, 0, 1, 3, '2019-01-30 11:57:27'),
(90, 'Pile 3 Metar', 0, 0, 1, 3, '2019-01-30 12:00:37'),
(91, 'Akkas Pile Misrti', 0, 0, 1, 3, '2019-01-31 07:42:57'),
(93, 'Askabetar  Ashraf', 0, 0, 1, 3, '2019-01-31 07:44:58'),
(94, 'Vata Bulbul Vai', 0, 0, 1, 3, '2019-01-31 07:50:45'),
(95, 'Raj Misrti', 0, 0, 1, 3, '2019-01-31 08:17:38'),
(96, 'PK Vanga', 0, 0, 1, 3, '2019-01-31 08:57:52'),
(97, 'Rolar Dijel', 0, 0, 1, 3, '2019-01-31 08:59:14'),
(98, 'Tafe Vara', 0, 0, 1, 3, '2019-01-31 09:21:25'),
(99, 'Rolar Expence', 0, 0, 1, 3, '2019-01-31 10:31:48'),
(100, 'Manajar Monir', 0, 0, 1, 3, '2019-01-31 12:47:57'),
(101, 'Vata Akram Vai', 0, 0, 1, 3, '2019-02-01 12:56:31'),
(102, 'Vata Sakib Vai', 0, 0, 1, 3, '2019-02-01 12:57:10'),
(103, 'Vata Motaleb Sab', 0, 0, 1, 3, '2019-02-01 12:59:23'),
(104, 'Vata Ujjal Vai', 0, 0, 1, 3, '2019-02-01 15:59:32'),
(105, 'Manajar Babul', 0, 0, 1, 3, '2019-02-11 12:58:38'),
(107, 'Vata Abdullah', 0, 0, 1, 3, '2019-02-17 05:51:58'),
(108, 'Vata Kashem', 0, 0, 1, 3, '2019-02-21 08:44:17'),
(109, 'Loan', 0, 0, 1, 3, '2019-02-21 09:09:19'),
(110, 'Bitomin Ctg+ Vara', 0, 0, 1, 3, '2019-03-14 02:14:31'),
(111, '5/10=1/2\"=16 mili Other Site/Mixing pathor', 0, 0, 1, 3, '2019-05-14 07:39:31'),
(112, 'Rolar Others', 0, 0, 1, 3, '2019-05-30 05:55:34'),
(113, 'Bitomin Sujon Vai ', 0, 0, 1, 3, '2019-07-03 06:21:50');

-- --------------------------------------------------------

--
-- Table structure for table `tbl_articles`
--

CREATE TABLE `tbl_articles` (
  `id` int(11) NOT NULL,
  `title` text COLLATE utf8_unicode_ci NOT NULL,
  `photo` text COLLATE utf8_unicode_ci DEFAULT NULL,
  `details` text COLLATE utf8_unicode_ci DEFAULT NULL,
  `publish_date` varchar(10) COLLATE utf8_unicode_ci NOT NULL DEFAULT '0000-00-00',
  `insert_by` int(11) NOT NULL,
  `insert_time` varchar(20) COLLATE utf8_unicode_ci NOT NULL DEFAULT '0000-00-00 00:00'
) ENGINE=InnoDB DEFAULT CHARSET=utf8 COLLATE=utf8_unicode_ci;

--
-- Dumping data for table `tbl_articles`
--

INSERT INTO `tbl_articles` (`id`, `title`, `photo`, `details`, `publish_date`, `insert_by`, `insert_time`) VALUES
(2, 'dasdasd', 'assets/articlesPhoto/images_20210418161448.jpg', 'afasfd', '2021-04-18', 1, '2021-04-18 16:14'),
(3, 'fasfas', 'assets/articlesPhoto/pngtreebusinessmanuseravatarfreevectorpngimage_20210418163114.jpg', 'asfdasd', '2021-04-18', 1, '2021-04-18 16:27');

-- --------------------------------------------------------

--
-- Table structure for table `tbl_cashidwithdrawjoin`
--

CREATE TABLE `tbl_cashidwithdrawjoin` (
  `id` int(11) NOT NULL,
  `cash_in_id` int(11) NOT NULL,
  `withraw_id` int(11) NOT NULL,
  `insert_by` int(11) NOT NULL,
  `insert_time` varchar(20) COLLATE utf8_unicode_ci NOT NULL DEFAULT '0000-00-00 00:00'
) ENGINE=MyISAM DEFAULT CHARSET=utf8 COLLATE=utf8_unicode_ci;

--
-- Dumping data for table `tbl_cashidwithdrawjoin`
--

INSERT INTO `tbl_cashidwithdrawjoin` (`id`, `cash_in_id`, `withraw_id`, `insert_by`, `insert_time`) VALUES
(12, 12, 81, 1, '2019-01-28 15:03:36'),
(11, 50, 82, 1, '2019-01-28 15:02:43'),
(13, 65, 83, 1, '2019-01-28 17:34:27'),
(14, 66, 84, 1, '2019-01-28 17:34:43'),
(15, 86, 85, 1, '2019-01-28 17:34:52'),
(16, 87, 89, 1, '2019-01-30 18:35:42');

-- --------------------------------------------------------

--
-- Table structure for table `tbl_cow_details`
--

CREATE TABLE `tbl_cow_details` (
  `id` int(11) NOT NULL,
  `cow_no` text COLLATE utf8_bin NOT NULL,
  `cow_type_id` int(11) NOT NULL,
  `start_date` varchar(10) COLLATE utf8_bin NOT NULL DEFAULT '0000-00-00',
  `purchase_cost` double NOT NULL DEFAULT 0,
  `target_sale_cost` double NOT NULL DEFAULT 0,
  `color` varchar(250) COLLATE utf8_bin DEFAULT NULL,
  `is_sold` tinyint(4) NOT NULL DEFAULT 0 COMMENT '0 = no 1 = yes',
  `is_death` tinyint(4) NOT NULL DEFAULT 0 COMMENT '0 = no 1 = yes',
  `insert_time` varchar(20) COLLATE utf8_bin NOT NULL DEFAULT '0000-00-00 00:00',
  `insert_by` int(11) NOT NULL,
  `last_update` varchar(20) COLLATE utf8_bin NOT NULL DEFAULT '0000-00-00 00:00'
) ENGINE=InnoDB DEFAULT CHARSET=utf8 COLLATE=utf8_bin;

--
-- Dumping data for table `tbl_cow_details`
--

INSERT INTO `tbl_cow_details` (`id`, `cow_no`, `cow_type_id`, `start_date`, `purchase_cost`, `target_sale_cost`, `color`, `is_sold`, `is_death`, `insert_time`, `insert_by`, `last_update`) VALUES
(1, '0001', 1, '2021-04-06', 100000, 150000, 'red', 0, 0, '2021-04-06 15:06', 1, '0000-00-00 00:00'),
(2, '0002', 1, '2021-04-06', 100000, 150000, 'black', 0, 0, '2021-04-06 15:29', 1, '0000-00-00 00:00'),
(3, '0003', 2, '2021-04-06', 100000, 150000, 'red', 0, 0, '2021-04-06 15:58', 1, '0000-00-00 00:00'),
(4, '0004', 3, '2021-04-07', 100000, 120000, 'red', 0, 0, '2021-04-07 10:53', 1, '0000-00-00 00:00'),
(5, '0005', 5, '2021-04-07', 100000, 150000, 'black', 0, 0, '2021-04-07 10:54', 1, '0000-00-00 00:00'),
(6, '0006', 4, '2021-04-07', 100000, 150000, 'red', 0, 0, '2021-04-07 10:54', 1, '0000-00-00 00:00'),
(7, '0007', 5, '2021-04-07', 100000, 150000, 'red', 0, 0, '2021-04-07 10:55', 1, '2021-04-08 10:07'),
(8, '0008', 5, '2021-04-08', 323232, 1212132, 'red', 0, 0, '2021-04-07 10:55', 1, '2021-04-08 11:50'),
(9, '0009', 4, '2021-04-08', 100002, 120000, 'black', 0, 0, '2021-04-07 10:56', 1, '2021-04-08 11:49'),
(10, '0010', 1, '2021-04-08', 100000, 10000, 'red', 0, 0, '2021-04-07 10:56', 1, '2021-04-08 11:49'),
(11, '0011', 5, '2021-04-11', 100000, 150000, 'red', 0, 0, '2021-04-11 14:28', 1, '0000-00-00 00:00'),
(12, '0012', 3, '2021-04-11', 100000, 150000, 'red', 0, 0, '2021-04-11 14:31', 1, '0000-00-00 00:00'),
(13, '0013', 1, '2021-04-11', 100000, 150000, 'red', 0, 0, '2021-04-11 14:31', 1, '0000-00-00 00:00');

-- --------------------------------------------------------

--
-- Table structure for table `tbl_cow_feeds`
--

CREATE TABLE `tbl_cow_feeds` (
  `id` int(11) NOT NULL,
  `name` text COLLATE utf8_bin DEFAULT NULL,
  `insert_by` int(11) NOT NULL,
  `insert_time` varchar(20) COLLATE utf8_bin NOT NULL DEFAULT '0000-00-00 00:00'
) ENGINE=InnoDB DEFAULT CHARSET=utf8 COLLATE=utf8_bin;

--
-- Dumping data for table `tbl_cow_feeds`
--

INSERT INTO `tbl_cow_feeds` (`id`, `name`, `insert_by`, `insert_time`) VALUES
(1, 'vutta', 1, '2021-04-06 15:05'),
(2, 'silage', 1, '2021-04-06 15:05'),
(3, 'dcp power', 1, '2021-04-06 15:06'),
(4, 'vushi', 1, '2021-04-07 10:53'),
(5, 'gura', 1, '2021-04-07 10:53'),
(6, 'khud', 1, '2021-04-07 10:53'),
(7, 'aata', 1, '2021-04-13 10:17');

-- --------------------------------------------------------

--
-- Table structure for table `tbl_cow_health_test`
--

CREATE TABLE `tbl_cow_health_test` (
  `id` int(11) NOT NULL,
  `cow_details_id` int(11) NOT NULL,
  `height` double NOT NULL DEFAULT 0 COMMENT 'cm',
  `width` double NOT NULL DEFAULT 0 COMMENT 'cm',
  `weight` double NOT NULL DEFAULT 0 COMMENT 'kg',
  `health_test_date` varchar(11) COLLATE utf8_bin NOT NULL,
  `insert_time` varchar(20) COLLATE utf8_bin NOT NULL DEFAULT '0000-00-00 00:00',
  `insert_by` int(11) NOT NULL
) ENGINE=InnoDB DEFAULT CHARSET=utf8 COLLATE=utf8_bin;

--
-- Dumping data for table `tbl_cow_health_test`
--

INSERT INTO `tbl_cow_health_test` (`id`, `cow_details_id`, `height`, `width`, `weight`, `health_test_date`, `insert_time`, `insert_by`) VALUES
(1, 1, 32, 25, 250, '6', '2021-04-06 15:06', 1),
(2, 2, 32, 25, 200, '6', '2021-04-06 15:29', 1),
(3, 3, 32, 25, 250, '6', '2021-04-06 15:58', 1),
(4, 4, 32, 25, 250, '2021-04-07', '2021-04-07 10:53', 1),
(5, 5, 30, 25, 250, '7', '2021-04-07 10:54', 1),
(6, 6, 32, 25, 333, '7', '2021-04-07 10:54', 1),
(7, 7, 32, 25, 200, '7', '2021-04-07 10:55', 1),
(8, 8, 32, 25, 333, '2021', '2021-04-07 10:55', 1),
(9, 9, 32, 25, 200, '2021', '2021-04-07 10:56', 1),
(10, 10, 32, 25, 200, '2021-04-10', '2021-04-07 10:56', 1),
(11, 10, 22, 32, 220, '2021-04-10', '2021-04-07 10:57', 1),
(12, 9, 22, 32, 200, '2021', '2021-04-07 10:57', 1),
(13, 8, 22, 32, 200, '2021', '2021-04-07 10:57', 1),
(14, 7, 22, 32, 300, '2021', '2021-04-07 10:57', 1),
(15, 6, 22, 32, 300, '2021', '2021-04-07 10:57', 1),
(16, 5, 22, 32, 300, '2021', '2021-04-07 10:57', 1),
(17, 4, 22, 32, 300, '2021', '2021-04-07 10:57', 1),
(18, 3, 22, 32, 300, '2021', '2021-04-07 10:57', 1),
(19, 2, 22, 32, 300, '2021', '2021-04-07 10:57', 1),
(20, 1, 22, 32, 300, '2021', '2021-04-07 10:57', 1),
(21, 10, 22, 32, 500, '2021-04-10', '2021-04-07 14:04', 1),
(22, 10, 22, 25, 21, '2021-04-08', '2021-04-07 14:05', 1),
(23, 4, 50, 50, 50, '2021-04-07', '2021-04-07 15:50', 1),
(24, 4, 60, 60, 600, '2021-04-07', '2021-04-07 15:51', 1),
(26, 4, 50, 50, 3500, '2021-04-07', '2021-04-07 15:56', 1),
(27, 10, 50, 50, 333, '2021-04-07', '2021-04-07 15:57', 1),
(29, 10, 32, 25, 2121, '2021-04-07', '2021-04-07 16:07', 1),
(30, 10, 30, 50, 3500, '2021-04-07', '2021-04-07 16:10', 1),
(31, 10, 50, 50, 250, '2021-04-07', '2021-04-07 16:11', 1),
(32, 10, 30, 25, 3232, '2021-04-07', '2021-04-07 16:13', 1),
(33, 10, 30, 50, 200, '2021-04-07', '2021-04-07 17:04', 1),
(34, 10, 32, 25, 250, '2021-04-08', '2021-04-08 12:31', 1),
(35, 10, 32, 25, 250, '2021-04-09', '2021-04-08 12:38', 1),
(36, 10, 30, 50, 250, '2021-04-10', '2021-04-10 12:08', 1),
(37, 10, 32, 50, 250, '2021-04-10', '2021-04-10 12:50', 1),
(38, 10, 30, 50, 200, '2021-04-10', '2021-04-10 14:01', 1),
(39, 10, 30, 50, 250, '2021-04-10', '2021-04-10 14:04', 1),
(41, 13, 32, 25, 3500, '11-04-2021', '2021-04-11 14:31', 1),
(42, 13, 30, 25, 250, '2021-04-18', '2021-04-18 14:30', 1);

-- --------------------------------------------------------

--
-- Table structure for table `tbl_cow_milk_collection`
--

CREATE TABLE `tbl_cow_milk_collection` (
  `id` int(11) NOT NULL,
  `cow_details_id` int(11) NOT NULL,
  `collection_date` varchar(10) COLLATE utf8_bin NOT NULL DEFAULT '0000-00-00',
  `collection_amount` double NOT NULL DEFAULT 0,
  `collection_by` int(11) NOT NULL DEFAULT 0,
  `insert_time` varchar(20) COLLATE utf8_bin NOT NULL DEFAULT '0000-00-00 00:00'
) ENGINE=InnoDB DEFAULT CHARSET=utf8 COLLATE=utf8_bin;

--
-- Dumping data for table `tbl_cow_milk_collection`
--

INSERT INTO `tbl_cow_milk_collection` (`id`, `cow_details_id`, `collection_date`, `collection_amount`, `collection_by`, `insert_time`) VALUES
(1, 10, '2021-04-07', 13, 1, '2021-04-07 10:58'),
(2, 9, '2021-04-07', 13, 1, '2021-04-07 10:58'),
(3, 8, '2021-04-07', 13, 1, '2021-04-07 10:58'),
(4, 7, '2021-04-07', 13, 1, '2021-04-07 10:58'),
(5, 6, '2021-04-07', 13, 1, '2021-04-07 10:58'),
(6, 5, '2021-04-07', 13, 1, '2021-04-07 10:58'),
(7, 4, '2021-04-07', 13, 1, '2021-04-07 10:58'),
(8, 3, '2021-04-07', 13, 1, '2021-04-07 10:58'),
(9, 2, '2021-04-07', 13, 1, '2021-04-07 10:58'),
(10, 1, '2021-04-07', 13, 1, '2021-04-07 10:58'),
(11, 10, '2021-04-07', 20, 1, '2021-04-07 16:23'),
(12, 10, '2021-04-08', 10, 1, '2021-04-07 17:20'),
(13, 9, '2021-04-08', 10, 1, '2021-04-07 17:20'),
(14, 8, '2021-04-08', 10, 1, '2021-04-07 17:20'),
(15, 7, '2021-04-08', 10, 1, '2021-04-07 17:20'),
(16, 6, '2021-04-08', 10, 1, '2021-04-07 17:20'),
(17, 5, '2021-04-08', 10, 1, '2021-04-07 17:20'),
(18, 4, '2021-04-08', 10, 1, '2021-04-07 17:20'),
(19, 3, '2021-04-08', 10, 1, '2021-04-07 17:20'),
(20, 2, '2021-04-08', 10, 1, '2021-04-07 17:20'),
(21, 1, '2021-04-08', 10, 1, '2021-04-07 17:20'),
(22, 10, '2021-04-08', 22, 1, '2021-04-08 11:08'),
(23, 9, '2021-04-08', 26, 1, '2021-04-08 11:08'),
(24, 8, '2021-04-08', 23, 1, '2021-04-08 11:08'),
(25, 7, '2021-04-08', 21, 1, '2021-04-08 11:08'),
(26, 6, '2021-04-08', 20, 1, '2021-04-08 11:08'),
(27, 5, '2021-04-08', 20, 1, '2021-04-08 11:08'),
(28, 4, '2021-04-08', 20, 1, '2021-04-08 11:08'),
(29, 3, '2021-04-08', 20, 1, '2021-04-08 11:08'),
(30, 2, '2021-04-08', 18, 1, '2021-04-08 11:08'),
(31, 1, '2021-04-08', 17, 1, '2021-04-08 11:08'),
(32, 10, '2021-04-08', 12, 1, '2021-04-08 12:44'),
(33, 10, '2021-04-08', 12, 1, '2021-04-08 12:44'),
(34, 10, '2021-04-08', 12, 1, '2021-04-08 12:44'),
(35, 10, '2021-04-08', 12, 1, '2021-04-08 12:44'),
(36, 10, '2021-04-08', 12, 1, '2021-04-08 12:44'),
(37, 10, '2021-04-08', 12, 1, '2021-04-08 12:44'),
(38, 10, '2021-04-08', 12, 1, '2021-04-08 12:44'),
(39, 10, '2021-04-08', 12, 1, '2021-04-08 12:44'),
(40, 10, '2021-04-08', 12, 1, '2021-04-08 12:44'),
(41, 10, '2021-04-08', 13, 1, '2021-04-08 12:45'),
(42, 10, '2021-04-10', 10, 1, '2021-04-10 15:30'),
(43, 9, '2021-04-10', 10, 1, '2021-04-10 15:30'),
(44, 8, '2021-04-10', 10, 1, '2021-04-10 15:30'),
(45, 7, '2021-04-10', 10, 1, '2021-04-10 15:30'),
(46, 6, '2021-04-10', 10, 1, '2021-04-10 15:30'),
(47, 5, '2021-04-10', 10, 1, '2021-04-10 15:30'),
(48, 4, '2021-04-10', 10, 1, '2021-04-10 15:30'),
(49, 3, '2021-04-10', 10, 1, '2021-04-10 15:30'),
(50, 2, '2021-04-10', 10, 1, '2021-04-10 15:30'),
(51, 1, '2021-04-10', 10, 1, '2021-04-10 15:30'),
(52, 10, '2021-04-09', 9, 1, '2021-04-10 15:49'),
(53, 9, '2021-04-09', 9, 1, '2021-04-10 15:49'),
(54, 8, '2021-04-09', 9, 1, '2021-04-10 15:49'),
(55, 7, '2021-04-09', 9, 1, '2021-04-10 15:49'),
(56, 6, '2021-04-09', 9, 1, '2021-04-10 15:49'),
(57, 5, '2021-04-09', 9, 1, '2021-04-10 15:49'),
(58, 4, '2021-04-09', 9, 1, '2021-04-10 15:49'),
(59, 3, '2021-04-09', 9, 1, '2021-04-10 15:49'),
(60, 2, '2021-04-09', 9, 1, '2021-04-10 15:49'),
(61, 1, '2021-04-09', 9, 1, '2021-04-10 15:49'),
(62, 10, '2021-04-11', 12, 1, '2021-04-11 12:04'),
(63, 9, '2021-04-11', 13, 1, '2021-04-11 12:04'),
(64, 8, '2021-04-11', 15, 1, '2021-04-11 12:04'),
(65, 7, '2021-04-11', 16, 1, '2021-04-11 12:04'),
(66, 6, '2021-04-11', 10, 1, '2021-04-11 12:04'),
(67, 5, '2021-04-11', 9, 1, '2021-04-11 12:04'),
(68, 4, '2021-04-11', 8, 1, '2021-04-11 12:04'),
(69, 3, '2021-04-11', 7, 1, '2021-04-11 12:04'),
(70, 2, '2021-04-11', 5, 1, '2021-04-11 12:04'),
(71, 1, '2021-04-11', 2, 1, '2021-04-11 12:04'),
(72, 13, '2021-04-12', 10, 1, '2021-04-12 10:23'),
(73, 12, '2021-04-12', 11, 1, '2021-04-12 10:23'),
(74, 11, '2021-04-12', 9, 1, '2021-04-12 10:23'),
(75, 10, '2021-04-12', 24, 1, '2021-04-12 10:23'),
(76, 9, '2021-04-12', 20, 1, '2021-04-12 10:23'),
(77, 8, '2021-04-12', 20, 1, '2021-04-12 10:23'),
(78, 7, '2021-04-12', 13, 1, '2021-04-12 10:23'),
(79, 6, '2021-04-12', 12, 1, '2021-04-12 10:23'),
(80, 5, '2021-04-12', 14, 1, '2021-04-12 10:23'),
(81, 4, '2021-04-12', 15, 1, '2021-04-12 10:23'),
(82, 3, '2021-04-12', 16, 1, '2021-04-12 10:23'),
(83, 2, '2021-04-12', 15, 1, '2021-04-12 10:23'),
(84, 1, '2021-04-12', 11, 1, '2021-04-12 10:23'),
(85, 13, '2021-04-18', 12, 1, '2021-04-18 15:03'),
(86, 12, '2021-04-18', 10, 1, '2021-04-18 15:03'),
(87, 11, '2021-04-18', 10, 1, '2021-04-18 15:03'),
(88, 10, '2021-04-18', 23, 1, '2021-04-18 15:03'),
(89, 9, '2021-04-18', 25, 1, '2021-04-18 15:03'),
(90, 8, '2021-04-18', 22, 1, '2021-04-18 15:03'),
(91, 7, '2021-04-18', 22, 1, '2021-04-18 15:03'),
(92, 6, '2021-04-18', 22, 1, '2021-04-18 15:03'),
(93, 5, '2021-04-18', 22, 1, '2021-04-18 15:03'),
(94, 4, '2021-04-18', 22, 1, '2021-04-18 15:03'),
(95, 3, '2021-04-18', 22, 1, '2021-04-18 15:03'),
(96, 2, '2021-04-18', 22, 1, '2021-04-18 15:03'),
(97, 1, '2021-04-18', 22, 1, '2021-04-18 15:03');

-- --------------------------------------------------------

--
-- Table structure for table `tbl_cow_milk_target`
--

CREATE TABLE `tbl_cow_milk_target` (
  `id` int(11) NOT NULL,
  `cow_details_id` int(11) NOT NULL,
  `milk_target` double NOT NULL DEFAULT 0,
  `start_date` varchar(20) COLLATE utf8_bin NOT NULL DEFAULT '0000-00-00',
  `insert_time` varchar(20) COLLATE utf8_bin NOT NULL DEFAULT '0000-00-00 00:00',
  `insert_by` int(11) NOT NULL
) ENGINE=InnoDB DEFAULT CHARSET=utf8 COLLATE=utf8_bin;

--
-- Dumping data for table `tbl_cow_milk_target`
--

INSERT INTO `tbl_cow_milk_target` (`id`, `cow_details_id`, `milk_target`, `start_date`, `insert_time`, `insert_by`) VALUES
(1, 3, 10, '2021-04-07', '2021-04-07 10:42', 1),
(2, 2, 10, '2021-04-07', '2021-04-07 10:42', 1),
(3, 1, 10, '2021-04-07', '2021-04-07 10:42', 1),
(4, 10, 12, '2021-04-07', '2021-04-07 10:58', 1),
(6, 8, 12, '2021-04-07', '2021-04-07 10:58', 1),
(7, 7, 12, '2021-04-07', '2021-04-07 10:58', 1),
(8, 6, 12, '2021-04-07', '2021-04-07 10:58', 1),
(9, 5, 12, '2021-04-07', '2021-04-07 10:58', 1),
(10, 4, 12, '2021-04-07', '2021-04-07 10:58', 1),
(11, 3, 12, '2021-04-07', '2021-04-07 10:58', 1),
(12, 2, 12, '2021-04-07', '2021-04-07 10:58', 1),
(13, 1, 12, '2021-04-07', '2021-04-07 10:58', 1),
(14, 10, 200, '2021-04-07', '2021-04-07 16:19', 1),
(15, 10, 25, '2021-04-30', '2021-04-08 11:07', 1),
(16, 9, 25, '2021-04-30', '2021-04-08 11:07', 1),
(17, 8, 25, '2021-04-30', '2021-04-08 11:07', 1),
(18, 7, 25, '2021-04-30', '2021-04-08 11:07', 1),
(19, 6, 25, '2021-04-30', '2021-04-08 11:07', 1),
(20, 5, 25, '2021-04-30', '2021-04-08 11:07', 1),
(21, 4, 25, '2021-04-30', '2021-04-08 11:07', 1),
(22, 3, 25, '2021-04-30', '2021-04-08 11:07', 1),
(23, 2, 25, '2021-04-30', '2021-04-08 11:07', 1),
(24, 1, 25, '2021-04-30', '2021-04-08 11:07', 1),
(27, 10, 32, '2021-04-08', '2021-04-08 11:33', 1),
(31, 10, 32, '2021-04-08', '2021-04-08 11:38', 1),
(32, 10, 14, '2021-04-08', '2021-04-08 11:41', 1),
(35, 10, 20, '2021-04-08', '2021-04-08 12:08', 1),
(36, 10, 65, '2021-04-08', '2021-04-08 12:16', 1),
(37, 10, 25, '2021-04-08', '2021-04-08 12:24', 1),
(38, 10, 23, '2021-04-01', '2021-04-10 14:05', 1),
(39, 10, 32, '2021-04-02', '2021-04-10 14:05', 1),
(40, 10, 10, '2021-04-10', '2021-04-10 16:04', 1),
(41, 9, 10, '2021-04-10', '2021-04-10 16:04', 1),
(42, 8, 10, '2021-04-10', '2021-04-10 16:04', 1),
(43, 7, 10, '2021-04-10', '2021-04-10 16:04', 1),
(44, 6, 10, '2021-04-10', '2021-04-10 16:04', 1),
(45, 5, 10, '2021-04-10', '2021-04-10 16:04', 1),
(46, 4, 10, '2021-04-10', '2021-04-10 16:04', 1),
(47, 3, 10, '2021-04-10', '2021-04-10 16:04', 1),
(48, 2, 10, '2021-04-10', '2021-04-10 16:04', 1),
(49, 1, 10, '2021-04-10', '2021-04-10 16:04', 1),
(50, 10, 10, '2021-04-30', '2021-04-11 11:19', 1),
(51, 9, 10, '2021-04-30', '2021-04-11 11:19', 1),
(52, 8, 10, '2021-04-30', '2021-04-11 11:19', 1),
(53, 7, 10, '2021-04-30', '2021-04-11 11:19', 1),
(54, 6, 10, '2021-04-30', '2021-04-11 11:19', 1),
(55, 5, 10, '2021-04-30', '2021-04-11 11:19', 1),
(56, 4, 10, '2021-04-30', '2021-04-11 11:19', 1),
(57, 3, 10, '2021-04-30', '2021-04-11 11:19', 1),
(58, 2, 10, '2021-04-30', '2021-04-11 11:19', 1),
(59, 1, 10, '2021-04-30', '2021-04-11 11:19', 1),
(60, 10, 10, '2021-04-11', '2021-04-11 11:19', 1),
(61, 9, 10, '2021-04-11', '2021-04-11 11:19', 1),
(62, 8, 10, '2021-04-11', '2021-04-11 11:19', 1),
(63, 7, 10, '2021-04-11', '2021-04-11 11:19', 1),
(64, 6, 10, '2021-04-11', '2021-04-11 11:19', 1),
(65, 5, 10, '2021-04-11', '2021-04-11 11:19', 1),
(66, 4, 10, '2021-04-11', '2021-04-11 11:19', 1),
(67, 3, 10, '2021-04-11', '2021-04-11 11:19', 1),
(68, 2, 10, '2021-04-11', '2021-04-11 11:19', 1),
(69, 1, 10, '2021-04-11', '2021-04-11 11:19', 1),
(70, 13, 10, '2021-04-12', '2021-04-12 10:22', 1),
(71, 12, 10, '2021-04-12', '2021-04-12 10:22', 1),
(72, 11, 10, '2021-04-12', '2021-04-12 10:22', 1),
(73, 13, 12, '2021-04-18', '2021-04-18 15:02', 1),
(74, 12, 12, '2021-04-18', '2021-04-18 15:02', 1),
(75, 11, 12, '2021-04-18', '2021-04-18 15:02', 1),
(76, 10, 12, '2021-04-18', '2021-04-18 15:02', 1),
(77, 9, 12, '2021-04-18', '2021-04-18 15:02', 1),
(78, 8, 12, '2021-04-18', '2021-04-18 15:02', 1),
(79, 7, 12, '2021-04-18', '2021-04-18 15:02', 1),
(80, 6, 12, '2021-04-18', '2021-04-18 15:02', 1),
(81, 5, 12, '2021-04-18', '2021-04-18 15:02', 1),
(82, 4, 12, '2021-04-18', '2021-04-18 15:02', 1),
(83, 3, 12, '2021-04-18', '2021-04-18 15:02', 1),
(84, 2, 12, '2021-04-18', '2021-04-18 15:02', 1),
(85, 1, 12, '2021-04-18', '2021-04-18 15:02', 1);

-- --------------------------------------------------------

--
-- Table structure for table `tbl_cow_pregnancy`
--

CREATE TABLE `tbl_cow_pregnancy` (
  `id` int(11) NOT NULL,
  `cow_details_id` int(11) NOT NULL,
  `semens_push_date` int(11) NOT NULL,
  `pregnancy_start_date` varchar(10) COLLATE utf8_bin NOT NULL DEFAULT '0000-00-00',
  `approximate_delivery_date` varchar(10) COLLATE utf8_bin NOT NULL DEFAULT '0000-00-00',
  `is_success` int(11) NOT NULL DEFAULT 0 COMMENT '0 = not, 1 = yes',
  `baby_cow_no` varchar(250) COLLATE utf8_bin DEFAULT NULL,
  `notes` text COLLATE utf8_bin NOT NULL,
  `insert_by` int(11) NOT NULL,
  `insert_time` varchar(20) COLLATE utf8_bin NOT NULL DEFAULT '0000-00-00 00:00',
  `last_update` varchar(20) COLLATE utf8_bin NOT NULL DEFAULT '0000-00-00 00:00'
) ENGINE=InnoDB DEFAULT CHARSET=utf8 COLLATE=utf8_bin;

--
-- Dumping data for table `tbl_cow_pregnancy`
--

INSERT INTO `tbl_cow_pregnancy` (`id`, `cow_details_id`, `semens_push_date`, `pregnancy_start_date`, `approximate_delivery_date`, `is_success`, `baby_cow_no`, `notes`, `insert_by`, `insert_time`, `last_update`) VALUES
(1, 10, 2021, '2021-04-07', '2022-03-02', 1, '1100', 'ok', 1, '2021-04-07 13:57', '0000-00-00 00:00'),
(2, 8, 2021, '2021-04-07', '2021-07-07', 1, '', '', 1, '2021-04-07 14:44', '0000-00-00 00:00'),
(3, 7, 2021, '2021-04-14', '2021-04-29', 1, '', '', 1, '2021-04-07 14:44', '0000-00-00 00:00'),
(4, 6, 2021, '2021-04-08', '2021-04-22', 1, '', '', 1, '2021-04-07 14:45', '0000-00-00 00:00'),
(5, 5, 2021, '2021-04-30', '2021-04-30', 1, '', '', 1, '2021-04-07 14:45', '0000-00-00 00:00'),
(6, 5, 2021, '2021-04-21', '2021-04-21', 1, '', '', 1, '2021-04-07 14:45', '0000-00-00 00:00'),
(7, 4, 2021, '2021-04-21', '2021-04-21', 1, '1105', 'ok99', 1, '2021-04-07 14:45', '1'),
(8, 3, 2021, '2021-04-29', '2021-04-27', 1, '', '', 1, '2021-04-07 14:45', '0000-00-00 00:00'),
(9, 1, 2021, '2021-04-30', '2021-04-20', 1, '', '', 1, '2021-04-07 14:46', '0000-00-00 00:00'),
(10, 2, 2021, '2021-04-29', '2021-04-21', 1, '', '', 1, '2021-04-07 14:46', '0000-00-00 00:00'),
(11, 1, 2021, '2021-04-29', '2021-04-28', 1, '', '', 1, '2021-04-07 14:46', '0000-00-00 00:00'),
(12, 3, 2021, '2021-04-28', '2021-04-28', 1, '', '', 1, '2021-04-07 14:46', '0000-00-00 00:00'),
(13, 8, 2021, '2021-04-28', '2021-04-27', 1, '', '', 1, '2021-04-07 14:46', '0000-00-00 00:00'),
(14, 9, 2021, '2021-04-07', '2021-04-15', 1, '1106', 'ok99', 1, '2021-04-07 14:47', '1');

-- --------------------------------------------------------

--
-- Table structure for table `tbl_cow_type`
--

CREATE TABLE `tbl_cow_type` (
  `id` int(11) NOT NULL,
  `name` text COLLATE utf8_bin NOT NULL,
  `insert_by` int(11) NOT NULL,
  `insert_time` varchar(20) COLLATE utf8_bin NOT NULL DEFAULT '0000-00-00 00:00'
) ENGINE=InnoDB DEFAULT CHARSET=utf8 COLLATE=utf8_bin;

--
-- Dumping data for table `tbl_cow_type`
--

INSERT INTO `tbl_cow_type` (`id`, `name`, `insert_by`, `insert_time`) VALUES
(1, 'holestin', 1, '2021-04-06 15:05'),
(2, 'deshi', 1, '2021-04-06 15:05'),
(3, 'shahiwal', 1, '2021-04-07 10:29'),
(4, 'cross', 1, '2021-04-07 10:29'),
(5, 'friesian', 1, '2021-04-07 10:30'),
(6, 'brahmah', 1, '2021-04-07 10:52');

-- --------------------------------------------------------

--
-- Table structure for table `tbl_cow_vaccine`
--

CREATE TABLE `tbl_cow_vaccine` (
  `id` int(11) NOT NULL,
  `cow_details_id` int(11) NOT NULL,
  `vaccine_id` int(11) NOT NULL,
  `push_date` varchar(10) COLLATE utf8_bin NOT NULL DEFAULT '0000-00-00',
  `next_push_date` varchar(10) COLLATE utf8_bin NOT NULL DEFAULT '0000-00-00',
  `notes` text COLLATE utf8_bin DEFAULT NULL,
  `insert_by` int(11) NOT NULL,
  `insert_time` varchar(20) COLLATE utf8_bin NOT NULL DEFAULT '0000-00-00 00:00'
) ENGINE=InnoDB DEFAULT CHARSET=utf8 COLLATE=utf8_bin;

--
-- Dumping data for table `tbl_cow_vaccine`
--

INSERT INTO `tbl_cow_vaccine` (`id`, `cow_details_id`, `vaccine_id`, `push_date`, `next_push_date`, `notes`, `insert_by`, `insert_time`) VALUES
(1, 9, 3, '2021-03-01', '2021-04-30', 'xhfjfj', 1, '2021-03-29 17:36'),
(5, 10, 5, '2021-04-07', '2021-05-07', 'ok', 1, '2021-04-07 14:51'),
(6, 9, 5, '2021-04-07', '2021-05-07', 'ok', 1, '2021-04-07 14:51'),
(7, 8, 5, '2021-04-07', '2021-05-07', 'ok', 1, '2021-04-07 14:51'),
(8, 7, 5, '2021-04-07', '2021-05-07', 'ok', 1, '2021-04-07 14:51'),
(9, 6, 5, '2021-04-07', '2021-05-07', 'ok', 1, '2021-04-07 14:51'),
(10, 5, 5, '2021-04-07', '2021-05-07', 'ok', 1, '2021-04-07 14:51'),
(11, 4, 5, '2021-04-07', '2021-05-07', 'ok', 1, '2021-04-07 14:51'),
(12, 3, 5, '2021-04-07', '2021-05-07', 'ok', 1, '2021-04-07 14:51'),
(13, 2, 5, '2021-04-07', '2021-05-07', 'ok', 1, '2021-04-07 14:51'),
(14, 1, 5, '2021-04-07', '2021-05-07', 'ok', 1, '2021-04-07 14:51'),
(17, 10, 2, '2021-04-08', '2021-04-08', 'ok99', 1, '2021-04-08 12:52'),
(19, 10, 2, '2021-04-08', '2021-04-08', 'ok', 1, '2021-04-08 12:53'),
(20, 10, 2, '2021-04-01', '2021-04-08', 'ok99', 1, '2021-04-08 12:54'),
(21, 10, 2, '2021-04-08', '2021-04-08', 'hdghsa', 1, '2021-04-08 12:58'),
(22, 10, 2, '2021-04-08', '2021-04-08', 'adfasd', 1, '2021-04-08 12:58'),
(23, 10, 2, '2021-04-08', '2021-04-22', 'rty', 1, '2021-04-08 13:00'),
(25, 10, 2, '2021-04-10', '2021-04-01', 'ok', 1, '2021-04-10 14:05'),
(26, 10, 2, '2021-04-10', '2021-04-11', 'ok', 1, '2021-04-10 14:07'),
(27, 10, 2, '2021-04-01', '2021-04-29', 'ok99', 1, '2021-04-10 14:08'),
(28, 10, 5, '2021-04-10', '2021-04-27', 'ck', 1, '2021-04-10 14:12'),
(30, 10, 2, '2021-04-11', '2021-04-15', 'ok', 1, '2021-04-11 13:00'),
(31, 13, 7, '2021-04-01', '2021-07-01', 'ok', 1, '2021-04-11 14:41');

-- --------------------------------------------------------

--
-- Table structure for table `tbl_divission`
--

CREATE TABLE `tbl_divission` (
  `id` int(11) NOT NULL,
  `name` varchar(255) NOT NULL
) ENGINE=InnoDB DEFAULT CHARSET=utf8;

--
-- Dumping data for table `tbl_divission`
--

INSERT INTO `tbl_divission` (`id`, `name`) VALUES
(1, 'ঢাকা'),
(2, 'রাজশাহী'),
(3, 'চট্টগ্রাম'),
(4, 'সিলেট'),
(5, 'খুলনা'),
(6, 'বরিশাল'),
(7, 'রংপুর'),
(8, 'ময়মনসিংহ');

-- --------------------------------------------------------

--
-- Table structure for table `tbl_employee`
--

CREATE TABLE `tbl_employee` (
  `id` int(11) NOT NULL,
  `name` text COLLATE utf8_bin NOT NULL,
  `phone_number` varchar(20) COLLATE utf8_bin NOT NULL,
  `password` text COLLATE utf8_bin DEFAULT NULL,
  `position` text COLLATE utf8_bin DEFAULT NULL,
  `join_date` varchar(10) COLLATE utf8_bin NOT NULL DEFAULT '0000-00-00',
  `expire_date` varchar(10) COLLATE utf8_bin NOT NULL DEFAULT '0000-00-00',
  `photo` text COLLATE utf8_bin DEFAULT NULL,
  `active` int(11) NOT NULL DEFAULT 1 COMMENT '1 = yes, 0 = not',
  `priority` int(11) NOT NULL DEFAULT 1 COMMENT 'min will top',
  `insert_by` int(11) NOT NULL,
  `insert_time` varchar(20) COLLATE utf8_bin NOT NULL DEFAULT '0000-00-00 00:00'
) ENGINE=InnoDB DEFAULT CHARSET=utf8 COLLATE=utf8_bin;

--
-- Dumping data for table `tbl_employee`
--

INSERT INTO `tbl_employee` (`id`, `name`, `phone_number`, `password`, `position`, `join_date`, `expire_date`, `photo`, `active`, `priority`, `insert_by`, `insert_time`) VALUES
(1, 'a', '01846951141', 'da39a3ee5e6b4b0d3255bfef95601890afd80709', 'e', '2021-04-06', '2021-04-12', 'assets/employeePhoto/photoddc_20210406150502.jpg', 1, 0, 1, '2021-04-07 11:22:36');

-- --------------------------------------------------------

--
-- Table structure for table `tbl_mail_send_setting`
--

CREATE TABLE `tbl_mail_send_setting` (
  `id` int(11) NOT NULL,
  `setting_name` text COLLATE utf8_unicode_ci NOT NULL,
  `value` text COLLATE utf8_unicode_ci NOT NULL
) ENGINE=MyISAM DEFAULT CHARSET=utf8 COLLATE=utf8_unicode_ci;

--
-- Dumping data for table `tbl_mail_send_setting`
--

INSERT INTO `tbl_mail_send_setting` (`id`, `setting_name`, `value`) VALUES
(1, 'protocol', 'smtp'),
(2, 'smtp_host', 'ssl://dallas117.mysitehosted.com'),
(3, 'smtp_port', '465'),
(4, 'smtp_user', 'info@raselent.com'),
(5, 'smtp_pass', 'rasel@2019'),
(6, 'mailtype', 'text'),
(7, 'charset', 'iso-8859-1'),
(8, 'wordwrap', 'TRUE');

-- --------------------------------------------------------

--
-- Table structure for table `tbl_project`
--

CREATE TABLE `tbl_project` (
  `id` int(11) NOT NULL,
  `name` text COLLATE utf8_bin NOT NULL,
  `address` text COLLATE utf8_bin DEFAULT NULL,
  `remark` text COLLATE utf8_bin DEFAULT NULL,
  `project_start_date` varchar(10) COLLATE utf8_bin NOT NULL DEFAULT '0000-00-00',
  `insert_time` timestamp NOT NULL DEFAULT current_timestamp(),
  `insert_by` int(11) NOT NULL
) ENGINE=InnoDB DEFAULT CHARSET=utf8 COLLATE=utf8_bin;

--
-- Dumping data for table `tbl_project`
--

INSERT INTO `tbl_project` (`id`, `name`, `address`, `remark`, `project_start_date`, `insert_time`, `insert_by`) VALUES
(13, 'Koroa Notun Bazar Road', 'Jhinygati.Sherpur', '27/01/2019', '2018-11-13', '2019-01-16 17:08:49', 3),
(14, 'Shekh Rehana Junior Secondary School ', 'Madargonj Jamalpur.', '', '2019-01-01', '2019-01-16 20:29:59', 3),
(16, 'Kakorkandi Nayabil Bazar Road', 'Nalitabari.Sherpur', '', '2017-02-25', '2019-01-30 04:20:20', 3),
(18, ' Panchgaon-sagordighi Road', 'Nalitabari.Sherpur', '25-04-2019', '2017-02-25', '2019-01-31 04:12:15', 3),
(19, 'Shohagpur GPS Bidhabapalli Road', 'Nalitabari.Sherpur', NULL, '2017-02-25', '2019-01-31 04:16:29', 3),
(20, 'Nayabil Bazar-Baromari GC  Manupara road ', 'Nalitabaria.Sherpur', '03/07/2019', '2017-03-31', '2019-01-31 04:20:31', 3);

-- --------------------------------------------------------

--
-- Table structure for table `tbl_salary`
--

CREATE TABLE `tbl_salary` (
  `id` int(11) NOT NULL,
  `employee_id` int(11) NOT NULL,
  `day` varchar(250) COLLATE utf8_unicode_ci NOT NULL DEFAULT '0' COMMENT '1,2,31, 1-31',
  `month` int(11) NOT NULL,
  `year` int(11) NOT NULL,
  `amount` double NOT NULL DEFAULT 0,
  `notes` text COLLATE utf8_unicode_ci DEFAULT NULL,
  `insert_by` int(11) NOT NULL,
  `insert_time` varchar(20) COLLATE utf8_unicode_ci NOT NULL DEFAULT '0000-00-00 00:00'
) ENGINE=InnoDB DEFAULT CHARSET=utf8 COLLATE=utf8_unicode_ci;

--
-- Dumping data for table `tbl_salary`
--

INSERT INTO `tbl_salary` (`id`, `employee_id`, `day`, `month`, `year`, `amount`, `notes`, `insert_by`, `insert_time`) VALUES
(1, 1, '', 1, 2021, 20, 'ok', 1, '2021-04-18 14:55');

-- --------------------------------------------------------

--
-- Table structure for table `tbl_serialgenerate`
--

CREATE TABLE `tbl_serialgenerate` (
  `id` int(11) NOT NULL,
  `project_id` int(11) NOT NULL,
  `date` varchar(10) COLLATE utf8_unicode_ci NOT NULL DEFAULT '0000-00-00'
) ENGINE=MyISAM DEFAULT CHARSET=utf8 COLLATE=utf8_unicode_ci;

--
-- Dumping data for table `tbl_serialgenerate`
--

INSERT INTO `tbl_serialgenerate` (`id`, `project_id`, `date`) VALUES
(1, 15, '2019-01-23'),
(2, 15, '2019-01-19'),
(4, 15, '2019-01-27'),
(5, 13, '2018-11-13'),
(6, 13, '2018-11-15'),
(7, 13, '2018-11-18'),
(8, 13, '2018-11-18'),
(9, 13, '2018-11-21'),
(10, 13, '2018-11-22'),
(11, 13, '2018-11-23'),
(12, 13, '2018-11-24'),
(13, 13, '2018-11-25'),
(14, 13, '2018-11-26'),
(15, 13, '2018-11-30'),
(16, 13, '2018-12-04'),
(17, 13, '2018-12-05'),
(18, 13, '2018-12-07'),
(19, 13, '2018-12-08'),
(20, 13, '2018-12-10'),
(21, 13, '2018-12-11'),
(22, 13, '2018-12-12'),
(23, 13, '2018-12-13'),
(24, 13, '2018-12-14'),
(25, 13, '2018-12-15'),
(26, 13, '2018-12-17'),
(27, 13, '2018-12-18'),
(28, 13, '2018-12-20'),
(29, 13, '2018-12-23'),
(30, 13, '2018-12-24'),
(31, 13, '2018-12-25'),
(32, 13, '2018-12-26'),
(33, 13, '2018-12-27'),
(34, 13, '2018-12-28'),
(35, 13, '2018-12-31'),
(36, 13, '2019-01-02'),
(37, 13, '2019-01-03'),
(38, 13, '2019-01-04'),
(39, 13, '2019-01-13'),
(40, 13, '2019-01-25'),
(45, 13, '2019-01-27'),
(47, 15, '2019-01-28'),
(48, 13, '2019-01-28'),
(49, 13, '2019-01-29'),
(50, 16, '2017-02-02'),
(51, 16, '2017-02-25'),
(52, 16, '2017-02-27'),
(53, 16, '2017-03-01'),
(54, 16, '2017-03-02'),
(55, 16, '2017-03-20'),
(56, 16, '2019-01-31'),
(57, 16, '2018-01-07'),
(58, 16, '2018-01-10'),
(59, 16, '2018-01-11'),
(60, 16, '2018-01-12'),
(61, 16, '2018-02-04'),
(62, 16, '2018-02-08'),
(63, 16, '2018-02-09'),
(64, 16, '2018-02-10'),
(65, 16, '2018-02-11'),
(66, 16, '2018-02-12'),
(67, 16, '2018-02-13'),
(68, 16, '2018-02-14'),
(69, 16, '2018-02-18'),
(70, 16, '2018-03-01'),
(71, 16, '2018-03-02'),
(72, 16, '2018-03-03'),
(73, 16, '2018-03-24'),
(74, 16, '2018-03-25'),
(75, 16, '2018-05-05'),
(76, 16, '2018-05-14'),
(77, 16, '2018-05-16'),
(78, 16, '2018-05-17'),
(79, 16, '2018-05-18'),
(80, 16, '2018-05-19'),
(81, 16, '2018-05-20'),
(82, 16, '2017-05-21'),
(83, 16, '2018-05-22'),
(84, 16, '2018-05-23'),
(85, 16, '2018-05-24'),
(86, 16, '2018-05-25'),
(87, 16, '2018-05-26'),
(88, 16, '2018-05-27'),
(89, 16, '2018-05-28'),
(90, 16, '2018-05-29'),
(91, 16, '2018-05-31'),
(92, 16, '2018-06-01'),
(93, 16, '2018-06-03'),
(94, 16, '2018-06-04'),
(95, 16, '2018-06-05'),
(96, 16, '2018-06-06'),
(97, 16, '2018-06-07'),
(98, 16, '2018-06-08'),
(99, 16, '2018-06-09'),
(100, 16, '2018-06-30'),
(101, 16, '2018-06-11'),
(102, 16, '2018-06-12'),
(103, 16, '2018-06-13'),
(104, 16, '2018-06-14'),
(105, 16, '2018-06-20'),
(106, 16, '2018-06-21'),
(107, 16, '2018-06-22'),
(108, 16, '2018-06-25'),
(109, 16, '2018-06-28'),
(110, 16, '2018-06-26'),
(111, 18, '2017-02-25'),
(112, 18, '2017-03-13'),
(113, 18, '2017-02-06'),
(114, 18, '2017-03-14'),
(115, 16, '2018-06-27'),
(116, 18, '2017-11-20'),
(117, 18, '2017-12-08'),
(118, 16, '2018-07-01'),
(119, 16, '2018-07-02'),
(120, 16, '2018-07-03'),
(121, 16, '2018-07-07'),
(122, 16, '2018-07-08'),
(123, 18, '2017-12-09'),
(124, 16, '2018-07-09'),
(125, 16, '2018-07-10'),
(126, 16, '2018-07-19'),
(127, 16, '2018-07-21'),
(128, 16, '2018-07-22'),
(129, 16, '2018-07-23'),
(130, 16, '2018-07-24'),
(131, 16, '2018-08-20'),
(132, 16, '2018-08-22'),
(133, 16, '2018-09-11'),
(134, 16, '2018-09-12'),
(135, 16, '2019-09-13'),
(136, 16, '2018-11-15'),
(137, 16, '2019-01-29'),
(138, 18, '2017-12-12'),
(139, 18, '2017-12-13'),
(140, 18, '2017-12-14'),
(141, 18, '2017-12-15'),
(142, 18, '2017-12-17'),
(143, 18, '2017-12-18'),
(144, 18, '2017-12-24'),
(145, 18, '2017-12-25'),
(146, 18, '2018-01-12'),
(147, 18, '2018-01-16'),
(148, 18, '2018-01-26'),
(149, 18, '2018-01-29'),
(150, 18, '2018-01-30'),
(151, 18, '2018-01-31'),
(152, 18, '2018-02-01'),
(153, 18, '2018-02-03'),
(154, 18, '2018-02-04'),
(155, 18, '2018-02-05'),
(156, 18, '2018-02-06'),
(157, 18, '2018-02-07'),
(158, 18, '2018-02-08'),
(159, 18, '2018-02-09'),
(160, 18, '2018-02-11'),
(161, 18, '2018-02-16'),
(162, 18, '2018-02-17'),
(163, 18, '2018-02-20'),
(164, 18, '2018-02-23'),
(165, 18, '2018-02-24'),
(166, 18, '2018-02-25'),
(167, 18, '2018-02-26'),
(168, 18, '2018-03-04'),
(169, 18, '2018-03-05'),
(170, 18, '2018-03-07'),
(171, 18, '2018-03-08'),
(172, 18, '2018-03-12'),
(173, 18, '2018-03-24'),
(174, 18, '2018-03-25'),
(175, 18, '2018-04-05'),
(176, 18, '2018-04-17'),
(177, 18, '2018-04-19'),
(178, 18, '2018-04-20'),
(179, 18, '2018-04-25'),
(180, 18, '2018-04-30'),
(181, 18, '2018-05-09'),
(182, 18, '2018-05-30'),
(183, 18, '2019-02-01'),
(184, 18, '2019-02-02'),
(185, 20, '2017-03-31'),
(186, 20, '2017-04-10'),
(187, 20, '2017-04-13'),
(188, 20, '2017-05-08'),
(189, 20, '2017-10-26'),
(190, 20, '2017-11-02'),
(191, 20, '2017-11-05'),
(192, 20, '2017-11-06'),
(193, 20, '2017-11-07'),
(194, 20, '2017-11-08'),
(195, 20, '2017-11-09'),
(196, 20, '2017-11-10'),
(197, 20, '2017-11-11'),
(198, 20, '2017-11-13'),
(199, 20, '2017-11-14'),
(200, 20, '2017-11-15'),
(201, 20, '2017-11-17'),
(202, 20, '2017-11-18'),
(203, 18, '2019-02-03'),
(204, 18, '2019-02-04'),
(205, 18, '2019-02-05'),
(206, 18, '2019-02-06'),
(207, 18, '2019-02-08'),
(208, 20, '2017-11-19'),
(209, 20, '2017-11-20'),
(210, 20, '2019-02-09'),
(211, 20, '2017-11-21'),
(212, 20, '2017-12-03'),
(213, 20, '2017-12-04'),
(214, 20, '2017-12-05'),
(215, 20, '2017-12-12'),
(216, 20, '2017-12-13'),
(217, 20, '2017-12-14'),
(218, 20, '2017-12-26'),
(219, 20, '2017-12-28'),
(220, 20, '2017-12-29'),
(221, 20, '2017-12-30'),
(222, 20, '2017-12-31'),
(223, 20, '2018-01-01'),
(224, 20, '2018-01-02'),
(225, 20, '2018-01-03'),
(226, 20, '2018-01-04'),
(227, 20, '2018-01-05'),
(228, 20, '2018-01-06'),
(229, 20, '2018-01-07'),
(230, 20, '2018-01-08'),
(231, 20, '2018-01-09'),
(232, 20, '2018-01-10'),
(233, 20, '2018-01-11'),
(234, 20, '2018-01-13'),
(235, 20, '2018-01-15'),
(236, 20, '2018-01-17'),
(237, 20, '2018-01-20'),
(238, 20, '2018-01-21'),
(239, 20, '2018-02-01'),
(240, 20, '2018-02-06'),
(241, 20, '2018-02-07'),
(242, 20, '2018-02-08'),
(243, 20, '2018-02-11'),
(244, 20, '2018-04-25'),
(245, 18, '2019-02-09'),
(246, 18, '2019-02-10'),
(247, 18, '2019-02-11'),
(248, 18, '2019-02-12'),
(249, 20, '2019-02-12'),
(250, 20, '2019-02-13'),
(251, 20, '2019-02-14'),
(252, 20, '2019-02-15'),
(253, 20, '2019-02-16'),
(254, 20, '2019-02-17'),
(255, 18, '2019-02-17'),
(256, 20, '2019-02-18'),
(257, 18, '2019-02-18'),
(258, 18, '2019-02-19'),
(259, 20, '2019-02-19'),
(260, 18, '2019-02-20'),
(261, 20, '2019-02-20'),
(262, 19, '2017-02-25'),
(263, 19, '2017-02-27'),
(264, 19, '2017-02-28'),
(265, 19, '2017-03-02'),
(266, 19, '2017-03-20'),
(267, 19, '2017-03-22'),
(268, 19, '2019-02-21'),
(269, 19, '2017-03-24'),
(270, 19, '2017-03-26'),
(271, 19, '2017-03-27'),
(272, 19, '2017-03-30'),
(273, 20, '2019-02-21'),
(274, 16, '2019-02-21'),
(275, 19, '2017-04-01'),
(276, 19, '2017-04-05'),
(277, 19, '2017-04-07'),
(278, 19, '2017-04-09'),
(279, 20, '2019-02-22'),
(280, 20, '2019-02-23'),
(281, 20, '2019-02-24'),
(282, 20, '2019-02-25'),
(283, 20, '2019-02-26'),
(284, 18, '2019-02-23'),
(285, 20, '2019-02-27'),
(286, 18, '2019-02-27'),
(287, 18, '2019-02-28'),
(288, 18, '2019-03-02'),
(289, 18, '2019-03-03'),
(290, 16, '2019-03-08'),
(291, 18, '2019-03-11'),
(292, 18, '2019-03-12'),
(293, 18, '2019-03-13'),
(294, 18, '2019-03-15'),
(295, 18, '2019-03-16'),
(296, 18, '2019-03-18'),
(297, 18, '2019-03-20'),
(298, 18, '2019-03-22'),
(299, 18, '2019-03-27'),
(300, 18, '2019-03-28'),
(301, 18, '2019-03-29'),
(302, 18, '2019-03-30'),
(303, 18, '2019-04-01'),
(304, 18, '2019-04-02'),
(305, 18, '2019-04-03'),
(306, 18, '2019-04-06'),
(307, 18, '2019-04-07'),
(308, 18, '2019-04-10'),
(309, 18, '2019-04-24'),
(310, 18, '2019-04-25'),
(311, 20, '2019-03-01'),
(312, 20, '2019-03-02'),
(313, 20, '2019-03-03'),
(314, 20, '2019-03-04'),
(315, 20, '2019-03-05'),
(316, 20, '2019-03-06'),
(317, 20, '2019-03-07'),
(318, 20, '2019-03-14'),
(319, 20, '2019-03-17'),
(320, 20, '2019-04-03'),
(321, 20, '2019-04-09'),
(322, 20, '2019-04-10'),
(323, 20, '2019-04-24'),
(324, 20, '2019-04-27'),
(325, 20, '2019-05-07'),
(326, 20, '2019-05-08'),
(327, 20, '2019-05-09'),
(328, 20, '2019-05-11'),
(329, 20, '2019-05-14'),
(330, 20, '2019-05-16'),
(331, 20, '2019-05-17'),
(332, 20, '2019-05-19'),
(333, 20, '2019-05-20'),
(334, 20, '2019-05-29'),
(335, 20, '2019-06-04'),
(336, 20, '2019-06-20'),
(337, 20, '2019-06-21'),
(338, 20, '2019-06-22'),
(339, 20, '2019-06-23'),
(340, 20, '2019-06-24'),
(341, 20, '2019-06-25'),
(342, 20, '2019-06-26'),
(343, 20, '2019-06-27'),
(344, 20, '2019-06-29'),
(345, 20, '2019-06-30'),
(346, 20, '2019-07-01'),
(347, 20, '2019-07-03'),
(348, 20, '2019-07-23');

-- --------------------------------------------------------

--
-- Table structure for table `tbl_upozilla`
--

CREATE TABLE `tbl_upozilla` (
  `id` int(11) NOT NULL,
  `division_id` int(11) NOT NULL,
  `zilla_id` int(11) NOT NULL,
  `name` varchar(255) NOT NULL
) ENGINE=InnoDB DEFAULT CHARSET=utf8;

--
-- Dumping data for table `tbl_upozilla`
--

INSERT INTO `tbl_upozilla` (`id`, `division_id`, `zilla_id`, `name`) VALUES
(1, 1, 1, 'সাভার'),
(2, 1, 1, 'ধামরাই'),
(3, 1, 1, 'কেরাণীগঞ্জ'),
(4, 1, 1, 'নবাবগঞ্জ'),
(5, 1, 1, 'দোহার'),
(6, 1, 1, 'তেজগাঁও উন্নয়ন সার্কেল'),
(7, 1, 2, 'কালীগঞ্জ'),
(8, 1, 2, 'কালিয়াকৈর'),
(9, 1, 2, 'কাপাসিয়া'),
(10, 1, 2, 'গাজীপুর সদর'),
(11, 1, 2, 'শ্রীপুর'),
(12, 1, 3, 'বাসাইল'),
(13, 1, 3, 'ভুয়াপুর'),
(14, 1, 3, 'ঘাটাইল'),
(15, 1, 3, 'দেলদুয়ার'),
(16, 1, 3, 'গোপালপুর'),
(17, 1, 3, 'মধুপুর'),
(18, 1, 3, 'মির্জাপুর'),
(19, 1, 3, 'নাগরপুর'),
(20, 1, 3, 'সখিপুর'),
(21, 1, 3, 'টাঙ্গাইল সদর'),
(22, 1, 3, 'কালিহাতী'),
(23, 1, 3, 'ধনবাড়ি'),
(24, 1, 4, 'আড়াইহাজার'),
(25, 1, 4, 'বন্দর'),
(26, 1, 4, 'নারায়ণগঞ্জ সদর'),
(27, 1, 4, 'রূপগঞ্জ'),
(28, 1, 4, 'সোনারগাঁ'),
(29, 1, 5, 'ইটনা'),
(30, 1, 5, 'কটিয়াদি'),
(31, 1, 5, 'ভৈরব'),
(32, 1, 5, 'হোসেনপুর'),
(33, 1, 5, 'তাড়াইল'),
(34, 1, 5, 'পাকুন্দিয়া'),
(35, 1, 5, 'কুলিয়ারচর'),
(36, 1, 5, 'কিশোরগঞ্জ সদর'),
(37, 1, 5, 'করিমগঞ্জ'),
(38, 1, 5, 'বাজিতপুর'),
(39, 1, 5, 'অষ্টগ্রাম'),
(40, 1, 5, 'মিঠামইন'),
(41, 1, 5, 'নিকলী'),
(42, 1, 6, 'বেলাবো'),
(43, 1, 6, 'মনোহরদী'),
(44, 1, 6, 'নরসিংদী সদর'),
(45, 1, 6, 'পলাশ'),
(46, 1, 6, 'রায়পুরা'),
(47, 1, 6, 'শিবপুর'),
(48, 1, 7, 'রাজবাড়ী সদর'),
(49, 1, 7, 'গোয়ালন্দ'),
(50, 1, 7, 'পাংশা'),
(51, 1, 7, 'বালিয়াকান্দি'),
(52, 1, 7, 'কালুখালী'),
(53, 1, 8, 'ফরিদপুর সদর'),
(54, 1, 8, 'আলফাডাঙ্গা'),
(55, 1, 8, 'বোয়ালমারী'),
(56, 1, 8, 'সদরপুর'),
(57, 1, 8, 'নগরকান্দা'),
(58, 1, 8, 'ভাঙ্গা'),
(59, 1, 8, 'চরভদ্রাসন'),
(60, 1, 8, 'মধুখালী'),
(61, 1, 8, 'সালথা'),
(62, 1, 9, 'মাদারীপুর সদর'),
(63, 1, 9, 'শিবচর'),
(64, 1, 9, 'কালকিনি'),
(65, 1, 9, 'রাজৈর'),
(66, 1, 10, 'গোপালগঞ্জ সদর'),
(67, 1, 10, 'কাশিয়ানী'),
(68, 1, 10, 'টুংগীপাড়া'),
(69, 1, 10, 'কোটালীপাড়া'),
(70, 1, 10, 'মুকসুদপুর'),
(71, 1, 11, 'মুন্সিগঞ্জ সদর'),
(72, 1, 11, 'শ্রীনগর'),
(73, 1, 11, 'সিরাজদিখান'),
(74, 1, 11, 'লৌহজং '),
(75, 1, 11, 'গজারিয়া'),
(76, 1, 11, 'টংগিবাড়ী'),
(77, 1, 12, 'হরিরামপুর'),
(78, 1, 12, 'সাটুরিয়া'),
(79, 1, 12, 'মানিকগঞ্জ সদর'),
(80, 1, 12, 'ঘিওর'),
(81, 1, 12, 'শিবালয়'),
(82, 1, 12, 'দৌলতপুর'),
(83, 1, 12, 'সিংগাইর'),
(84, 1, 13, 'শরিয়তপুর সদর'),
(85, 1, 13, 'নড়িয়া'),
(86, 1, 13, 'জাজিরা'),
(87, 1, 13, 'গোসাইরহাট'),
(88, 1, 13, 'ভেদরগঞ্জ'),
(89, 1, 13, 'ডামুড্যা'),
(90, 2, 14, 'পবা'),
(91, 2, 14, 'দুর্গাপুর'),
(92, 2, 14, 'মোহনপুর'),
(93, 2, 14, 'চারঘাট'),
(94, 2, 14, 'পুঠিয়া'),
(95, 2, 14, 'বাঘা'),
(96, 2, 14, 'গোদাগাড়ী'),
(97, 2, 14, 'তানোর'),
(98, 2, 14, 'বাঘমারা'),
(99, 2, 15, 'বেলকুচি'),
(100, 2, 15, 'চৌহালি'),
(101, 2, 15, 'কামারখন্দ'),
(102, 2, 15, 'কাজীপুর'),
(103, 2, 15, 'রায়গঞ্জ'),
(104, 2, 15, 'শাহজাদপুর'),
(105, 2, 15, 'সিরাজগঞ্জ সদর'),
(106, 2, 15, 'তাড়াশ'),
(107, 2, 15, 'উল্লাপাড়া'),
(108, 2, 16, 'সুজানগর'),
(109, 2, 16, 'ঈশ্বরদী'),
(110, 2, 16, 'ভাঙ্গুরা'),
(111, 2, 16, 'পাবনা সদর'),
(112, 2, 16, 'বেড়া'),
(113, 2, 16, 'আটঘরিয়া'),
(114, 2, 16, 'চাটমোহর'),
(115, 2, 16, 'সাঁথিয়া'),
(116, 2, 16, 'ফরিদপুর'),
(117, 2, 17, 'কাহালু'),
(118, 2, 17, 'বগুড়া সদর'),
(119, 2, 17, 'সারিয়াকান্দি'),
(120, 2, 17, 'শাজাহানপুর'),
(121, 2, 17, 'দুপচাঁচিয়া'),
(122, 2, 17, 'আদমদিঘি'),
(123, 2, 17, 'নন্দিগ্রাম'),
(124, 2, 17, 'সোনাতলা'),
(125, 2, 17, 'ধুনট'),
(126, 2, 17, 'গাবতলী'),
(127, 2, 17, 'শেরপুর'),
(128, 2, 17, 'শিবগঞ্জ'),
(129, 2, 18, 'চাঁপাইনবাবগঞ্জ সদর'),
(130, 2, 18, 'গোমস্তাপুর'),
(131, 2, 18, 'নাচোল'),
(132, 2, 18, 'ভোলাহাট'),
(133, 2, 18, 'শিবগঞ্জ'),
(134, 2, 19, 'আক্কেলপুর'),
(135, 2, 19, 'কালাই'),
(136, 2, 19, 'ক্ষেতলাল'),
(137, 2, 19, 'পাঁচবিবি'),
(138, 2, 19, 'জয়পুরহাট সদর'),
(139, 2, 20, 'মহাদেবপুর'),
(140, 2, 20, 'বদলগাছী'),
(141, 2, 20, 'পত্নিতলা'),
(142, 2, 20, 'ধামইরহাট'),
(143, 2, 20, 'নিয়ামতপুর'),
(144, 2, 20, 'মান্দা'),
(145, 2, 20, 'আত্রাই'),
(146, 2, 20, 'রাণীনগর'),
(147, 2, 20, 'নওগাঁ সদর'),
(148, 2, 20, 'সাপাহার'),
(149, 2, 20, 'পোরশা'),
(150, 2, 21, 'নাটোর সদর'),
(151, 2, 21, 'সিংড়া'),
(152, 2, 21, 'বড়াইগ্রাম'),
(153, 2, 21, 'বাগাতিপাড়া'),
(154, 2, 21, 'গুরুদাসপুর'),
(155, 2, 21, 'লালপুর'),
(156, 2, 21, 'নলডাঙ্গা'),
(157, 3, 22, 'রাঙ্গুনিয়া'),
(158, 3, 22, 'সীতাকুণ্ড'),
(159, 3, 22, 'মীরসরাই'),
(160, 3, 22, 'পটিয়া'),
(161, 3, 22, 'সন্দ্বীপ'),
(162, 3, 22, 'বাঁশখালী'),
(163, 3, 22, 'বোয়ালখালী'),
(164, 3, 22, 'আনোয়ারা'),
(165, 3, 22, 'সাতকানিয়া'),
(166, 3, 22, 'লোহাগাড়া'),
(167, 3, 22, 'হাটহাজারী'),
(168, 3, 22, 'ফটিকছড়ি'),
(169, 3, 22, 'রাঊজান'),
(170, 3, 22, 'চন্দনাইশ'),
(171, 3, 23, 'দেবিদ্বার'),
(172, 3, 23, 'বরুড়া'),
(173, 3, 23, 'ব্রাহ্মণপাড়া'),
(174, 3, 23, 'চান্দিনা'),
(175, 3, 23, 'চৌদ্দগ্রাম'),
(176, 3, 23, 'দাউদকান্দি'),
(177, 3, 23, 'হোমনা'),
(178, 3, 23, 'লাকসাম'),
(179, 3, 23, 'মুরাদনগর'),
(180, 3, 23, 'নাঙ্গলকোট'),
(181, 3, 23, 'কুমিল্লা সদর'),
(182, 3, 23, 'মেঘনা'),
(183, 3, 23, 'মনোহরগঞ্জ'),
(184, 3, 23, 'সদর দক্ষিণ'),
(185, 3, 23, 'তিতাস'),
(186, 3, 23, 'বুড়িচং'),
(187, 3, 24, 'ছাগলনাইয়া'),
(188, 3, 24, 'ফেনী সদর'),
(189, 3, 24, 'সোনাগাজী'),
(190, 3, 24, 'ফুলগাজী'),
(191, 3, 24, 'পরশুরাম'),
(192, 3, 24, 'দাগনভুঞা'),
(193, 3, 25, 'ব্রাহ্মণবাড়িয়া সদর'),
(194, 3, 25, 'কসবা'),
(195, 3, 25, 'নাসিরনগর'),
(196, 3, 25, 'সরাইল'),
(197, 3, 25, 'আশুগঞ্জ'),
(198, 3, 25, 'আখাউরা'),
(199, 3, 25, 'নবীনগর'),
(200, 3, 25, 'বাঞ্ছারামপুর'),
(201, 3, 25, 'বিজয়নগর'),
(202, 3, 26, 'রাঙ্গামাটি সদর'),
(203, 3, 26, 'কাপ্তাই'),
(204, 3, 26, 'কাউখালী'),
(205, 3, 26, 'বাঘাইছড়ি'),
(206, 3, 26, 'বরকল'),
(207, 3, 26, 'লংগদু'),
(208, 3, 26, 'রাজস্থলী'),
(209, 3, 26, 'বিলাইছড়ি'),
(210, 3, 26, 'জুরাছড়ি'),
(211, 3, 26, 'নানিয়ারচর'),
(212, 3, 27, 'হাইমচর'),
(213, 3, 27, 'কচুয়া'),
(214, 3, 27, 'শহরাস্তি'),
(215, 3, 27, 'চাঁদপুর সদর'),
(216, 3, 27, 'মতলব উত্তর'),
(217, 3, 27, 'ফরিদ্গঞ্জ'),
(218, 3, 27, 'মতলব দক্ষিণ'),
(219, 3, 27, 'হাজীগঞ্জ'),
(220, 3, 28, 'নোয়াখালী সদর'),
(221, 3, 28, 'কোম্পানীগঞ্জ'),
(222, 3, 28, 'বেগমগঞ্জ'),
(223, 3, 28, 'হাতিয়া'),
(224, 3, 28, 'সুবর্ণচর'),
(225, 3, 28, 'কবিরহাট'),
(226, 3, 28, 'সেনবাগ'),
(227, 3, 28, 'চাটখিল'),
(228, 3, 28, 'সোনাইমুড়ী'),
(229, 3, 29, 'লক্ষ্মীপুর সদর'),
(230, 3, 29, 'কমলনগর'),
(231, 3, 29, 'রায়পুর'),
(232, 3, 29, 'রামগতি'),
(233, 3, 29, 'রামগঞ্জ'),
(234, 3, 30, 'কক্সবাজার সদর'),
(235, 3, 30, 'চকরিয়া'),
(236, 3, 30, 'কুতুবদিয়া'),
(237, 3, 30, 'উখিয়া'),
(238, 3, 30, 'মহেশখালী'),
(239, 3, 30, 'পেকুয়া'),
(240, 3, 30, 'রামু'),
(241, 3, 30, 'টেকনাফ'),
(242, 3, 31, 'খাগড়াছড়ি সদর'),
(243, 3, 31, 'দিঘীনালা'),
(244, 3, 31, 'পানছড়ি'),
(245, 3, 31, 'লক্ষীছড়ি'),
(246, 3, 31, 'মহালছড়ি'),
(247, 3, 31, 'মানিকছড়ি'),
(248, 3, 31, 'রামগড়'),
(249, 3, 31, 'মাটিরাঙ্গা'),
(250, 3, 31, 'গুইমারা'),
(251, 3, 32, 'বান্দরবান সদর'),
(252, 3, 32, 'আলীকদম'),
(253, 3, 32, 'নাইক্ষ্যংছড়ি'),
(254, 3, 32, 'রোয়াংছড়ি'),
(255, 3, 32, 'লামা'),
(256, 3, 32, 'রুমা'),
(257, 3, 32, 'থানচি'),
(258, 4, 33, 'বালাগঞ্জ'),
(259, 4, 33, 'বিয়ানীবাজার'),
(260, 4, 33, 'বিশ্বনাথ'),
(261, 4, 33, 'কোম্পানীগঞ্জ'),
(262, 4, 33, 'ফেঞ্চুগঞ্জ'),
(263, 4, 33, 'গোলাপগঞ্জ'),
(264, 4, 33, 'গোয়াইনঘাট'),
(265, 4, 33, 'জৈন্তাপুর'),
(266, 4, 33, 'কানাইঘাট'),
(267, 4, 33, 'সিলেট সদর'),
(268, 4, 33, 'জকিগঞ্জ'),
(269, 4, 33, 'দক্ষিণ সুরমা'),
(270, 4, 33, 'ওসমানী নগর'),
(271, 4, 34, 'বড়লেখা'),
(272, 4, 34, 'কমলগঞ্জ'),
(273, 4, 34, 'কুলাউরা'),
(274, 4, 34, 'মৌলভীবাজার সদর '),
(275, 4, 34, 'রাজনগর'),
(276, 4, 34, 'শ্রীমঙ্গল'),
(277, 4, 34, 'জুড়ী'),
(278, 4, 35, 'নবীগঞ্জ'),
(279, 4, 35, 'বাহুবল'),
(280, 4, 35, 'আজমিরীগঞ্জ'),
(281, 4, 35, 'বানিয়াচং'),
(282, 4, 35, 'লাখাই'),
(283, 4, 35, 'চুনারুঘাট'),
(284, 4, 35, 'হবিগঞ্জ সদর'),
(285, 4, 35, 'মাধবপুর'),
(286, 4, 36, 'সুনামগঞ্জ সদর'),
(287, 4, 36, 'দক্ষিণ সুনামগঞ্জ'),
(288, 4, 36, 'বিশ্বম্ভরপুর'),
(289, 4, 36, 'ছাতক'),
(290, 4, 36, 'জগন্নাথপুর'),
(291, 4, 36, 'তাহিরপুর'),
(292, 4, 36, 'ধর্মপাশা'),
(293, 4, 36, 'জামালগঞ্জ'),
(294, 4, 36, 'শাল্লা'),
(295, 4, 36, 'দিরাই'),
(296, 4, 36, 'দোয়ারাবাজার'),
(297, 5, 37, 'পাইকগাছা'),
(298, 5, 37, 'ফুলতলা'),
(299, 5, 37, 'দিঘলিয়া'),
(300, 5, 37, 'রূপসা'),
(301, 5, 37, 'তেরখাদা'),
(302, 5, 37, 'ডুমুরিয়া'),
(303, 5, 37, 'বটিয়াঘাটা'),
(304, 5, 37, 'দাকোপ'),
(305, 5, 37, 'কয়রা'),
(306, 5, 38, 'মণিরামপুর'),
(307, 5, 38, 'অভয়নগর'),
(308, 5, 38, 'বাঘারপাড়া'),
(309, 5, 38, 'চৌগাছা'),
(310, 5, 38, 'ঝিকরগাছা'),
(311, 5, 38, 'কেশবপুর'),
(312, 5, 38, 'যশোর সদর'),
(313, 5, 38, 'শার্শা'),
(314, 5, 39, 'আশাশুনি'),
(315, 5, 39, 'দেবহাটা'),
(316, 5, 39, 'কলারোয়া'),
(317, 5, 39, 'সাতক্ষীরা সদর'),
(318, 5, 39, 'শ্যামনগর'),
(319, 5, 39, 'তালা'),
(320, 5, 39, 'কালিগঞ্জ'),
(321, 5, 40, 'মুজিবনগর'),
(322, 5, 40, 'মেহেরপুর সদর'),
(323, 5, 40, 'গাংনী'),
(324, 5, 41, 'নড়াইল সদর'),
(325, 5, 41, 'লোহাগড়া'),
(326, 5, 41, 'কালিয়া'),
(327, 5, 42, 'চুয়াডাঙ্গা সদর'),
(328, 5, 42, 'আলমডাঙ্গা'),
(329, 5, 42, 'দামুড়হুদা'),
(330, 5, 42, 'জীবননগর'),
(331, 5, 43, 'শালিখা'),
(332, 5, 43, 'শ্রীপুর'),
(333, 5, 43, 'মাগুরা সদর'),
(334, 5, 43, 'মহম্মদপুর'),
(335, 5, 44, 'ফকিরহাট'),
(336, 5, 44, 'বাগেরহাট সদর'),
(337, 5, 44, 'মোল্লাহাট'),
(338, 5, 44, 'শরণখোলা'),
(339, 5, 44, 'রামপাল'),
(340, 5, 44, 'মোড়েলগঞ্জ'),
(341, 5, 44, 'কচুয়া'),
(342, 5, 44, 'মোংলা'),
(343, 5, 44, 'চিতলমারী'),
(344, 5, 45, 'ঝিনাইদহ সদর'),
(345, 5, 45, 'শৈলকুপা'),
(346, 5, 45, 'হরিণাকুণ্ডু '),
(347, 5, 45, 'কালীগঞ্জ'),
(348, 5, 45, 'কোটচাঁদপুর'),
(349, 5, 45, 'মহেশপুর'),
(350, 5, 46, 'কুষ্টিয়া সদর'),
(351, 5, 46, 'কুমারখালী'),
(352, 5, 46, 'খোকসা'),
(353, 5, 46, 'মিরপুর'),
(354, 5, 46, 'দৌলতপুর'),
(355, 5, 46, 'ভেড়ামারা'),
(356, 6, 47, 'বরিশাল সদর'),
(357, 6, 47, 'বাকেরগঞ্জ'),
(358, 6, 47, 'বাবুগঞ্জ'),
(359, 6, 47, 'উজিরপুর'),
(360, 6, 47, 'বানারীপাড়া'),
(361, 6, 47, 'গৌরনদী'),
(362, 6, 47, 'আগৈলঝাড়া'),
(363, 6, 47, 'মেহেন্দিগঞ্জ'),
(364, 6, 47, 'মুলাদী'),
(365, 6, 47, 'হিজলা'),
(366, 6, 48, 'ঝালকাঠি সদর'),
(367, 6, 48, 'কাঠালিয়া'),
(368, 6, 48, 'নলছিটি'),
(369, 6, 48, 'রাজাপুর'),
(370, 6, 49, 'বাউফল'),
(371, 6, 49, 'পটুয়াখালী সদর'),
(372, 6, 49, 'দুমকি'),
(373, 6, 49, 'দশমিনা'),
(374, 6, 49, 'কলাপাড়া'),
(375, 6, 49, 'মির্জাগঞ্জ'),
(376, 6, 49, 'গলাচিপা'),
(377, 6, 49, 'রাঙ্গাবালী'),
(378, 6, 50, 'পিরোজপুর সদর'),
(379, 6, 50, 'নাজিরপুর'),
(380, 6, 50, 'কাউখালী'),
(381, 6, 50, 'জিয়ানগর'),
(382, 6, 50, 'ভান্ডারিয়া'),
(383, 6, 50, 'মঠবাড়ীয়া'),
(384, 6, 50, 'নেছারাবাদ'),
(385, 6, 51, 'ভোলা সদর'),
(386, 6, 51, 'বোরহানউদ্দিন'),
(387, 6, 51, 'চরফ্যাশন'),
(388, 6, 51, 'দৌলতখান'),
(389, 6, 51, 'মনপুরা'),
(390, 6, 51, 'তজুমদ্দিন'),
(391, 6, 51, 'লালমোহন'),
(392, 6, 52, 'আমতলী'),
(393, 6, 52, 'বরগুনা সদর'),
(394, 6, 52, 'বেতাগী'),
(395, 6, 52, 'বামনা'),
(396, 6, 52, 'পাথরঘাটা'),
(397, 6, 52, 'তালতলি'),
(398, 7, 53, 'রংপুর সদর'),
(399, 7, 53, 'গঙ্গাচড়া'),
(400, 7, 53, 'তারাগঞ্জ'),
(401, 7, 53, 'বদরগঞ্জ'),
(402, 7, 53, 'মিঠাপুকুর'),
(403, 7, 53, 'কাউনিয়া'),
(404, 7, 53, 'পীরগঞ্জ'),
(405, 7, 53, 'পীরগাছা'),
(406, 7, 54, 'লালমনিরহাট সদর'),
(407, 7, 54, 'আদিতমারী'),
(408, 7, 54, 'কালীগঞ্জ'),
(409, 7, 54, 'হাতীবান্ধা'),
(410, 7, 54, 'পাটগ্রাম'),
(411, 7, 55, 'পঞ্চগড় সদর'),
(412, 7, 55, 'দেবীগঞ্জ'),
(413, 7, 55, 'বোদা'),
(414, 7, 55, 'আটোয়ারী'),
(415, 7, 55, 'তেতুলিয়া'),
(416, 7, 56, 'কুড়িগ্রাম সদর'),
(417, 7, 56, 'নাগেশ্বরী'),
(418, 7, 56, 'ভুরুঙ্গামারী'),
(419, 7, 56, 'ফুলবাড়ী'),
(420, 7, 56, 'রাজারহাট'),
(421, 7, 56, 'উলিপুর'),
(422, 7, 56, 'চিলমারী'),
(423, 7, 56, 'রৌমারী'),
(424, 7, 56, 'চর রাজিবপুর'),
(425, 7, 57, 'নবাবগঞ্জ'),
(426, 7, 57, 'বীরগঞ্জ'),
(427, 7, 57, 'ঘোড়াঘাট'),
(428, 7, 57, 'বিরামপুর'),
(429, 7, 57, 'পার্বতীপুর'),
(430, 7, 57, 'বোচাগঞ্জ'),
(431, 7, 57, 'কাহারোল'),
(432, 7, 57, 'ফুলবাড়ী'),
(433, 7, 57, 'দিনাজপুর সদর'),
(434, 7, 57, 'হাকিমপুর'),
(435, 7, 57, 'খানসামা'),
(436, 7, 57, 'বিরল'),
(437, 7, 57, 'চিরিরবন্দর'),
(438, 7, 58, 'ঠাকুরগাঁও সদর'),
(439, 7, 58, 'পীরগঞ্জ'),
(440, 7, 58, 'রাণীশংকৈল'),
(441, 7, 58, 'হরিপুর'),
(442, 7, 58, 'বালিয়াডাঙ্গী'),
(443, 7, 59, 'সাদুল্লাপুর'),
(444, 7, 59, 'গাইবান্ধা সদর'),
(445, 7, 59, 'পলাশবাড়ী'),
(446, 7, 59, 'সাঘাটা'),
(447, 7, 59, 'গোবিন্দগঞ্জ'),
(448, 7, 59, 'সুন্দরগঞ্জ'),
(449, 7, 59, 'ফুলছড়ি'),
(450, 7, 60, 'সৈয়দপুর'),
(451, 7, 60, 'ডোমার'),
(452, 7, 60, 'ডিমলা'),
(453, 7, 60, 'জলঢাকা'),
(454, 7, 60, 'কিশোরগঞ্জ'),
(455, 7, 60, 'নীলফামারী সদর'),
(456, 8, 61, 'ফুলবাড়ীয়া '),
(457, 8, 61, 'ত্রিশাল'),
(458, 8, 61, 'ভালুকা'),
(459, 8, 61, 'মুক্তাগাছা'),
(460, 8, 61, 'ময়মনসিংহ সদর'),
(461, 8, 61, 'ধোবাউরা'),
(462, 8, 61, 'ফুলপুর'),
(463, 8, 61, 'হালুয়াঘাট'),
(464, 8, 61, 'গৌরীপুর'),
(465, 8, 61, 'গফরগাঁও'),
(466, 8, 61, 'ঈশ্বরগঞ্জ'),
(467, 8, 61, 'নান্দাইল'),
(468, 8, 61, 'তারাকান্দা'),
(469, 8, 62, 'জামালপুর সদর'),
(470, 8, 62, 'মেলান্দহ'),
(471, 8, 62, 'ইসলামপুর'),
(472, 8, 62, 'দেওয়ানগঞ্জ'),
(473, 8, 62, 'সরিষাবাড়ী'),
(474, 8, 62, 'মাদারগঞ্জ'),
(475, 8, 62, 'বকশীগঞ্জ'),
(476, 8, 63, 'বারহাট্টা'),
(477, 8, 63, 'দুর্গাপুর'),
(478, 8, 63, 'কেন্দুয়া'),
(479, 8, 63, 'আটপাড়া'),
(480, 8, 63, 'মদন'),
(481, 8, 63, 'খালিয়াজুরী'),
(482, 8, 63, 'কলমাকান্দা'),
(483, 8, 63, 'মোহনগঞ্জ'),
(484, 8, 63, 'পূর্বধলা'),
(485, 8, 63, 'নেত্রকোনা সদর'),
(486, 8, 64, 'শেরপুর সদর'),
(487, 8, 64, 'নালিতাবাড়ী'),
(488, 8, 64, 'শ্রীবরদী'),
(489, 8, 64, 'নকলা'),
(490, 8, 64, 'ঝিনাইগাতী'),
(491, 1, 1, 'ঢাকা মহানগর');

-- --------------------------------------------------------

--
-- Table structure for table `tbl_vaccine_list`
--

CREATE TABLE `tbl_vaccine_list` (
  `id` int(11) NOT NULL,
  `name` varchar(250) COLLATE utf8_bin NOT NULL,
  `type` varchar(250) COLLATE utf8_bin DEFAULT NULL COMMENT 'yrly, monthly, ondemand etc',
  `insert_by` int(11) NOT NULL,
  `insert_time` varchar(20) COLLATE utf8_bin NOT NULL DEFAULT '0000-00-00 00:00'
) ENGINE=InnoDB DEFAULT CHARSET=utf8 COLLATE=utf8_bin;

--
-- Dumping data for table `tbl_vaccine_list`
--

INSERT INTO `tbl_vaccine_list` (`id`, `name`, `type`, `insert_by`, `insert_time`) VALUES
(2, 'Infectious Bovine Rhinotracheitis', '0', 1, '2021-03-29 11:55'),
(3, ' Parainfluenza-3 Virus (Pl3)', 'yearly', 1, '2021-03-29 11:56'),
(4, 'Foot and Mouth Disease (FMD)', '0', 1, '2021-04-07 10:59'),
(5, 'IBR', '2', 1, '2021-04-07 11:00'),
(6, 'Foot and Mouth Disease (FMD', '0', 1, '2021-04-11 14:40'),
(7, ' Haemorrhagic Septicaemia (HS)', '0', 1, '2021-04-11 14:41');

-- --------------------------------------------------------

--
-- Table structure for table `tbl_zilla`
--

CREATE TABLE `tbl_zilla` (
  `id` int(11) NOT NULL,
  `divission_id` int(11) NOT NULL,
  `name` varchar(255) NOT NULL
) ENGINE=InnoDB DEFAULT CHARSET=utf8;

--
-- Dumping data for table `tbl_zilla`
--

INSERT INTO `tbl_zilla` (`id`, `divission_id`, `name`) VALUES
(1, 1, 'ঢাকা'),
(2, 1, 'গাজীপুর'),
(3, 1, 'টাঙ্গাইল'),
(4, 1, 'নারায়ণগঞ্জ'),
(5, 1, 'কিশোরগঞ্জ'),
(6, 1, 'নরসিংদী'),
(7, 1, 'রাজবাড়ী'),
(8, 1, 'ফরিদপুর'),
(9, 1, 'মাদারীপুর'),
(10, 1, 'গোপালগঞ্জ'),
(11, 1, 'মুন্সিগঞ্জ'),
(12, 1, 'মানিকগঞ্জ'),
(13, 1, 'শরীয়তপুর'),
(14, 2, 'রাজশাহী'),
(15, 2, 'সিরাজগঞ্জ'),
(16, 2, 'পাবনা'),
(17, 2, 'বগুড়া'),
(18, 2, 'চাঁপাইনবাবগঞ্জ'),
(19, 2, 'জয়পুরহাট'),
(20, 2, 'নওগাঁ'),
(21, 2, 'নাটোর'),
(22, 3, 'চট্টগ্রাম'),
(23, 3, 'কুমিল্লা'),
(24, 3, 'ফেনী'),
(25, 3, 'ব্রাহ্মণবাড়িয়া'),
(26, 3, 'রাঙ্গামাটি'),
(27, 3, 'চাঁদপুর'),
(28, 3, 'নোয়াখালী'),
(29, 3, 'লক্ষ্মীপুর'),
(30, 3, 'কক্সবাজার'),
(31, 3, 'খাগড়াছড়ি'),
(32, 3, 'বান্দরবান'),
(33, 4, 'সিলেট'),
(34, 4, 'মৌলভীবাজার'),
(35, 4, 'হবিগঞ্জ'),
(36, 4, 'সুনামগঞ্জ'),
(37, 5, 'খুলনা'),
(38, 5, 'যশোর'),
(39, 5, 'সাতক্ষীরা'),
(40, 5, 'মেহেরপুর'),
(41, 5, 'নড়াইল'),
(42, 5, 'চুয়াডাঙ্গা'),
(43, 5, 'মাগুড়া'),
(44, 5, 'বাগেরহাট'),
(45, 5, 'ঝিনাইদহ'),
(46, 5, 'কুষ্টিয়া'),
(47, 6, 'বরিশাল'),
(48, 6, 'ঝালকাঠি'),
(49, 6, 'পটুয়াখালী'),
(50, 6, 'পিরোজপুর'),
(51, 6, 'ভোলা'),
(52, 6, 'বরগুনা'),
(53, 7, 'রংপুর'),
(54, 7, 'লালমনিরহাট'),
(55, 7, 'পঞ্চগড়'),
(56, 7, 'কুড়িগ্রাম'),
(57, 7, 'দিনাজপুর'),
(58, 7, 'ঠাকুরগাঁও'),
(59, 7, 'গাইবান্ধা'),
(60, 7, 'নীলফামারী'),
(61, 8, 'ময়মনসিংহ'),
(62, 8, 'জামালপুর'),
(63, 8, 'নেত্রকোনা'),
(64, 8, 'শেরপুর');

-- --------------------------------------------------------

--
-- Table structure for table `user`
--

CREATE TABLE `user` (
  `id` int(11) NOT NULL,
  `firstname` text NOT NULL,
  `lastname` text NOT NULL,
  `username` varchar(10) NOT NULL,
  `email` varchar(200) NOT NULL,
  `password` text NOT NULL,
  `address` int(11) NOT NULL COMMENT 'thana id',
  `roadHouse` text NOT NULL,
  `phone` text NOT NULL,
  `userType` text NOT NULL,
  `photo` text CHARACTER SET utf8 COLLATE utf8_bin NOT NULL,
  `status` tinyint(1) NOT NULL DEFAULT 1 COMMENT '1 for active user, 0 for not active user',
  `emailVerified` tinyint(1) NOT NULL DEFAULT 0 COMMENT '1 for verify, 0 for not verify',
  `mobileVerified` tinyint(1) NOT NULL DEFAULT 0 COMMENT '1 for verify, 0 for not verify'
) ENGINE=InnoDB DEFAULT CHARSET=latin1;

--
-- Dumping data for table `user`
--

INSERT INTO `user` (`id`, `firstname`, `lastname`, `username`, `email`, `password`, `address`, `roadHouse`, `phone`, `userType`, `photo`, `status`, `emailVerified`, `mobileVerified`) VALUES
(1, 'Md Rayhanuzzaman', 'Roky', 'rzroky', 'rzroky@hrsoftbd.com', '7c4a8d09ca3762af61e59520943dc26494f8941b', 491, '12/6 solimullah road', '01709372481', 'admin', 'assets/userPhoto/IMG_20171229_212919_561.jpg', 1, 0, 0),
(3, 'Md.Rabiul', 'Alam', 'rabiul', 'rabiuls39@gmail.com', '547ade40ce5d27f3734d175b7a44c17ee3fb0447', 487, 'Polashikura', '01738244627', 'admin', 'assets/userPhoto/n_20190119114514.jpg', 1, 0, 0);

-- --------------------------------------------------------

--
-- Table structure for table `user_type`
--

CREATE TABLE `user_type` (
  `id` int(11) NOT NULL,
  `value` varchar(255) NOT NULL,
  `name` varchar(255) NOT NULL
) ENGINE=InnoDB DEFAULT CHARSET=latin1 COMMENT='types of user, each type has single controller';

--
-- Dumping data for table `user_type`
--

INSERT INTO `user_type` (`id`, `value`, `name`) VALUES
(2, 'user', 'User');

--
-- Indexes for dumped tables
--

--
-- Indexes for table `authors`
--
ALTER TABLE `authors`
  ADD PRIMARY KEY (`id`),
  ADD UNIQUE KEY `email` (`email`);

--
-- Indexes for table `log_status`
--
ALTER TABLE `log_status`
  ADD PRIMARY KEY (`id`);

--
-- Indexes for table `password_recovery`
--
ALTER TABLE `password_recovery`
  ADD PRIMARY KEY (`id`);

--
-- Indexes for table `tbl_accounts`
--
ALTER TABLE `tbl_accounts`
  ADD PRIMARY KEY (`id`);

--
-- Indexes for table `tbl_account_head`
--
ALTER TABLE `tbl_account_head`
  ADD PRIMARY KEY (`id`);

--
-- Indexes for table `tbl_articles`
--
ALTER TABLE `tbl_articles`
  ADD PRIMARY KEY (`id`);

--
-- Indexes for table `tbl_cashidwithdrawjoin`
--
ALTER TABLE `tbl_cashidwithdrawjoin`
  ADD PRIMARY KEY (`id`);

--
-- Indexes for table `tbl_cow_details`
--
ALTER TABLE `tbl_cow_details`
  ADD PRIMARY KEY (`id`);

--
-- Indexes for table `tbl_cow_feeds`
--
ALTER TABLE `tbl_cow_feeds`
  ADD PRIMARY KEY (`id`);

--
-- Indexes for table `tbl_cow_health_test`
--
ALTER TABLE `tbl_cow_health_test`
  ADD PRIMARY KEY (`id`);

--
-- Indexes for table `tbl_cow_milk_collection`
--
ALTER TABLE `tbl_cow_milk_collection`
  ADD PRIMARY KEY (`id`);

--
-- Indexes for table `tbl_cow_milk_target`
--
ALTER TABLE `tbl_cow_milk_target`
  ADD PRIMARY KEY (`id`);

--
-- Indexes for table `tbl_cow_pregnancy`
--
ALTER TABLE `tbl_cow_pregnancy`
  ADD PRIMARY KEY (`id`);

--
-- Indexes for table `tbl_cow_type`
--
ALTER TABLE `tbl_cow_type`
  ADD PRIMARY KEY (`id`);

--
-- Indexes for table `tbl_cow_vaccine`
--
ALTER TABLE `tbl_cow_vaccine`
  ADD PRIMARY KEY (`id`);

--
-- Indexes for table `tbl_divission`
--
ALTER TABLE `tbl_divission`
  ADD PRIMARY KEY (`id`);

--
-- Indexes for table `tbl_employee`
--
ALTER TABLE `tbl_employee`
  ADD PRIMARY KEY (`id`);

--
-- Indexes for table `tbl_mail_send_setting`
--
ALTER TABLE `tbl_mail_send_setting`
  ADD PRIMARY KEY (`id`);

--
-- Indexes for table `tbl_project`
--
ALTER TABLE `tbl_project`
  ADD PRIMARY KEY (`id`);

--
-- Indexes for table `tbl_salary`
--
ALTER TABLE `tbl_salary`
  ADD PRIMARY KEY (`id`);

--
-- Indexes for table `tbl_serialgenerate`
--
ALTER TABLE `tbl_serialgenerate`
  ADD PRIMARY KEY (`id`);

--
-- Indexes for table `tbl_upozilla`
--
ALTER TABLE `tbl_upozilla`
  ADD PRIMARY KEY (`id`);

--
-- Indexes for table `tbl_vaccine_list`
--
ALTER TABLE `tbl_vaccine_list`
  ADD PRIMARY KEY (`id`);

--
-- Indexes for table `tbl_zilla`
--
ALTER TABLE `tbl_zilla`
  ADD PRIMARY KEY (`id`);

--
-- Indexes for table `user`
--
ALTER TABLE `user`
  ADD PRIMARY KEY (`id`),
  ADD UNIQUE KEY `username` (`username`,`email`);

--
-- Indexes for table `user_type`
--
ALTER TABLE `user_type`
  ADD PRIMARY KEY (`id`);

--
-- AUTO_INCREMENT for dumped tables
--

--
-- AUTO_INCREMENT for table `authors`
--
ALTER TABLE `authors`
  MODIFY `id` int(11) NOT NULL AUTO_INCREMENT, AUTO_INCREMENT=101;

--
-- AUTO_INCREMENT for table `log_status`
--
ALTER TABLE `log_status`
  MODIFY `id` int(11) NOT NULL AUTO_INCREMENT;

--
-- AUTO_INCREMENT for table `password_recovery`
--
ALTER TABLE `password_recovery`
  MODIFY `id` int(11) NOT NULL AUTO_INCREMENT, AUTO_INCREMENT=4;

--
-- AUTO_INCREMENT for table `tbl_accounts`
--
ALTER TABLE `tbl_accounts`
  MODIFY `id` int(11) NOT NULL AUTO_INCREMENT, AUTO_INCREMENT=2366;

--
-- AUTO_INCREMENT for table `tbl_account_head`
--
ALTER TABLE `tbl_account_head`
  MODIFY `id` int(11) NOT NULL AUTO_INCREMENT, AUTO_INCREMENT=114;

--
-- AUTO_INCREMENT for table `tbl_articles`
--
ALTER TABLE `tbl_articles`
  MODIFY `id` int(11) NOT NULL AUTO_INCREMENT, AUTO_INCREMENT=4;

--
-- AUTO_INCREMENT for table `tbl_cashidwithdrawjoin`
--
ALTER TABLE `tbl_cashidwithdrawjoin`
  MODIFY `id` int(11) NOT NULL AUTO_INCREMENT, AUTO_INCREMENT=17;

--
-- AUTO_INCREMENT for table `tbl_cow_details`
--
ALTER TABLE `tbl_cow_details`
  MODIFY `id` int(11) NOT NULL AUTO_INCREMENT, AUTO_INCREMENT=14;

--
-- AUTO_INCREMENT for table `tbl_cow_feeds`
--
ALTER TABLE `tbl_cow_feeds`
  MODIFY `id` int(11) NOT NULL AUTO_INCREMENT, AUTO_INCREMENT=8;

--
-- AUTO_INCREMENT for table `tbl_cow_health_test`
--
ALTER TABLE `tbl_cow_health_test`
  MODIFY `id` int(11) NOT NULL AUTO_INCREMENT, AUTO_INCREMENT=43;

--
-- AUTO_INCREMENT for table `tbl_cow_milk_collection`
--
ALTER TABLE `tbl_cow_milk_collection`
  MODIFY `id` int(11) NOT NULL AUTO_INCREMENT, AUTO_INCREMENT=98;

--
-- AUTO_INCREMENT for table `tbl_cow_milk_target`
--
ALTER TABLE `tbl_cow_milk_target`
  MODIFY `id` int(11) NOT NULL AUTO_INCREMENT, AUTO_INCREMENT=86;

--
-- AUTO_INCREMENT for table `tbl_cow_pregnancy`
--
ALTER TABLE `tbl_cow_pregnancy`
  MODIFY `id` int(11) NOT NULL AUTO_INCREMENT, AUTO_INCREMENT=15;

--
-- AUTO_INCREMENT for table `tbl_cow_type`
--
ALTER TABLE `tbl_cow_type`
  MODIFY `id` int(11) NOT NULL AUTO_INCREMENT, AUTO_INCREMENT=9;

--
-- AUTO_INCREMENT for table `tbl_cow_vaccine`
--
ALTER TABLE `tbl_cow_vaccine`
  MODIFY `id` int(11) NOT NULL AUTO_INCREMENT, AUTO_INCREMENT=32;

--
-- AUTO_INCREMENT for table `tbl_divission`
--
ALTER TABLE `tbl_divission`
  MODIFY `id` int(11) NOT NULL AUTO_INCREMENT, AUTO_INCREMENT=9;

--
-- AUTO_INCREMENT for table `tbl_employee`
--
ALTER TABLE `tbl_employee`
  MODIFY `id` int(11) NOT NULL AUTO_INCREMENT, AUTO_INCREMENT=2;

--
-- AUTO_INCREMENT for table `tbl_mail_send_setting`
--
ALTER TABLE `tbl_mail_send_setting`
  MODIFY `id` int(11) NOT NULL AUTO_INCREMENT, AUTO_INCREMENT=9;

--
-- AUTO_INCREMENT for table `tbl_project`
--
ALTER TABLE `tbl_project`
  MODIFY `id` int(11) NOT NULL AUTO_INCREMENT, AUTO_INCREMENT=21;

--
-- AUTO_INCREMENT for table `tbl_salary`
--
ALTER TABLE `tbl_salary`
  MODIFY `id` int(11) NOT NULL AUTO_INCREMENT, AUTO_INCREMENT=2;

--
-- AUTO_INCREMENT for table `tbl_serialgenerate`
--
ALTER TABLE `tbl_serialgenerate`
  MODIFY `id` int(11) NOT NULL AUTO_INCREMENT, AUTO_INCREMENT=349;

--
-- AUTO_INCREMENT for table `tbl_upozilla`
--
ALTER TABLE `tbl_upozilla`
  MODIFY `id` int(11) NOT NULL AUTO_INCREMENT, AUTO_INCREMENT=492;

--
-- AUTO_INCREMENT for table `tbl_vaccine_list`
--
ALTER TABLE `tbl_vaccine_list`
  MODIFY `id` int(11) NOT NULL AUTO_INCREMENT, AUTO_INCREMENT=9;

--
-- AUTO_INCREMENT for table `tbl_zilla`
--
ALTER TABLE `tbl_zilla`
  MODIFY `id` int(11) NOT NULL AUTO_INCREMENT, AUTO_INCREMENT=65;

--
-- AUTO_INCREMENT for table `user`
--
ALTER TABLE `user`
  MODIFY `id` int(11) NOT NULL AUTO_INCREMENT, AUTO_INCREMENT=4;

--
-- AUTO_INCREMENT for table `user_type`
--
ALTER TABLE `user_type`
  MODIFY `id` int(11) NOT NULL AUTO_INCREMENT, AUTO_INCREMENT=3;
COMMIT;

/*!40101 SET CHARACTER_SET_CLIENT=@OLD_CHARACTER_SET_CLIENT */;
/*!40101 SET CHARACTER_SET_RESULTS=@OLD_CHARACTER_SET_RESULTS */;
/*!40101 SET COLLATION_CONNECTION=@OLD_COLLATION_CONNECTION */;
